variant_id,gene_symbol,chr,pos_hg19,pos_hg38,eqtl_ref,eqtl_alt,eqtl_pval,eqtl_slope,slope_se,eqtl_maf,tissue,CHR,SNP,BP,A1,A2,INFO,OR,SE,P,MAF,pos,allele_match,direction,OR_aligned,BETA_aligned,eqtl_slope_aligned
chr12_1450382_G_A_b38,CACNA1C,12,1559548,1450382,G,A,2.45124e-05,-1.13468,0.259606,0.0342857,Cerebellar Hemisphere,12,rs117024820,1559548,A,G,0.946,0.93679,0.0385,0.08982,0.1,1559548,direct,1,0.93679,-0.06529614139266614,-1.13468
chr12_2183524_G_A_b38,CACNA1C,12,2292690,2183524,G,A,2.83928e-06,-0.472111,0.0965767,0.328571,Cerebellar Hemisphere,12,rs10774030,2292690,A,G,0.963,0.96851,0.0144,0.02637,0.1,2292690,direct,1,0.96851,-0.031996470943166905,-0.472111
chr12_2185097_A_G_b38,CACNA1C,12,2294263,2185097,A,G,3.4292e-06,-0.455771,0.0940791,0.368571,Cerebellar Hemisphere,12,rs758171,2294263,A,G,0.963,1.03252,0.0144,0.02616,0.1,2294263,flipped,-1,0.9685042420485801,-0.03200241612549436,0.455771
chr12_2187528_G_GT_b38,CACNA1C,12,2296694,2187528,G,GT,1.79998e-05,-0.405462,0.0911696,0.391429,Cerebellar Hemisphere,12,rs71441679,2296694,G,GT,0.955,1.03946,0.0144,0.007263,0.1,2296694,flipped,-1,0.9620379812595001,-0.038701347537074895,0.405462
chr12_2188187_C_T_b38,CACNA1C,12,2297353,2188187,C,T,3.71342e-09,-0.54933,0.0870534,0.337143,Cerebellar Hemisphere,12,rs11062145,2297353,T,C,0.984,0.9659,0.0143,0.01479,0.1,2297353,direct,1,0.9659,-0.034694969796886854,-0.54933
chr12_2188364_A_ACT_b38,CACNA1C,12,2297530,2188364,A,ACT,1.3526e-05,-0.382982,0.0847793,0.474286,Cerebellar Hemisphere,12,rs35848523,2297530,A,ACT,0.979,1.03552,0.014,0.01252,0.1,2297530,flipped,-1,0.965698393077874,-0.034903716007880434,0.382982
chr12_2188830_C_G_b38,CACNA1C,12,2297996,2188830,C,G,1.94929e-08,-0.525799,0.088026,0.328571,Cerebellar Hemisphere,12,rs11062146,2297996,C,G,0.986,1.03262,0.0142,0.02405,0.1,2297996,flipped,-1,0.968410451085588,-0.032099261859999666,0.525799
chr12_2188906_T_C_b38,CACNA1C,12,2298072,2188906,T,C,6.20472e-09,-0.538838,0.0868123,0.34,Cerebellar Hemisphere,12,rs11062147,2298072,T,C,0.986,1.03303,0.0142,0.02242,0.1,2298072,flipped,-1,0.9680260979836017,-0.0324962313421326,0.538838
chr12_2188919_C_T_b38,CACNA1C,12,2298085,2188919,C,T,6.20472e-09,-0.538838,0.0868123,0.34,Cerebellar Hemisphere,12,rs11062148,2298085,T,C,0.986,0.96802,0.0142,0.02242,0.1,2298085,direct,1,0.96802,-0.03250253076197401,-0.538838
chr12_2189132_C_T_b38,CACNA1C,12,2298298,2189132,C,T,2.91971e-08,-0.504351,0.0856343,0.354286,Cerebellar Hemisphere,12,rs10744559,2298298,T,C,0.987,0.96773,0.0142,0.02132,0.1,2298298,direct,1,0.96773,-0.032802156232380406,-0.504351
chr12_2189558_T_C_b38,CACNA1C,12,2298724,2189558,T,C,9.22284e-09,-0.533555,0.0870892,0.337143,Cerebellar Hemisphere,12,rs2283287,2298724,T,C,0.989,1.03283,0.0142,0.02321,0.1,2298724,flipped,-1,0.9682135491804074,-0.03230260737862606,0.533555
chr12_2189808_AG_A_b38,CACNA1C,12,2298974,2189808,AG,A,6.79819e-08,-0.504193,0.0882614,0.374269,Cerebellar Hemisphere,12,rs60033413,2298974,A,AG,0.988,0.97229,0.0142,0.04798,0.1,2298974,direct,1,0.97229,-0.02810116511090993,-0.504193
chr12_2189882_C_T_b38,CACNA1C,12,2299048,2189882,C,T,2.15505e-08,-0.521957,0.0876869,0.331429,Cerebellar Hemisphere,12,rs2283288,2299048,T,C,0.99,0.96802,0.0142,0.02246,0.1,2299048,direct,1,0.96802,-0.03250253076197401,-0.521957
chr12_2190657_C_T_b38,CACNA1C,12,2299823,2190657,C,T,9.22284e-09,-0.533555,0.0870892,0.337143,Cerebellar Hemisphere,12,rs2238045,2299823,T,C,0.991,0.96851,0.0142,0.02444,0.1,2299823,direct,1,0.96851,-0.031996470943166905,-0.533555
chr12_2190832_A_C_b38,CACNA1C,12,2299998,2190832,A,C,1.14508e-08,-0.531953,0.0874575,0.34,Cerebellar Hemisphere,12,rs2238046,2299998,A,C,0.992,1.03231,0.0142,0.02548,0.1,2299998,flipped,-1,0.9687012622177447,-0.03179900954894899,0.531953
chr12_2190842_A_G_b38,CACNA1C,12,2300008,2190842,A,G,1.14508e-08,-0.531953,0.0874575,0.34,Cerebellar Hemisphere,12,rs2238047,2300008,A,G,0.992,1.03231,0.0142,0.02548,0.1,2300008,flipped,-1,0.9687012622177447,-0.03179900954894899,0.531953
chr12_2191041_A_G_b38,CACNA1C,12,2300207,2191041,A,G,1.14508e-08,-0.531953,0.0874575,0.34,Cerebellar Hemisphere,12,rs2238048,2300207,A,G,0.988,1.03138,0.0142,0.0301,0.1,2300207,flipped,-1,0.9695747445170548,-0.03089771132784375,0.531953
chr12_2191441_G_C_b38,CACNA1C,12,2300607,2191441,G,C,9.22284e-09,-0.533555,0.0870892,0.337143,Cerebellar Hemisphere,12,rs11614764,2300607,C,G,0.988,0.97122,0.0142,0.04062,0.1,2300607,direct,1,0.97122,-0.029202265808212963,-0.533555
chr12_2194430_GC_G_b38,CACNA1C,12,2303596,2194430,GC,G,9.22284e-09,-0.533555,0.0870892,0.337143,Cerebellar Hemisphere,12,rs34167706,2303596,G,GC,0.992,0.96793,0.0142,0.02208,0.1,2303596,direct,1,0.96793,-0.0325955083699338,-0.533555
chr12_2195191_C_T_b38,CACNA1C,12,2304357,2195191,C,T,1.49785e-08,-0.523952,0.086928,0.334286,Cerebellar Hemisphere,12,rs2239018,2304357,T,C,0.992,0.96773,0.0142,0.02119,0.1,2304357,direct,1,0.96773,-0.032802156232380406,-0.523952
chr12_2196962_A_G_b38,CACNA1C,12,2306128,2196962,A,G,2.07727e-08,-0.513935,0.0862292,0.388571,Cerebellar Hemisphere,12,rs2238049,2306128,A,G,0.99,1.03025,0.0142,0.03614,0.1,2306128,flipped,-1,0.9706381946129579,-0.029801491236789785,0.513935
chr12_2197541_G_A_b38,CACNA1C,12,2306707,2197541,G,A,3.0847e-08,-0.508065,0.0864327,0.38,Cerebellar Hemisphere,12,rs2238050,2306707,A,G,0.992,0.97045,0.0142,0.03403,0.1,2306707,direct,1,0.97045,-0.029995397535400887,-0.508065
chr12_2198130_G_A_b38,CACNA1C,12,2307296,2198130,G,A,9.22284e-09,-0.533555,0.0870892,0.337143,Cerebellar Hemisphere,12,rs2238052,2307296,A,G,0.99,0.96851,0.0143,0.02499,0.1,2307296,direct,1,0.96851,-0.031996470943166905,-0.533555
chr12_2199857_G_A_b38,CACNA1C,12,2309023,2199857,G,A,1.14508e-08,-0.531953,0.0874575,0.34,Cerebellar Hemisphere,12,rs2098013,2309023,A,G,0.996,0.96967,0.0142,0.02987,0.1,2309023,direct,1,0.96967,-0.030799471553528406,-0.531953
chr12_2200227_T_C_b38,CACNA1C,12,2309393,2200227,T,C,1.14508e-08,-0.531953,0.0874575,0.34,Cerebellar Hemisphere,12,rs10774032,2309393,T,C,0.996,1.03138,0.0142,0.02934,0.1,2309393,flipped,-1,0.9695747445170548,-0.03089771132784375,0.531953
chr12_2200698_C_T_b38,CACNA1C,12,2309864,2200698,C,T,1.14508e-08,-0.531953,0.0874575,0.34,Cerebellar Hemisphere,12,rs10459125,2309864,T,C,0.995,0.9688,0.0142,0.0254,0.1,2309864,direct,1,0.9688,-0.03169708674325456,-0.531953
chr12_2201144_G_T_b38,CACNA1C,12,2310310,2201144,G,T,2.67468e-08,-0.520161,0.0880466,0.334286,Cerebellar Hemisphere,12,rs2239019,2310310,T,G,0.996,0.96948,0.0142,0.02883,0.1,2310310,direct,1,0.96948,-0.0309954337025195,-0.520161
chr12_2201286_A_G_b38,CACNA1C,12,2310452,2201286,A,G,1.14508e-08,-0.531953,0.0874575,0.34,Cerebellar Hemisphere,12,rs2239020,2310452,A,G,0.996,1.03118,0.0142,0.03014,0.1,2310452,flipped,-1,0.9697627960200935,-0.030703777575005708,0.531953
chr12_2201363_C_T_b38,CACNA1C,12,2310529,2201363,C,T,1.14508e-08,-0.531953,0.0874575,0.34,Cerebellar Hemisphere,12,rs2239021,2310529,T,C,0.996,0.96986,0.0142,0.0307,0.1,2310529,direct,1,0.96986,-0.030603547798177567,-0.531953
chr12_2201385_G_A_b38,CACNA1C,12,2310551,2201385,G,A,1.14508e-08,-0.531953,0.0874575,0.34,Cerebellar Hemisphere,12,rs2239022,2310551,A,G,0.996,0.96986,0.0142,0.0307,0.1,2310551,direct,1,0.96986,-0.030603547798177567,-0.531953
chr12_2201450_A_G_b38,CACNA1C,12,2310616,2201450,A,G,1.14508e-08,-0.531953,0.0874575,0.34,Cerebellar Hemisphere,12,rs2239023,2310616,A,G,0.995,1.03118,0.0142,0.03031,0.1,2310616,flipped,-1,0.9697627960200935,-0.030703777575005708,0.531953
chr12_2202147_C_T_b38,CACNA1C,12,2311313,2202147,C,T,1.14508e-08,-0.531953,0.0874575,0.34,Cerebellar Hemisphere,12,rs2239024,2311313,T,C,0.996,0.96977,0.0142,0.03054,0.1,2311313,direct,1,0.96977,-0.030696349002597614,-0.531953
chr12_2202670_A_T_b38,CACNA1C,12,2311836,2202670,A,T,4.38313e-06,-0.394298,0.0823667,0.474286,Cerebellar Hemisphere,12,rs1860056,2311836,A,T,0.992,1.03169,0.0139,0.02456,0.1,2311836,flipped,-1,0.969283408775892,-0.03119823433708061,0.394298
chr12_2203116_A_G_b38,CACNA1C,12,2312282,2203116,A,G,1.14508e-08,-0.531953,0.0874575,0.34,Cerebellar Hemisphere,12,rs2239025,2312282,A,G,0.995,1.03138,0.0142,0.02936,0.1,2312282,flipped,-1,0.9695747445170548,-0.03089771132784375,0.531953
chr12_2203125_C_T_b38,CACNA1C,12,2312291,2203125,C,T,1.14508e-08,-0.531953,0.0874575,0.34,Cerebellar Hemisphere,12,rs2239026,2312291,T,C,0.995,0.96957,0.0142,0.02935,0.1,2312291,direct,1,0.96957,-0.030902604739816462,-0.531953
chr12_2203135_A_C_b38,CACNA1C,12,2312301,2203135,A,C,1.14508e-08,-0.531953,0.0874575,0.34,Cerebellar Hemisphere,12,rs2239027,2312301,A,C,0.995,1.03138,0.0142,0.02936,0.1,2312301,flipped,-1,0.9695747445170548,-0.03089771132784375,0.531953
chr12_2203242_A_G_b38,CACNA1C,12,2312408,2203242,A,G,1.14508e-08,-0.531953,0.0874575,0.34,Cerebellar Hemisphere,12,rs10848627,2312408,A,G,0.996,1.03076,0.0142,0.03237,0.1,2312408,flipped,-1,0.9701579417129109,-0.030296394231349996,0.531953
chr12_2203323_T_C_b38,CACNA1C,12,2312489,2203323,T,C,1.14508e-08,-0.531953,0.0874575,0.34,Cerebellar Hemisphere,12,rs10848628,2312489,T,C,0.996,1.03045,0.0142,0.03443,0.1,2312489,flipped,-1,0.9704498034839147,-0.029995600035380505,0.531953
chr12_2203454_A_C_b38,CACNA1C,12,2312620,2203454,A,C,1.14508e-08,-0.531953,0.0874575,0.34,Cerebellar Hemisphere,12,rs12422554,2312620,A,C,0.995,1.03159,0.0142,0.02831,0.1,2312620,flipped,-1,0.9693773689159453,-0.031101301298347827,0.531953
chr12_2203654_A_C_b38,CACNA1C,12,2312820,2203654,A,C,1.14508e-08,-0.531953,0.0874575,0.34,Cerebellar Hemisphere,12,rs4765667,2312820,A,C,0.987,1.02819,0.0143,0.05122,0.1,2312820,flipped,-1,0.972582888376662,-0.027799974857678968,0.531953
chr12_2203655_G_A_b38,CACNA1C,12,2312821,2203655,G,A,1.14508e-08,-0.531953,0.0874575,0.34,Cerebellar Hemisphere,12,rs75849460,2312821,A,G,0.987,0.97258,0.0143,0.05122,0.1,2312821,direct,1,0.97258,-0.027802944662088894,-0.531953
chr12_2203660_A_G_b38,CACNA1C,12,2312826,2203660,A,G,1.14508e-08,-0.531953,0.0874575,0.34,Cerebellar Hemisphere,12,rs4765668,2312826,A,G,0.995,1.03035,0.0142,0.0352,0.1,2312826,flipped,-1,0.9705439899063424,-0.02989855034586335,0.531953
chr12_2203731_C_T_b38,CACNA1C,12,2312897,2203731,C,T,1.14508e-08,-0.531953,0.0874575,0.34,Cerebellar Hemisphere,12,rs10848629,2312897,T,C,0.996,0.96967,0.0142,0.02965,0.1,2312897,direct,1,0.96967,-0.030799471553528406,-0.531953
chr12_2203799_G_A_b38,CACNA1C,12,2312965,2203799,G,A,1.14508e-08,-0.531953,0.0874575,0.34,Cerebellar Hemisphere,12,rs4765902,2312965,A,G,0.994,0.97054,0.0142,0.03507,0.1,2312965,direct,1,0.97054,-0.029902661354313482,-0.531953
chr12_2203945_A_G_b38,CACNA1C,12,2313111,2203945,A,G,1.14508e-08,-0.531953,0.0874575,0.34,Cerebellar Hemisphere,12,rs4765669,2313111,A,G,0.996,1.03066,0.0142,0.03294,0.1,2313111,flipped,-1,0.9702520714881727,-0.030199373730842163,0.531953
chr12_2203960_A_G_b38,CACNA1C,12,2313126,2203960,A,G,1.14508e-08,-0.531953,0.0874575,0.34,Cerebellar Hemisphere,12,rs4765670,2313126,A,G,0.996,1.03066,0.0142,0.03341,0.1,2313126,flipped,-1,0.9702520714881727,-0.030199373730842163,0.531953
chr12_2204137_C_T_b38,CACNA1C,12,2313303,2204137,C,T,5.93026e-08,-0.498904,0.0868971,0.382857,Cerebellar Hemisphere,12,rs4765671,2313303,T,C,0.995,0.97258,0.0142,0.04917,0.1,2313303,direct,1,0.97258,-0.027802944662088894,-0.498904
chr12_2204443_A_G_b38,CACNA1C,12,2313609,2204443,A,G,1.14508e-08,-0.531953,0.0874575,0.34,Cerebellar Hemisphere,12,rs4765672,2313609,A,G,0.93,1.03365,0.015,0.02752,0.1,2313609,flipped,-1,0.9674454602621778,-0.03309622748918955,0.531953
chr12_2205153_A_C_b38,CACNA1C,12,2314319,2205153,A,C,1.94641e-05,-0.373561,0.0843629,0.477143,Cerebellar Hemisphere,12,rs12423277,2314319,A,C,0.992,1.03169,0.0139,0.0247,0.1,2314319,flipped,-1,0.969283408775892,-0.03119823433708061,0.373561
chr12_2205260_C_T_b38,CACNA1C,12,2314426,2205260,C,T,1.14508e-08,-0.531953,0.0874575,0.34,Cerebellar Hemisphere,12,rs10774033,2314426,T,C,0.996,0.97025,0.0142,0.03326,0.1,2314426,direct,1,0.97025,-0.03020150873312142,-0.531953
chr12_2205659_G_A_b38,CACNA1C,12,2314825,2205659,G,A,1.88014e-08,-0.521908,0.0872658,0.337143,Cerebellar Hemisphere,12,rs10848631,2314825,A,G,0.997,0.97103,0.0142,0.03788,0.1,2314825,direct,1,0.97103,-0.02939791518456112,-0.521908
chr12_2205831_T_A_b38,CACNA1C,12,2314997,2205831,T,A,1.14508e-08,-0.531953,0.0874575,0.34,Cerebellar Hemisphere,12,rs758172,2314997,A,T,0.997,0.97093,0.0142,0.03773,0.1,2314997,direct,1,0.97093,-0.029500903917684746,-0.531953
chr12_2206062_G_A_b38,CACNA1C,12,2315228,2206062,G,A,1.14508e-08,-0.531953,0.0874575,0.34,Cerebellar Hemisphere,12,rs758173,2315228,A,G,0.997,0.97113,0.0142,0.03902,0.1,2315228,direct,1,0.97113,-0.029294937057024285,-0.531953
chr12_2206540_T_C_b38,CACNA1C,12,2315706,2206540,T,C,1.14508e-08,-0.531953,0.0874575,0.34,Cerebellar Hemisphere,12,rs758174,2315706,T,C,0.998,1.02953,0.0142,0.04038,0.1,2315706,flipped,-1,0.9713170087321399,-0.029102387420532883,0.531953
chr12_2206827_C_T_b38,CACNA1C,12,2315993,2206827,C,T,1.14508e-08,-0.531953,0.0874575,0.34,Cerebellar Hemisphere,12,rs10848632,2315993,T,C,0.999,0.97171,0.0142,0.04287,0.1,2315993,direct,1,0.97171,-0.028697872947545326,-0.531953
chr12_2206853_A_G_b38,CACNA1C,12,2316019,2206853,A,G,1.14508e-08,-0.531953,0.0874575,0.34,Cerebellar Hemisphere,12,rs10848633,2316019,A,G,0.999,1.02912,0.0142,0.04287,0.1,2316019,flipped,-1,0.9717039800995024,-0.02870406812835515,0.531953
chr12_2206961_T_C_b38,CACNA1C,12,2316127,2206961,T,C,1.14508e-08,-0.531953,0.0874575,0.34,Cerebellar Hemisphere,12,rs10848634,2316127,T,C,1.0,1.02891,0.0142,0.04453,0.1,2316127,flipped,-1,0.9719023043803637,-0.028499989469901302,0.531953
chr12_2207029_T_A_b38,CACNA1C,12,2316195,2207029,T,A,1.14508e-08,-0.531953,0.0874575,0.34,Cerebellar Hemisphere,12,rs10848635,2316195,A,T,1.0,0.9719,0.0142,0.04418,0.1,2316195,direct,1,0.9719,-0.02850236047271215,-0.531953
chr12_2207327_G_T_b38,CACNA1C,12,2316493,2207327,G,T,1.14508e-08,-0.531953,0.0874575,0.34,Cerebellar Hemisphere,12,rs10848636,2316493,T,G,1.0,0.97181,0.0142,0.04362,0.1,2316493,direct,1,0.97181,-0.028594966880112795,-0.531953
chr12_2207388_C_A_b38,CACNA1C,12,2316554,2207388,C,A,1.14508e-08,-0.531953,0.0874575,0.34,Cerebellar Hemisphere,12,rs10848637,2316554,A,C,1.0,0.9719,0.0142,0.04438,0.1,2316554,direct,1,0.9719,-0.02850236047271215,-0.531953
chr12_2207844_C_A_b38,CACNA1C,12,2317010,2207844,C,A,1.14508e-08,-0.531953,0.0874575,0.34,Cerebellar Hemisphere,12,rs79475344,2317010,A,C,1.0,0.9719,0.0142,0.04438,0.1,2317010,direct,1,0.9719,-0.02850236047271215,-0.531953
chr12_2207930_T_C_b38,CACNA1C,12,2317096,2207930,T,C,2.42636e-08,-0.523956,0.0883869,0.331429,Cerebellar Hemisphere,12,rs2238053,2317096,T,C,0.997,1.02932,0.0142,0.04165,0.1,2317096,flipped,-1,0.9715151750670346,-0.028898390042648818,0.523956
chr12_2208357_G_A_b38,CACNA1C,12,2317523,2208357,G,A,1.14508e-08,-0.531953,0.0874575,0.34,Cerebellar Hemisphere,12,rs11062156,2317523,A,G,0.998,0.97181,0.0142,0.04362,0.1,2317523,direct,1,0.97181,-0.028594966880112795,-0.531953
chr12_2208478_T_C_b38,CACNA1C,12,2317644,2208478,T,C,1.14508e-08,-0.531953,0.0874575,0.34,Cerebellar Hemisphere,12,rs2238054,2317644,T,C,1.0,1.02901,0.0142,0.04358,0.1,2317644,flipped,-1,0.9718078541510773,-0.028597174977674878,0.531953
chr12_2212654_T_A_b38,CACNA1C,12,2321820,2212654,T,A,2.66492e-05,-0.411685,0.0946425,0.242857,Cerebellar Hemisphere,12,rs11062157,2321820,A,T,0.964,0.97414,0.0152,0.08399,0.1,2321820,direct,1,0.97414,-0.02620024850247422,-0.411685
chr12_2212702_A_T_b38,CACNA1C,12,2321868,2212702,A,T,9.3695e-08,-0.466362,0.0826228,0.414286,Cerebellar Hemisphere,12,rs1016388,2321868,A,T,0.996,1.03417,0.0139,0.01578,0.1,2321868,flipped,-1,0.9669590106075403,-0.0335991726304121,0.466362
chr12_2213347_A_G_b38,CACNA1C,12,2322513,2213347,A,G,4.41242e-09,-0.548457,0.0873945,0.308571,Cerebellar Hemisphere,12,rs12424245,2322513,A,G,0.992,1.03097,0.0145,0.03464,0.1,2322513,flipped,-1,0.9699603286225594,-0.030500106648326294,0.548457
chr12_2217058_G_A_b38,CACNA1C,12,2326224,2217058,G,A,1.93171e-09,-0.557061,0.0864918,0.317143,Cerebellar Hemisphere,12,rs11062159,2326224,A,G,0.992,0.97113,0.0145,0.04238,0.1,2326224,direct,1,0.97113,-0.029294937057024285,-0.557061
chr12_2218778_T_C_b38,CACNA1C,12,2327944,2218778,T,C,3.67887e-06,-0.399527,0.0827495,0.48,Cerebellar Hemisphere,12,rs2238056,2327944,T,C,0.995,1.03045,0.0139,0.03042,0.1,2327944,flipped,-1,0.9704498034839147,-0.029995600035380505,0.399527
chr12_2220804_T_C_b38,CACNA1C,12,2329970,2220804,T,C,2.52709e-08,-0.486541,0.0821922,0.354286,Cerebellar Hemisphere,12,rs11062161,2329970,T,C,0.991,1.03469,0.0141,0.01545,0.1,2329970,flipped,-1,0.9664730498990035,-0.034101864944972186,0.486541
chr12_2221292_C_T_b38,CACNA1C,12,2330458,2221292,C,T,1.89824e-08,-0.50264,0.0840719,0.348571,Cerebellar Hemisphere,12,rs10774034,2330458,T,C,0.993,0.96696,0.0141,0.0172,0.1,2330458,direct,1,0.96696,-0.03359814943093549,-0.50264
chr12_2221978_C_A_b38,CACNA1C,12,2331144,2221978,C,A,3.62034e-08,-0.507347,0.0868031,0.342857,Cerebellar Hemisphere,12,rs3922316,2331144,A,C,0.994,0.97365,0.0144,0.06272,0.1,2331144,direct,1,0.97365,-0.026703382834549764,-0.507347
chr12_2222026_G_T_b38,CACNA1C,12,2331192,2222026,G,T,6.34305e-08,-0.499105,0.0871475,0.34,Cerebellar Hemisphere,12,rs2190771,2331192,T,G,0.994,0.97365,0.0144,0.06323,0.1,2331192,direct,1,0.97365,-0.026703382834549764,-0.499105
chr12_2222406_A_G_b38,CACNA1C,12,2331572,2222406,A,G,6.82062e-08,-0.493839,0.0864594,0.342857,Cerebellar Hemisphere,12,rs10848642,2331572,A,G,0.995,1.02696,0.0144,0.06397,0.1,2331572,flipped,-1,0.973747760380151,-0.02660298179453413,0.493839
chr12_2222938_A_G_b38,CACNA1C,12,2332104,2222938,A,G,8.15461e-08,-0.475261,0.0837615,0.371429,Cerebellar Hemisphere,12,rs11062162,2332104,A,G,0.996,1.03469,0.0141,0.0155,0.1,2332104,flipped,-1,0.9664730498990035,-0.034101864944972186,0.475261
chr12_2223227_A_C_b38,CACNA1C,12,2332393,2223227,A,C,6.34305e-08,-0.499105,0.0871475,0.34,Cerebellar Hemisphere,12,rs4765904,2332393,A,C,0.996,1.02696,0.0144,0.0645,0.1,2332393,flipped,-1,0.973747760380151,-0.02660298179453413,0.499105
chr12_2223629_A_T_b38,CACNA1C,12,2332795,2223629,A,T,8.58142e-09,-0.532098,0.0866441,0.331429,Cerebellar Hemisphere,12,rs1108221,2332795,A,T,0.997,1.02942,0.0144,0.04373,0.1,2332795,flipped,-1,0.9714208000621709,-0.028995536841252462,0.532098
chr12_2223690_C_A_b38,CACNA1C,12,2332856,2223690,C,A,8.58142e-09,-0.532098,0.0866441,0.331429,Cerebellar Hemisphere,12,rs1108222,2332856,A,C,0.997,0.97151,0.0144,0.04441,0.1,2332856,direct,1,0.97151,-0.028903716856836268,-0.532098
chr12_2224318_C_T_b38,CACNA1C,12,2333484,2224318,C,T,2.2069e-08,-0.506236,0.085116,0.354286,Cerebellar Hemisphere,12,rs1108074,2333484,T,C,0.995,0.97395,0.0144,0.06643,0.1,2333484,direct,1,0.97395,-0.02639531135953162,-0.506236
chr12_2224472_T_C_b38,CACNA1C,12,2333638,2224472,T,C,1.1113e-07,-0.463534,0.0826544,0.374286,Cerebellar Hemisphere,12,rs1108073,2333638,T,C,0.994,1.03365,0.0141,0.01861,0.1,2333638,flipped,-1,0.9674454602621778,-0.03309622748918955,0.463534
chr12_2224505_G_A_b38,CACNA1C,12,2333671,2224505,G,A,1.11601e-08,-0.519241,0.0852939,0.34,Cerebellar Hemisphere,12,rs1108075,2333671,A,G,0.996,0.97122,0.0144,0.04263,0.1,2333671,direct,1,0.97122,-0.029202265808212963,-0.519241
chr12_2225094_G_A_b38,CACNA1C,12,2334260,2225094,G,A,2.08624e-08,-0.509946,0.0855727,0.337143,Cerebellar Hemisphere,12,rs11062166,2334260,A,G,0.996,0.97093,0.0144,0.04005,0.1,2334260,direct,1,0.97093,-0.029500903917684746,-0.509946
chr12_2226775_G_A_b38,CACNA1C,12,2335941,2226775,G,A,2.00324e-07,-0.462243,0.0843283,0.411429,Cerebellar Hemisphere,12,rs2239030,2335941,A,G,0.995,0.96715,0.014,0.01668,0.1,2335941,direct,1,0.96715,-0.03340167663403035,-0.462243
chr12_2228294_G_A_b38,CACNA1C,12,2337460,2228294,G,A,2.00324e-07,-0.462243,0.0843283,0.411429,Cerebellar Hemisphere,12,rs2283291,2337460,A,G,0.993,0.96647,0.014,0.01475,0.1,2337460,direct,1,0.96647,-0.03410502064995126,-0.462243
chr12_2228580_C_A_b38,CACNA1C,12,2337746,2228580,C,A,2.00324e-07,-0.462243,0.0843283,0.411429,Cerebellar Hemisphere,12,rs2239033,2337746,A,C,0.994,0.96715,0.014,0.01671,0.1,2337746,direct,1,0.96715,-0.03340167663403035,-0.462243
chr12_2229230_C_T_b38,CACNA1C,12,2338396,2229230,C,T,2.00324e-07,-0.462243,0.0843283,0.411429,Cerebellar Hemisphere,12,rs3794297,2338396,T,C,0.992,0.96696,0.014,0.01616,0.1,2338396,direct,1,0.96696,-0.03359814943093549,-0.462243
chr12_2229590_A_G_b38,CACNA1C,12,2338756,2229590,A,G,2.48308e-05,-0.397661,0.0910489,0.271429,Cerebellar Hemisphere,12,rs68089646,2338756,A,G,0.964,1.02706,0.0152,0.07868,0.1,2338756,flipped,-1,0.9736529511420948,-0.02670035182995637,0.397661
chr12_2229692_A_G_b38,CACNA1C,12,2338858,2229692,A,G,1.77379e-07,-0.465692,0.0845521,0.442857,Cerebellar Hemisphere,12,rs6489353,2338858,A,G,0.987,1.02583,0.014,0.06798,0.1,2338858,flipped,-1,0.9748203893432635,-0.025502041012343334,0.465692
chr12_2230084_G_A_b38,CACNA1C,12,2339250,2230084,G,A,6.45352e-07,0.448854,0.0859078,0.402857,Cerebellar Hemisphere,12,rs3829331,2339250,A,G,0.993,1.0321,0.014,0.02386,0.1,2339250,direct,1,1.0321,0.03159556158975058,0.448854
chr12_2230087_C_G_b38,CACNA1C,12,2339253,2230087,C,G,6.45352e-07,0.448854,0.0859078,0.402857,Cerebellar Hemisphere,12,rs3794296,2339253,C,G,0.992,0.96667,0.014,0.01528,0.1,2339253,flipped,-1,1.034479191451064,0.03389810340576454,-0.448854
chr12_2231632_A_C_b38,CACNA1C,12,2340798,2231632,A,C,9.85932e-09,-0.514639,0.0841884,0.422857,Cerebellar Hemisphere,12,rs34382810,2340798,A,C,0.976,1.02532,0.0141,0.07616,0.1,2340798,flipped,-1,0.9753052705496821,-0.025004758989566053,0.514639
chr12_2235478_G_A_b38,CACNA1C,12,2344644,2235478,G,A,5.05381e-12,-0.633663,0.0836306,0.311429,Cerebellar Hemisphere,12,rs769087,2344644,A,G,0.996,0.97356,0.0146,0.06608,0.1,2344644,direct,1,0.97356,-0.026795822787163116,-0.633663
chr12_2235794_A_G_b38,CACNA1C,12,2344960,2235794,A,G,2.78404e-11,-0.566901,0.0781003,0.377143,Cerebellar Hemisphere,12,rs2007044,2344960,A,G,0.989,1.03025,0.0142,0.03585,0.1,2344960,flipped,-1,0.9706381946129579,-0.029801491236789785,0.566901
chr12_2236129_G_A_b38,CACNA1C,12,2345295,2236129,G,A,5.05381e-12,-0.633663,0.0836306,0.311429,Cerebellar Hemisphere,12,rs1006737,2345295,A,G,0.999,0.97414,0.0146,0.07183,0.1,2345295,direct,1,0.97414,-0.02620024850247422,-0.633663
chr12_2237227_C_T_b38,CACNA1C,12,2346393,2237227,C,T,5.05381e-12,-0.633663,0.0836306,0.311429,Cerebellar Hemisphere,12,rs2159100,2346393,T,C,0.999,0.97307,0.0146,0.06137,0.1,2346393,direct,1,0.97307,-0.027299256937822494,-0.633663
chr12_2237664_T_A_b38,CACNA1C,12,2346830,2237664,T,A,5.05381e-12,-0.633663,0.0836306,0.311429,Cerebellar Hemisphere,12,rs12315711,2346830,A,T,0.999,0.97424,0.0146,0.07376,0.1,2346830,direct,1,0.97424,-0.02609759912187311,-0.633663
chr12_2239678_G_C_b38,CACNA1C,12,2348844,2239678,G,C,2.35529e-13,-0.695413,0.0854625,0.28,Cerebellar Hemisphere,12,rs11062170,2348844,C,G,0.998,0.97375,0.0146,0.06832,0.1,2348844,direct,1,0.97375,-0.02660068179717903,-0.695413
chr12_2240418_G_C_b38,CACNA1C,12,2349584,2240418,G,C,5.05381e-12,-0.633663,0.0836306,0.311429,Cerebellar Hemisphere,12,rs4765905,2349584,C,G,0.999,0.97472,0.0146,0.07894,0.1,2349584,direct,1,0.97472,-0.02560502871539472,-0.633663
chr12_2241235_G_C_b38,CACNA1C,12,2350401,2241235,G,C,9.65898e-10,-0.527573,0.0802091,0.417143,Cerebellar Hemisphere,12,rs882195,2350401,C,G,0.982,0.96551,0.0141,0.01266,0.1,2350401,direct,1,0.96551,-0.035098819839395265,-0.527573
chr12_2241286_A_G_b38,CACNA1C,12,2350452,2241286,A,G,1.20104e-09,-0.530812,0.0812311,0.414286,Cerebellar Hemisphere,12,rs882194,2350452,A,G,0.998,1.02984,0.0139,0.03478,0.1,2350452,flipped,-1,0.9710246251844946,-0.02940345036924199,0.530812
chr12_2241454_G_A_b38,CACNA1C,12,2350620,2241454,G,A,1.91323e-11,0.600708,0.0819626,0.4,Cerebellar Hemisphere,12,rs882193,2350620,A,G,0.995,1.02112,0.0143,0.1427,0.1,2350620,direct,1,1.02112,0.020900064107741662,0.600708
chr12_2245704_T_C_b38,CACNA1C,12,2354870,2245704,T,C,4.05732e-05,-0.375211,0.0884124,0.48,Cerebellar Hemisphere,12,rs2370413,2354870,T,C,0.998,1.02419,0.0138,0.08413,0.1,2354870,flipped,-1,0.9763813354943908,-0.023902056280623585,0.375211
chr12_2246640_C_T_b38,CACNA1C,12,2355806,2246640,C,T,1.49165e-09,-0.556039,0.0856521,0.334286,Cerebellar Hemisphere,12,rs7297582,2355806,T,C,0.989,0.97074,0.0141,0.03509,0.1,2355806,direct,1,0.97074,-0.029696611736836666,-0.556039
chr12_2252294_C_T_b38,CACNA1C,12,2361460,2252294,C,T,9.40895e-13,-0.651452,0.0826117,0.32,Cerebellar Hemisphere,12,rs758170,2361460,T,C,0.994,0.97356,0.0146,0.06735,0.1,2361460,direct,1,0.97356,-0.026795822787163116,-0.651452
chr12_2256738_G_A_b38,CACNA1C,12,2365904,2256738,G,A,1.00113e-06,-0.445706,0.0869406,0.454286,Cerebellar Hemisphere,12,rs4765911,2365904,A,G,0.995,0.9756,0.0139,0.07568,0.1,2365904,direct,1,0.9756,-0.02470261264037181,-0.445706
chr12_2259230_A_G_b38,CACNA1C,12,2368396,2259230,A,G,3.29444e-11,-0.573898,0.0794111,0.4,Cerebellar Hemisphere,12,rs2370414,2368396,A,G,0.995,1.02901,0.0141,0.04161,0.1,2368396,flipped,-1,0.9718078541510773,-0.028597174977674878,0.573898
chr12_2259508_C_T_b38,CACNA1C,12,2368674,2259508,C,T,4.06002e-12,-0.646899,0.0849239,0.305714,Cerebellar Hemisphere,12,rs10774035,2368674,T,C,0.994,0.97317,0.0146,0.06309,0.1,2368674,direct,1,0.97317,-0.02719649468847196,-0.646899
chr12_2264964_G_A_b38,CACNA1C,12,2374130,2264964,G,A,3.29444e-11,-0.573898,0.0794111,0.4,Cerebellar Hemisphere,12,rs2239038,2374130,A,G,0.99,0.97287,0.0141,0.05054,0.1,2374130,direct,1,0.97287,-0.027504813122190153,-0.573898
chr12_2274839_T_G_b38,CACNA1C,12,2384005,2274839,T,G,2.04188e-11,-0.585741,0.0800536,0.411429,Cerebellar Hemisphere,12,rs2238057,2384005,T,G,0.998,1.02685,0.014,0.05851,0.1,2384005,flipped,-1,0.9738520718702829,-0.026495863803965153,0.585741
chr12_2277782_C_T_b38,CACNA1C,12,2386948,2277782,C,T,6.37853e-13,-0.682942,0.0858343,0.28,Cerebellar Hemisphere,12,rs10774036,2386948,T,C,0.996,0.97521,0.0146,0.08474,0.1,2386948,direct,1,0.97521,-0.025102446560841447,-0.682942
chr12_2277933_C_T_b38,CACNA1C,12,2387099,2277933,C,T,2.63174e-12,-0.638521,0.0829538,0.317143,Cerebellar Hemisphere,12,rs10744560,2387099,T,C,0.996,0.97521,0.0146,0.08504,0.1,2387099,direct,1,0.97521,-0.025102446560841447,-0.638521
chr12_2285615_A_T_b38,CACNA1C,12,2394781,2285615,A,T,1.15611e-13,-0.71205,0.0861502,0.277143,Cerebellar Hemisphere,12,rs12311439,2394781,A,T,0.995,1.0248,0.0146,0.09278,0.1,2394781,flipped,-1,0.9758001561280251,-0.02449747160038737,0.71205
chr12_2293080_A_G_b38,CACNA1C,12,2402246,2293080,A,G,6.37853e-13,0.682942,0.0858343,0.28,Cerebellar Hemisphere,12,rs1024582,2402246,A,G,1.0,0.97951,0.0144,0.151,0.1,2402246,flipped,-1,1.0209186225765945,0.020702832359201756,-0.682942
chr12_2299028_A_G_b38,CACNA1C,12,2408194,2299028,A,G,8.19294e-11,0.607748,0.086152,0.291429,Cerebellar Hemisphere,12,rs4298967,2408194,A,G,0.998,0.97883,0.0145,0.1399,0.1,2408194,flipped,-1,1.021627861835048,0.02139729810808026,-0.607748
chr12_2304637_C_T_b38,CACNA1C,12,2413803,2304637,C,T,9.75798e-06,0.396679,0.0862981,0.485714,Cerebellar Hemisphere,12,rs1860002,2413803,T,C,0.989,1.02573,0.0139,0.06752,0.1,2413803,direct,1,1.02573,0.025404554221726255,0.396679
chr12_2310730_A_T_b38,CACNA1C,12,2419896,2310730,A,T,1.29937e-09,0.734051,0.1126,0.174286,Cerebellar Hemisphere,12,rs4765913,2419896,A,T,1.01,0.97863,0.0166,0.1924,0.1,2419896,flipped,-1,1.02183664919326,0.021601644557760903,-0.734051
chr12_2311211_T_C_b38,CACNA1C,12,2420377,2311211,T,C,5.88745e-08,0.669622,0.116601,0.182857,Cerebellar Hemisphere,12,rs4765914,2420377,T,C,1.0,0.98167,0.0169,0.2741,0.1,2420377,flipped,-1,1.0186722625729623,0.018500075984586067,-0.669622
chr12_2311360_G_A_b38,CACNA1C,12,2420526,2311360,G,A,1.80037e-08,0.686811,0.114667,0.18,Cerebellar Hemisphere,12,rs10774037,2420526,A,G,0.995,1.01562,0.017,0.3605,0.1,2420526,direct,1,1.01562,0.015499263446923763,0.686811
chr12_2366510_G_C_b38,CACNA1C,12,2475676,2366510,G,C,2.37766e-11,-0.711018,0.0975562,0.188571,Cerebellar Hemisphere,12,rs6489367,2475676,C,G,0.98,0.96252,0.0184,0.03718,0.1,2475676,direct,1,0.96252,-0.03820043381530352,-0.711018
chr12_2366684_G_C_b38,CACNA1C,12,2475850,2366684,G,C,1.20921e-08,-0.591367,0.097404,0.217143,Cerebellar Hemisphere,12,rs6489368,2475850,C,G,0.987,0.9659,0.0171,0.04267,0.1,2475850,direct,1,0.9659,-0.034694969796886854,-0.591367
chr12_2368181_A_AAT_b38,CACNA1C,12,2477347,2368181,A,AAT,1.89284e-13,-0.807226,0.0987253,0.174286,Cerebellar Hemisphere,12,rs1611005,2477347,A,AAT,0.979,1.03821,0.0184,0.04207,0.1,2477347,flipped,-1,0.9631962705040406,-0.03749807642008436,0.807226
chr12_2372750_C_A_b38,CACNA1C,12,2481916,2372750,C,A,1.26726e-11,-0.71948,0.097147,0.191429,Cerebellar Hemisphere,12,rs886899,2481916,A,C,0.982,0.96281,0.0183,0.03898,0.1,2481916,direct,1,0.96281,-0.037899186754079585,-0.71948
chr12_2372770_T_C_b38,CACNA1C,12,2481936,2372770,T,C,2.29185e-15,-0.95343,0.106389,0.148571,Cerebellar Hemisphere,12,rs886898,2481936,T,C,0.97,1.03386,0.0201,0.09716,0.1,2481936,flipped,-1,0.9672489505348887,-0.0332993704009261,0.95343
chr12_2390002_A_G_b38,CACNA1C,12,2499168,2390002,A,G,4.79593e-09,-0.596621,0.095324,0.282857,Cerebellar Hemisphere,12,rs753076,2499168,A,G,0.986,1.01806,0.0157,0.2534,0.1,2499168,flipped,-1,0.9822603775808891,-0.017898855487757867,0.596621
chr12_2390460_C_T_b38,CACNA1C,12,2499626,2390460,C,T,4.91173e-09,-0.588409,0.0940842,0.288571,Cerebellar Hemisphere,12,rs2887780,2499626,T,C,0.996,0.98472,0.0155,0.3196,0.1,2499626,direct,1,0.98472,-0.015397942180096675,-0.588409
chr12_2391037_C_T_b38,CACNA1C,12,2500203,2391037,C,T,4.90386e-05,-0.451144,0.107531,0.231429,Cerebellar Hemisphere,12,rs7968680,2500203,T,C,0.996,0.97834,0.0177,0.2159,0.1,2500203,direct,1,0.97834,-0.021898021101216133,-0.451144
chr12_2391612_A_AAAC_b38,CACNA1C,12,2500778,2391612,A,AAAC,4.90386e-05,-0.451144,0.107531,0.231429,Cerebellar Hemisphere,12,rs78284562,2500778,A,AAAC,0.986,1.02306,0.0177,0.1965,0.1,2500778,flipped,-1,0.9774597775301546,-0.02279813627597827,0.451144
chr12_2393346_T_C_b38,CACNA1C,12,2502512,2393346,T,C,7.99679e-06,-0.547391,0.117859,0.188571,Cerebellar Hemisphere,12,rs2239061,2502512,T,C,0.99,1.0245,0.0182,0.1827,0.1,2502512,flipped,-1,0.9760858955588092,-0.02420468869681736,0.547391
chr12_2394819_A_G_b38,CACNA1C,12,2503985,2394819,A,G,4.89865e-06,-0.559769,0.117576,0.18,Cerebellar Hemisphere,12,rs2238084,2503985,A,G,0.985,1.02368,0.0186,0.2073,0.1,2503985,flipped,-1,0.9768677711784933,-0.023403977779016056,0.559769
chr12_2404727_A_G_b38,CACNA1C,12,2513893,2404727,A,G,4.89865e-06,-0.559769,0.117576,0.18,Cerebellar Hemisphere,12,rs10774041,2513893,A,G,0.977,1.02245,0.0186,0.233,0.1,2513893,flipped,-1,0.978042936084894,-0.022201707983686595,0.559769
chr12_2405100_C_G_b38,CACNA1C,12,2514266,2405100,C,G,7.88072e-07,-0.566155,0.109291,0.202857,Cerebellar Hemisphere,12,rs719024,2514266,C,G,0.977,1.02214,0.0184,0.2328,0.1,2514266,flipped,-1,0.978339562095212,-0.021898468701115992,0.566155
chr12_2414090_G_A_b38,CACNA1C,12,2523256,2414090,G,A,4.38579e-06,-0.674083,0.140816,0.165714,Cerebellar Hemisphere,12,rs758116,2523256,A,G,0.913,0.99134,0.0196,0.6573,0.1,2523256,direct,1,0.99134,-0.008697715703195856,-0.674083
chr12_2180485_C_G_b38,CACNA1C,12,2289651,2180485,C,G,4.43852e-05,-0.333512,0.0795467,0.409091,Cerebellum,12,rs2239017,2289651,C,G,0.935,1.02296,0.0145,0.1162,0.1,2289651,flipped,-1,0.977555329631657,-0.022700385520775863,0.333512
chr12_2183524_G_A_b38,CACNA1C,12,2292690,2183524,G,A,1.00895e-06,-0.423048,0.0833427,0.332536,Cerebellum,12,rs10774030,2292690,A,G,0.963,0.96851,0.0144,0.02637,0.1,2292690,direct,1,0.96851,-0.031996470943166905,-0.423048
chr12_2185097_A_G_b38,CACNA1C,12,2294263,2185097,A,G,6.60738e-07,-0.420786,0.0814179,0.368421,Cerebellum,12,rs758171,2294263,A,G,0.963,1.03252,0.0144,0.02616,0.1,2294263,flipped,-1,0.9685042420485801,-0.03200241612549436,0.420786
chr12_2187528_G_GT_b38,CACNA1C,12,2296694,2187528,G,GT,6.34582e-06,-0.374847,0.0804157,0.397129,Cerebellum,12,rs71441679,2296694,G,GT,0.955,1.03946,0.0144,0.007263,0.1,2296694,flipped,-1,0.9620379812595001,-0.038701347537074895,0.374847
chr12_2188187_C_T_b38,CACNA1C,12,2297353,2188187,C,T,1.36227e-08,-0.483097,0.0809277,0.339713,Cerebellum,12,rs11062145,2297353,T,C,0.984,0.9659,0.0143,0.01479,0.1,2297353,direct,1,0.9659,-0.034694969796886854,-0.483097
chr12_2188364_A_ACT_b38,CACNA1C,12,2297530,2188364,A,ACT,1.58092e-05,-0.345755,0.0777714,0.478469,Cerebellum,12,rs35848523,2297530,A,ACT,0.979,1.03552,0.014,0.01252,0.1,2297530,flipped,-1,0.965698393077874,-0.034903716007880434,0.345755
chr12_2188830_C_G_b38,CACNA1C,12,2297996,2188830,C,G,2.54622e-08,-0.488346,0.083548,0.330144,Cerebellum,12,rs11062146,2297996,C,G,0.986,1.03262,0.0142,0.02405,0.1,2297996,flipped,-1,0.968410451085588,-0.032099261859999666,0.488346
chr12_2188906_T_C_b38,CACNA1C,12,2298072,2188906,T,C,2.03873e-08,-0.473896,0.0804648,0.344498,Cerebellum,12,rs11062147,2298072,T,C,0.986,1.03303,0.0142,0.02242,0.1,2298072,flipped,-1,0.9680260979836017,-0.0324962313421326,0.473896
chr12_2188919_C_T_b38,CACNA1C,12,2298085,2188919,C,T,2.03873e-08,-0.473896,0.0804648,0.344498,Cerebellum,12,rs11062148,2298085,T,C,0.986,0.96802,0.0142,0.02242,0.1,2298085,direct,1,0.96802,-0.03250253076197401,-0.473896
chr12_2189132_C_T_b38,CACNA1C,12,2298298,2189132,C,T,2.3236e-08,-0.467577,0.0797453,0.354067,Cerebellum,12,rs10744559,2298298,T,C,0.987,0.96773,0.0142,0.02132,0.1,2298298,direct,1,0.96773,-0.032802156232380406,-0.467577
chr12_2189558_T_C_b38,CACNA1C,12,2298724,2189558,T,C,1.50692e-08,-0.480169,0.0807073,0.342105,Cerebellum,12,rs2283287,2298724,T,C,0.989,1.03283,0.0142,0.02321,0.1,2298724,flipped,-1,0.9682135491804074,-0.03230260737862606,0.480169
chr12_2189808_AG_A_b38,CACNA1C,12,2298974,2189808,AG,A,1.01971e-06,-0.42032,0.0828431,0.376238,Cerebellum,12,rs60033413,2298974,A,AG,0.988,0.97229,0.0142,0.04798,0.1,2298974,direct,1,0.97229,-0.02810116511090993,-0.42032
chr12_2189882_C_T_b38,CACNA1C,12,2299048,2189882,C,T,2.54622e-08,-0.488346,0.083548,0.330144,Cerebellum,12,rs2283288,2299048,T,C,0.99,0.96802,0.0142,0.02246,0.1,2299048,direct,1,0.96802,-0.03250253076197401,-0.488346
chr12_2190657_C_T_b38,CACNA1C,12,2299823,2190657,C,T,1.50692e-08,-0.480169,0.0807073,0.342105,Cerebellum,12,rs2238045,2299823,T,C,0.991,0.96851,0.0142,0.02444,0.1,2299823,direct,1,0.96851,-0.031996470943166905,-0.480169
chr12_2190832_A_C_b38,CACNA1C,12,2299998,2190832,A,C,1.2378e-08,-0.48364,0.0807628,0.344498,Cerebellum,12,rs2238046,2299998,A,C,0.992,1.03231,0.0142,0.02548,0.1,2299998,flipped,-1,0.9687012622177447,-0.03179900954894899,0.48364
chr12_2190842_A_G_b38,CACNA1C,12,2300008,2190842,A,G,1.2378e-08,-0.48364,0.0807628,0.344498,Cerebellum,12,rs2238047,2300008,A,G,0.992,1.03231,0.0142,0.02548,0.1,2300008,flipped,-1,0.9687012622177447,-0.03179900954894899,0.48364
chr12_2191041_A_G_b38,CACNA1C,12,2300207,2191041,A,G,1.2378e-08,-0.48364,0.0807628,0.344498,Cerebellum,12,rs2238048,2300207,A,G,0.988,1.03138,0.0142,0.0301,0.1,2300207,flipped,-1,0.9695747445170548,-0.03089771132784375,0.48364
chr12_2191441_G_C_b38,CACNA1C,12,2300607,2191441,G,C,1.50692e-08,-0.480169,0.0807073,0.342105,Cerebellum,12,rs11614764,2300607,C,G,0.988,0.97122,0.0142,0.04062,0.1,2300607,direct,1,0.97122,-0.029202265808212963,-0.480169
chr12_2194430_GC_G_b38,CACNA1C,12,2303596,2194430,GC,G,1.14725e-08,-0.484503,0.0807051,0.339713,Cerebellum,12,rs34167706,2303596,G,GC,0.992,0.96793,0.0142,0.02208,0.1,2303596,direct,1,0.96793,-0.0325955083699338,-0.484503
chr12_2195191_C_T_b38,CACNA1C,12,2304357,2195191,C,T,1.92626e-08,-0.493046,0.0835561,0.327751,Cerebellum,12,rs2239018,2304357,T,C,0.992,0.96773,0.0142,0.02119,0.1,2304357,direct,1,0.96773,-0.032802156232380406,-0.493046
chr12_2196962_A_G_b38,CACNA1C,12,2306128,2196962,A,G,1.97866e-08,-0.474642,0.0805099,0.389952,Cerebellum,12,rs2238049,2306128,A,G,0.99,1.03025,0.0142,0.03614,0.1,2306128,flipped,-1,0.9706381946129579,-0.029801491236789785,0.474642
chr12_2197541_G_A_b38,CACNA1C,12,2306707,2197541,G,A,4.19659e-08,-0.463244,0.0806408,0.392345,Cerebellum,12,rs2238050,2306707,A,G,0.992,0.97045,0.0142,0.03403,0.1,2306707,direct,1,0.97045,-0.029995397535400887,-0.463244
chr12_2198130_G_A_b38,CACNA1C,12,2307296,2198130,G,A,1.14725e-08,-0.484503,0.0807051,0.339713,Cerebellum,12,rs2238052,2307296,A,G,0.99,0.96851,0.0143,0.02499,0.1,2307296,direct,1,0.96851,-0.031996470943166905,-0.484503
chr12_2199857_G_A_b38,CACNA1C,12,2309023,2199857,G,A,9.53444e-09,-0.487619,0.080735,0.342105,Cerebellum,12,rs2098013,2309023,A,G,0.996,0.96967,0.0142,0.02987,0.1,2309023,direct,1,0.96967,-0.030799471553528406,-0.487619
chr12_2200227_T_C_b38,CACNA1C,12,2309393,2200227,T,C,9.53444e-09,-0.487619,0.080735,0.342105,Cerebellum,12,rs10774032,2309393,T,C,0.996,1.03138,0.0142,0.02934,0.1,2309393,flipped,-1,0.9695747445170548,-0.03089771132784375,0.487619
chr12_2200698_C_T_b38,CACNA1C,12,2309864,2200698,C,T,9.53444e-09,-0.487619,0.080735,0.342105,Cerebellum,12,rs10459125,2309864,T,C,0.995,0.9688,0.0142,0.0254,0.1,2309864,direct,1,0.9688,-0.03169708674325456,-0.487619
chr12_2201144_G_T_b38,CACNA1C,12,2310310,2201144,G,T,1.6488e-08,-0.495494,0.0835333,0.330144,Cerebellum,12,rs2239019,2310310,T,G,0.996,0.96948,0.0142,0.02883,0.1,2310310,direct,1,0.96948,-0.0309954337025195,-0.495494
chr12_2201286_A_G_b38,CACNA1C,12,2310452,2201286,A,G,9.53444e-09,-0.487619,0.080735,0.342105,Cerebellum,12,rs2239020,2310452,A,G,0.996,1.03118,0.0142,0.03014,0.1,2310452,flipped,-1,0.9697627960200935,-0.030703777575005708,0.487619
chr12_2201363_C_T_b38,CACNA1C,12,2310529,2201363,C,T,9.53444e-09,-0.487619,0.080735,0.342105,Cerebellum,12,rs2239021,2310529,T,C,0.996,0.96986,0.0142,0.0307,0.1,2310529,direct,1,0.96986,-0.030603547798177567,-0.487619
chr12_2201385_G_A_b38,CACNA1C,12,2310551,2201385,G,A,9.53444e-09,-0.487619,0.080735,0.342105,Cerebellum,12,rs2239022,2310551,A,G,0.996,0.96986,0.0142,0.0307,0.1,2310551,direct,1,0.96986,-0.030603547798177567,-0.487619
chr12_2201450_A_G_b38,CACNA1C,12,2310616,2201450,A,G,9.53444e-09,-0.487619,0.080735,0.342105,Cerebellum,12,rs2239023,2310616,A,G,0.995,1.03118,0.0142,0.03031,0.1,2310616,flipped,-1,0.9697627960200935,-0.030703777575005708,0.487619
chr12_2202147_C_T_b38,CACNA1C,12,2311313,2202147,C,T,9.53444e-09,-0.487619,0.080735,0.342105,Cerebellum,12,rs2239024,2311313,T,C,0.996,0.96977,0.0142,0.03054,0.1,2311313,direct,1,0.96977,-0.030696349002597614,-0.487619
chr12_2202670_A_T_b38,CACNA1C,12,2311836,2202670,A,T,2.87042e-06,-0.37003,0.0764016,0.480861,Cerebellum,12,rs1860056,2311836,A,T,0.992,1.03169,0.0139,0.02456,0.1,2311836,flipped,-1,0.969283408775892,-0.03119823433708061,0.37003
chr12_2203116_A_G_b38,CACNA1C,12,2312282,2203116,A,G,9.53444e-09,-0.487619,0.080735,0.342105,Cerebellum,12,rs2239025,2312282,A,G,0.995,1.03138,0.0142,0.02936,0.1,2312282,flipped,-1,0.9695747445170548,-0.03089771132784375,0.487619
chr12_2203125_C_T_b38,CACNA1C,12,2312291,2203125,C,T,9.53444e-09,-0.487619,0.080735,0.342105,Cerebellum,12,rs2239026,2312291,T,C,0.995,0.96957,0.0142,0.02935,0.1,2312291,direct,1,0.96957,-0.030902604739816462,-0.487619
chr12_2203135_A_C_b38,CACNA1C,12,2312301,2203135,A,C,9.53444e-09,-0.487619,0.080735,0.342105,Cerebellum,12,rs2239027,2312301,A,C,0.995,1.03138,0.0142,0.02936,0.1,2312301,flipped,-1,0.9695747445170548,-0.03089771132784375,0.487619
chr12_2203242_A_G_b38,CACNA1C,12,2312408,2203242,A,G,9.53444e-09,-0.487619,0.080735,0.342105,Cerebellum,12,rs10848627,2312408,A,G,0.996,1.03076,0.0142,0.03237,0.1,2312408,flipped,-1,0.9701579417129109,-0.030296394231349996,0.487619
chr12_2203323_T_C_b38,CACNA1C,12,2312489,2203323,T,C,9.53444e-09,-0.487619,0.080735,0.342105,Cerebellum,12,rs10848628,2312489,T,C,0.996,1.03045,0.0142,0.03443,0.1,2312489,flipped,-1,0.9704498034839147,-0.029995600035380505,0.487619
chr12_2203454_A_C_b38,CACNA1C,12,2312620,2203454,A,C,9.53444e-09,-0.487619,0.080735,0.342105,Cerebellum,12,rs12422554,2312620,A,C,0.995,1.03159,0.0142,0.02831,0.1,2312620,flipped,-1,0.9693773689159453,-0.031101301298347827,0.487619
chr12_2203654_A_C_b38,CACNA1C,12,2312820,2203654,A,C,9.53444e-09,-0.487619,0.080735,0.342105,Cerebellum,12,rs4765667,2312820,A,C,0.987,1.02819,0.0143,0.05122,0.1,2312820,flipped,-1,0.972582888376662,-0.027799974857678968,0.487619
chr12_2203655_G_A_b38,CACNA1C,12,2312821,2203655,G,A,9.53444e-09,-0.487619,0.080735,0.342105,Cerebellum,12,rs75849460,2312821,A,G,0.987,0.97258,0.0143,0.05122,0.1,2312821,direct,1,0.97258,-0.027802944662088894,-0.487619
chr12_2203660_A_G_b38,CACNA1C,12,2312826,2203660,A,G,9.53444e-09,-0.487619,0.080735,0.342105,Cerebellum,12,rs4765668,2312826,A,G,0.995,1.03035,0.0142,0.0352,0.1,2312826,flipped,-1,0.9705439899063424,-0.02989855034586335,0.487619
chr12_2203731_C_T_b38,CACNA1C,12,2312897,2203731,C,T,9.53444e-09,-0.487619,0.080735,0.342105,Cerebellum,12,rs10848629,2312897,T,C,0.996,0.96967,0.0142,0.02965,0.1,2312897,direct,1,0.96967,-0.030799471553528406,-0.487619
chr12_2203799_G_A_b38,CACNA1C,12,2312965,2203799,G,A,9.53444e-09,-0.487619,0.080735,0.342105,Cerebellum,12,rs4765902,2312965,A,G,0.994,0.97054,0.0142,0.03507,0.1,2312965,direct,1,0.97054,-0.029902661354313482,-0.487619
chr12_2203945_A_G_b38,CACNA1C,12,2313111,2203945,A,G,9.53444e-09,-0.487619,0.080735,0.342105,Cerebellum,12,rs4765669,2313111,A,G,0.996,1.03066,0.0142,0.03294,0.1,2313111,flipped,-1,0.9702520714881727,-0.030199373730842163,0.487619
chr12_2203960_A_G_b38,CACNA1C,12,2313126,2203960,A,G,9.53444e-09,-0.487619,0.080735,0.342105,Cerebellum,12,rs4765670,2313126,A,G,0.996,1.03066,0.0142,0.03341,0.1,2313126,flipped,-1,0.9702520714881727,-0.030199373730842163,0.487619
chr12_2204137_C_T_b38,CACNA1C,12,2313303,2204137,C,T,1.33087e-07,-0.444311,0.0806671,0.389952,Cerebellum,12,rs4765671,2313303,T,C,0.995,0.97258,0.0142,0.04917,0.1,2313303,direct,1,0.97258,-0.027802944662088894,-0.444311
chr12_2204443_A_G_b38,CACNA1C,12,2313609,2204443,A,G,9.53444e-09,-0.487619,0.080735,0.342105,Cerebellum,12,rs4765672,2313609,A,G,0.93,1.03365,0.015,0.02752,0.1,2313609,flipped,-1,0.9674454602621778,-0.03309622748918955,0.487619
chr12_2205153_A_C_b38,CACNA1C,12,2314319,2205153,A,C,8.48485e-06,-0.353676,0.0769944,0.480861,Cerebellum,12,rs12423277,2314319,A,C,0.992,1.03169,0.0139,0.0247,0.1,2314319,flipped,-1,0.969283408775892,-0.03119823433708061,0.353676
chr12_2205260_C_T_b38,CACNA1C,12,2314426,2205260,C,T,9.53444e-09,-0.487619,0.080735,0.342105,Cerebellum,12,rs10774033,2314426,T,C,0.996,0.97025,0.0142,0.03326,0.1,2314426,direct,1,0.97025,-0.03020150873312142,-0.487619
chr12_2205659_G_A_b38,CACNA1C,12,2314825,2205659,G,A,1.46064e-08,-0.489458,0.0821832,0.334928,Cerebellum,12,rs10848631,2314825,A,G,0.997,0.97103,0.0142,0.03788,0.1,2314825,direct,1,0.97103,-0.02939791518456112,-0.489458
chr12_2205831_T_A_b38,CACNA1C,12,2314997,2205831,T,A,9.53444e-09,-0.487619,0.080735,0.342105,Cerebellum,12,rs758172,2314997,A,T,0.997,0.97093,0.0142,0.03773,0.1,2314997,direct,1,0.97093,-0.029500903917684746,-0.487619
chr12_2206062_G_A_b38,CACNA1C,12,2315228,2206062,G,A,9.53444e-09,-0.487619,0.080735,0.342105,Cerebellum,12,rs758173,2315228,A,G,0.997,0.97113,0.0142,0.03902,0.1,2315228,direct,1,0.97113,-0.029294937057024285,-0.487619
chr12_2206540_T_C_b38,CACNA1C,12,2315706,2206540,T,C,9.53444e-09,-0.487619,0.080735,0.342105,Cerebellum,12,rs758174,2315706,T,C,0.998,1.02953,0.0142,0.04038,0.1,2315706,flipped,-1,0.9713170087321399,-0.029102387420532883,0.487619
chr12_2206827_C_T_b38,CACNA1C,12,2315993,2206827,C,T,9.53444e-09,-0.487619,0.080735,0.342105,Cerebellum,12,rs10848632,2315993,T,C,0.999,0.97171,0.0142,0.04287,0.1,2315993,direct,1,0.97171,-0.028697872947545326,-0.487619
chr12_2206853_A_G_b38,CACNA1C,12,2316019,2206853,A,G,1.02591e-08,-0.487769,0.0809526,0.339713,Cerebellum,12,rs10848633,2316019,A,G,0.999,1.02912,0.0142,0.04287,0.1,2316019,flipped,-1,0.9717039800995024,-0.02870406812835515,0.487769
chr12_2206961_T_C_b38,CACNA1C,12,2316127,2206961,T,C,9.53444e-09,-0.487619,0.080735,0.342105,Cerebellum,12,rs10848634,2316127,T,C,1.0,1.02891,0.0142,0.04453,0.1,2316127,flipped,-1,0.9719023043803637,-0.028499989469901302,0.487619
chr12_2207029_T_A_b38,CACNA1C,12,2316195,2207029,T,A,9.53444e-09,-0.487619,0.080735,0.342105,Cerebellum,12,rs10848635,2316195,A,T,1.0,0.9719,0.0142,0.04418,0.1,2316195,direct,1,0.9719,-0.02850236047271215,-0.487619
chr12_2207327_G_T_b38,CACNA1C,12,2316493,2207327,G,T,9.53444e-09,-0.487619,0.080735,0.342105,Cerebellum,12,rs10848636,2316493,T,G,1.0,0.97181,0.0142,0.04362,0.1,2316493,direct,1,0.97181,-0.028594966880112795,-0.487619
chr12_2207388_C_A_b38,CACNA1C,12,2316554,2207388,C,A,9.53444e-09,-0.487619,0.080735,0.342105,Cerebellum,12,rs10848637,2316554,A,C,1.0,0.9719,0.0142,0.04438,0.1,2316554,direct,1,0.9719,-0.02850236047271215,-0.487619
chr12_2207844_C_A_b38,CACNA1C,12,2317010,2207844,C,A,9.53444e-09,-0.487619,0.080735,0.342105,Cerebellum,12,rs79475344,2317010,A,C,1.0,0.9719,0.0142,0.04438,0.1,2317010,direct,1,0.9719,-0.02850236047271215,-0.487619
chr12_2207930_T_C_b38,CACNA1C,12,2317096,2207930,T,C,1.6488e-08,-0.495494,0.0835333,0.330144,Cerebellum,12,rs2238053,2317096,T,C,0.997,1.02932,0.0142,0.04165,0.1,2317096,flipped,-1,0.9715151750670346,-0.028898390042648818,0.495494
chr12_2208357_G_A_b38,CACNA1C,12,2317523,2208357,G,A,9.53444e-09,-0.487619,0.080735,0.342105,Cerebellum,12,rs11062156,2317523,A,G,0.998,0.97181,0.0142,0.04362,0.1,2317523,direct,1,0.97181,-0.028594966880112795,-0.487619
chr12_2208478_T_C_b38,CACNA1C,12,2317644,2208478,T,C,9.53444e-09,-0.487619,0.080735,0.342105,Cerebellum,12,rs2238054,2317644,T,C,1.0,1.02901,0.0142,0.04358,0.1,2317644,flipped,-1,0.9718078541510773,-0.028597174977674878,0.487619
chr12_2212654_T_A_b38,CACNA1C,12,2321820,2212654,T,A,2.48906e-05,-0.396483,0.0914444,0.241627,Cerebellum,12,rs11062157,2321820,A,T,0.964,0.97414,0.0152,0.08399,0.1,2321820,direct,1,0.97414,-0.02620024850247422,-0.396483
chr12_2212702_A_T_b38,CACNA1C,12,2321868,2212702,A,T,7.37404e-09,-0.464259,0.0762323,0.425837,Cerebellum,12,rs1016388,2321868,A,T,0.996,1.03417,0.0139,0.01578,0.1,2321868,flipped,-1,0.9669590106075403,-0.0335991726304121,0.464259
chr12_2213347_A_G_b38,CACNA1C,12,2322513,2213347,A,G,1.61703e-08,-0.501016,0.0844094,0.308612,Cerebellum,12,rs12424245,2322513,A,G,0.992,1.03097,0.0145,0.03464,0.1,2322513,flipped,-1,0.9699603286225594,-0.030500106648326294,0.501016
chr12_2217058_G_A_b38,CACNA1C,12,2326224,2217058,G,A,1.12144e-08,-0.490118,0.0815795,0.318182,Cerebellum,12,rs11062159,2326224,A,G,0.992,0.97113,0.0145,0.04238,0.1,2326224,direct,1,0.97113,-0.029294937057024285,-0.490118
chr12_2218778_T_C_b38,CACNA1C,12,2327944,2218778,T,C,1.23836e-06,-0.374895,0.0745176,0.480861,Cerebellum,12,rs2238056,2327944,T,C,0.995,1.03045,0.0139,0.03042,0.1,2327944,flipped,-1,0.9704498034839147,-0.029995600035380505,0.374895
chr12_2220804_T_C_b38,CACNA1C,12,2329970,2220804,T,C,1.0265e-08,-0.469147,0.0778635,0.366029,Cerebellum,12,rs11062161,2329970,T,C,0.991,1.03469,0.0141,0.01545,0.1,2329970,flipped,-1,0.9664730498990035,-0.034101864944972186,0.469147
chr12_2221292_C_T_b38,CACNA1C,12,2330458,2221292,C,T,2.29543e-08,-0.452391,0.0771232,0.368421,Cerebellum,12,rs10774034,2330458,T,C,0.993,0.96696,0.0141,0.0172,0.1,2330458,direct,1,0.96696,-0.03359814943093549,-0.452391
chr12_2221978_C_A_b38,CACNA1C,12,2331144,2221978,C,A,2.87647e-07,-0.436087,0.0815678,0.34689,Cerebellum,12,rs3922316,2331144,A,C,0.994,0.97365,0.0144,0.06272,0.1,2331144,direct,1,0.97365,-0.026703382834549764,-0.436087
chr12_2222026_G_T_b38,CACNA1C,12,2331192,2222026,G,T,2.87647e-07,-0.436087,0.0815678,0.34689,Cerebellum,12,rs2190771,2331192,T,G,0.994,0.97365,0.0144,0.06323,0.1,2331192,direct,1,0.97365,-0.026703382834549764,-0.436087
chr12_2222406_A_G_b38,CACNA1C,12,2331572,2222406,A,G,3.23806e-07,-0.435794,0.0818979,0.349282,Cerebellum,12,rs10848642,2331572,A,G,0.995,1.02696,0.0144,0.06397,0.1,2331572,flipped,-1,0.973747760380151,-0.02660298179453413,0.435794
chr12_2222938_A_G_b38,CACNA1C,12,2332104,2222938,A,G,2.63739e-08,-0.455225,0.0779756,0.385167,Cerebellum,12,rs11062162,2332104,A,G,0.996,1.03469,0.0141,0.0155,0.1,2332104,flipped,-1,0.9664730498990035,-0.034101864944972186,0.455225
chr12_2223227_A_C_b38,CACNA1C,12,2332393,2223227,A,C,2.87647e-07,-0.436087,0.0815678,0.34689,Cerebellum,12,rs4765904,2332393,A,C,0.996,1.02696,0.0144,0.0645,0.1,2332393,flipped,-1,0.973747760380151,-0.02660298179453413,0.436087
chr12_2223629_A_T_b38,CACNA1C,12,2332795,2223629,A,T,6.18362e-08,-0.458993,0.0810116,0.334928,Cerebellum,12,rs1108221,2332795,A,T,0.997,1.02942,0.0144,0.04373,0.1,2332795,flipped,-1,0.9714208000621709,-0.028995536841252462,0.458993
chr12_2223690_C_A_b38,CACNA1C,12,2332856,2223690,C,A,6.18362e-08,-0.458993,0.0810116,0.334928,Cerebellum,12,rs1108222,2332856,A,C,0.997,0.97151,0.0144,0.04441,0.1,2332856,direct,1,0.97151,-0.028903716856836268,-0.458993
chr12_2224318_C_T_b38,CACNA1C,12,2333484,2224318,C,T,1.14102e-07,-0.448227,0.0809092,0.361244,Cerebellum,12,rs1108074,2333484,T,C,0.995,0.97395,0.0144,0.06643,0.1,2333484,direct,1,0.97395,-0.02639531135953162,-0.448227
chr12_2224472_T_C_b38,CACNA1C,12,2333638,2224472,T,C,3.95524e-08,-0.447635,0.0777614,0.38756,Cerebellum,12,rs1108073,2333638,T,C,0.994,1.03365,0.0141,0.01861,0.1,2333638,flipped,-1,0.9674454602621778,-0.03309622748918955,0.447635
chr12_2224505_G_A_b38,CACNA1C,12,2333671,2224505,G,A,6.16403e-08,-0.458522,0.0809191,0.342105,Cerebellum,12,rs1108075,2333671,A,G,0.996,0.97122,0.0144,0.04263,0.1,2333671,direct,1,0.97122,-0.029202265808212963,-0.458522
chr12_2225094_G_A_b38,CACNA1C,12,2334260,2225094,G,A,8.09491e-08,-0.452949,0.0807304,0.339713,Cerebellum,12,rs11062166,2334260,A,G,0.996,0.97093,0.0144,0.04005,0.1,2334260,direct,1,0.97093,-0.029500903917684746,-0.452949
chr12_2226775_G_A_b38,CACNA1C,12,2335941,2226775,G,A,1.54794e-08,-0.457346,0.0769399,0.421053,Cerebellum,12,rs2239030,2335941,A,G,0.995,0.96715,0.014,0.01668,0.1,2335941,direct,1,0.96715,-0.03340167663403035,-0.457346
chr12_2228294_G_A_b38,CACNA1C,12,2337460,2228294,G,A,1.54794e-08,-0.457346,0.0769399,0.421053,Cerebellum,12,rs2283291,2337460,A,G,0.993,0.96647,0.014,0.01475,0.1,2337460,direct,1,0.96647,-0.03410502064995126,-0.457346
chr12_2228580_C_A_b38,CACNA1C,12,2337746,2228580,C,A,1.54794e-08,-0.457346,0.0769399,0.421053,Cerebellum,12,rs2239033,2337746,A,C,0.994,0.96715,0.014,0.01671,0.1,2337746,direct,1,0.96715,-0.03340167663403035,-0.457346
chr12_2229230_C_T_b38,CACNA1C,12,2338396,2229230,C,T,1.54794e-08,-0.457346,0.0769399,0.421053,Cerebellum,12,rs3794297,2338396,T,C,0.992,0.96696,0.014,0.01616,0.1,2338396,direct,1,0.96696,-0.03359814943093549,-0.457346
chr12_2229590_A_G_b38,CACNA1C,12,2338756,2229590,A,G,1.7428e-05,-0.385167,0.0870962,0.270335,Cerebellum,12,rs68089646,2338756,A,G,0.964,1.02706,0.0152,0.07868,0.1,2338756,flipped,-1,0.9736529511420948,-0.02670035182995637,0.385167
chr12_2229692_A_G_b38,CACNA1C,12,2338858,2229692,A,G,1.62025e-08,-0.462452,0.0779175,0.440191,Cerebellum,12,rs6489353,2338858,A,G,0.987,1.02583,0.014,0.06798,0.1,2338858,flipped,-1,0.9748203893432635,-0.025502041012343334,0.462452
chr12_2230084_G_A_b38,CACNA1C,12,2339250,2230084,G,A,3.40143e-07,0.419158,0.0789267,0.411483,Cerebellum,12,rs3829331,2339250,A,G,0.993,1.0321,0.014,0.02386,0.1,2339250,direct,1,1.0321,0.03159556158975058,0.419158
chr12_2230087_C_G_b38,CACNA1C,12,2339253,2230087,C,G,3.40143e-07,0.419158,0.0789267,0.411483,Cerebellum,12,rs3794296,2339253,C,G,0.992,0.96667,0.014,0.01528,0.1,2339253,flipped,-1,1.034479191451064,0.03389810340576454,-0.419158
chr12_2231632_A_C_b38,CACNA1C,12,2340798,2231632,A,C,1.14752e-09,-0.502123,0.0778814,0.430622,Cerebellum,12,rs34382810,2340798,A,C,0.976,1.02532,0.0141,0.07616,0.1,2340798,flipped,-1,0.9753052705496821,-0.025004758989566053,0.502123
chr12_2235478_G_A_b38,CACNA1C,12,2344644,2235478,G,A,8.57125e-10,-0.544063,0.0836727,0.318182,Cerebellum,12,rs769087,2344644,A,G,0.996,0.97356,0.0146,0.06608,0.1,2344644,direct,1,0.97356,-0.026795822787163116,-0.544063
chr12_2235794_A_G_b38,CACNA1C,12,2344960,2235794,A,G,4.41571e-10,-0.506247,0.076399,0.392345,Cerebellum,12,rs2007044,2344960,A,G,0.989,1.03025,0.0142,0.03585,0.1,2344960,flipped,-1,0.9706381946129579,-0.029801491236789785,0.506247
chr12_2236129_G_A_b38,CACNA1C,12,2345295,2236129,G,A,8.57125e-10,-0.544063,0.0836727,0.318182,Cerebellum,12,rs1006737,2345295,A,G,0.999,0.97414,0.0146,0.07183,0.1,2345295,direct,1,0.97414,-0.02620024850247422,-0.544063
chr12_2237227_C_T_b38,CACNA1C,12,2346393,2237227,C,T,8.57125e-10,-0.544063,0.0836727,0.318182,Cerebellum,12,rs2159100,2346393,T,C,0.999,0.97307,0.0146,0.06137,0.1,2346393,direct,1,0.97307,-0.027299256937822494,-0.544063
chr12_2237664_T_A_b38,CACNA1C,12,2346830,2237664,T,A,8.57125e-10,-0.544063,0.0836727,0.318182,Cerebellum,12,rs12315711,2346830,A,T,0.999,0.97424,0.0146,0.07376,0.1,2346830,direct,1,0.97424,-0.02609759912187311,-0.544063
chr12_2239678_G_C_b38,CACNA1C,12,2348844,2239678,G,C,8.76315e-11,-0.595578,0.0860196,0.279904,Cerebellum,12,rs11062170,2348844,C,G,0.998,0.97375,0.0146,0.06832,0.1,2348844,direct,1,0.97375,-0.02660068179717903,-0.595578
chr12_2240418_G_C_b38,CACNA1C,12,2349584,2240418,G,C,8.57125e-10,-0.544063,0.0836727,0.318182,Cerebellum,12,rs4765905,2349584,C,G,0.999,0.97472,0.0146,0.07894,0.1,2349584,direct,1,0.97472,-0.02560502871539472,-0.544063
chr12_2241235_G_C_b38,CACNA1C,12,2350401,2241235,G,C,4.67144e-09,-0.481458,0.0779207,0.41866,Cerebellum,12,rs882195,2350401,C,G,0.982,0.96551,0.0141,0.01266,0.1,2350401,direct,1,0.96551,-0.035098819839395265,-0.481458
chr12_2241286_A_G_b38,CACNA1C,12,2350452,2241286,A,G,2.8896e-10,-0.509053,0.0759213,0.423445,Cerebellum,12,rs882194,2350452,A,G,0.998,1.02984,0.0139,0.03478,0.1,2350452,flipped,-1,0.9710246251844946,-0.02940345036924199,0.509053
chr12_2241454_G_A_b38,CACNA1C,12,2350620,2241454,G,A,2.69332e-09,0.50441,0.0802572,0.380383,Cerebellum,12,rs882193,2350620,A,G,0.995,1.02112,0.0143,0.1427,0.1,2350620,direct,1,1.02112,0.020900064107741662,0.50441
chr12_2246640_C_T_b38,CACNA1C,12,2355806,2246640,C,T,1.06006e-08,-0.494703,0.0821911,0.337321,Cerebellum,12,rs7297582,2355806,T,C,0.989,0.97074,0.0141,0.03509,0.1,2355806,direct,1,0.97074,-0.029696611736836666,-0.494703
chr12_2252294_C_T_b38,CACNA1C,12,2361460,2252294,C,T,2.39285e-09,-0.52455,0.083162,0.313397,Cerebellum,12,rs758170,2361460,T,C,0.994,0.97356,0.0146,0.06735,0.1,2361460,direct,1,0.97356,-0.026795822787163116,-0.52455
chr12_2256738_G_A_b38,CACNA1C,12,2365904,2256738,G,A,2.39153e-05,-0.34282,0.0788898,0.456938,Cerebellum,12,rs4765911,2365904,A,G,0.995,0.9756,0.0139,0.07568,0.1,2365904,direct,1,0.9756,-0.02470261264037181,-0.34282
chr12_2259230_A_G_b38,CACNA1C,12,2368396,2259230,A,G,1.21899e-09,-0.490768,0.0762552,0.397129,Cerebellum,12,rs2370414,2368396,A,G,0.995,1.02901,0.0141,0.04161,0.1,2368396,flipped,-1,0.9718078541510773,-0.028597174977674878,0.490768
chr12_2259508_C_T_b38,CACNA1C,12,2368674,2259508,C,T,1.86052e-09,-0.543829,0.0855669,0.294258,Cerebellum,12,rs10774035,2368674,T,C,0.994,0.97317,0.0146,0.06309,0.1,2368674,direct,1,0.97317,-0.02719649468847196,-0.543829
chr12_2264964_G_A_b38,CACNA1C,12,2374130,2264964,G,A,1.21899e-09,-0.490768,0.0762552,0.397129,Cerebellum,12,rs2239038,2374130,A,G,0.99,0.97287,0.0141,0.05054,0.1,2374130,direct,1,0.97287,-0.027504813122190153,-0.490768
chr12_2274839_T_G_b38,CACNA1C,12,2384005,2274839,T,G,1.84147e-09,-0.483893,0.076113,0.409091,Cerebellum,12,rs2238057,2384005,T,G,0.998,1.02685,0.014,0.05851,0.1,2384005,flipped,-1,0.9738520718702829,-0.026495863803965153,0.483893
chr12_2277782_C_T_b38,CACNA1C,12,2386948,2277782,C,T,4.47221e-10,-0.578764,0.087374,0.279904,Cerebellum,12,rs10774036,2386948,T,C,0.996,0.97521,0.0146,0.08474,0.1,2386948,direct,1,0.97521,-0.025102446560841447,-0.578764
chr12_2277933_C_T_b38,CACNA1C,12,2387099,2277933,C,T,4.29297e-09,-0.517574,0.0835449,0.313397,Cerebellum,12,rs10744560,2387099,T,C,0.996,0.97521,0.0146,0.08504,0.1,2387099,direct,1,0.97521,-0.025102446560841447,-0.517574
chr12_2285615_A_T_b38,CACNA1C,12,2394781,2285615,A,T,1.26824e-10,-0.603691,0.0880482,0.279904,Cerebellum,12,rs12311439,2394781,A,T,0.995,1.0248,0.0146,0.09278,0.1,2394781,flipped,-1,0.9758001561280251,-0.02449747160038737,0.603691
chr12_2293080_A_G_b38,CACNA1C,12,2402246,2293080,A,G,5.49888e-10,0.574312,0.0872091,0.279904,Cerebellum,12,rs1024582,2402246,A,G,1.0,0.97951,0.0144,0.151,0.1,2402246,flipped,-1,1.0209186225765945,0.020702832359201756,-0.574312
chr12_2299028_A_G_b38,CACNA1C,12,2408194,2299028,A,G,8.74022e-08,0.482085,0.0861654,0.289474,Cerebellum,12,rs4298967,2408194,A,G,0.998,0.97883,0.0145,0.1399,0.1,2408194,flipped,-1,1.021627861835048,0.02139729810808026,-0.482085
chr12_2304637_C_T_b38,CACNA1C,12,2413803,2304637,C,T,5.58523e-05,0.316179,0.0764676,0.483254,Cerebellum,12,rs1860002,2413803,T,C,0.989,1.02573,0.0139,0.06752,0.1,2413803,direct,1,1.02573,0.025404554221726255,0.316179
chr12_2310730_A_T_b38,CACNA1C,12,2419896,2310730,A,T,5.01334e-06,0.505928,0.107281,0.181818,Cerebellum,12,rs4765913,2419896,A,T,1.01,0.97863,0.0166,0.1924,0.1,2419896,flipped,-1,1.02183664919326,0.021601644557760903,-0.505928
chr12_2356918_G_A_b38,CACNA1C,12,2466084,2356918,G,A,5.8059e-07,0.580711,0.111757,0.129187,Cerebellum,12,rs2238077,2466084,A,G,0.983,0.97697,0.0192,0.2257,0.1,2466084,direct,1,0.97697,-0.023299333654403523,0.580711
chr12_2366510_G_C_b38,CACNA1C,12,2475676,2366510,G,C,3.68218e-13,-0.72088,0.0914084,0.169856,Cerebellum,12,rs6489367,2475676,C,G,0.98,0.96252,0.0184,0.03718,0.1,2475676,direct,1,0.96252,-0.03820043381530352,-0.72088
chr12_2366684_G_C_b38,CACNA1C,12,2475850,2366684,G,C,2.10191e-10,-0.604826,0.0894219,0.196172,Cerebellum,12,rs6489368,2475850,C,G,0.987,0.9659,0.0171,0.04267,0.1,2475850,direct,1,0.9659,-0.034694969796886854,-0.604826
chr12_2368181_A_AAT_b38,CACNA1C,12,2477347,2368181,A,AAT,1.67386e-14,-0.772962,0.0919392,0.157895,Cerebellum,12,rs1611005,2477347,A,AAT,0.979,1.03821,0.0184,0.04207,0.1,2477347,flipped,-1,0.9631962705040406,-0.03749807642008436,0.772962
chr12_2372750_C_A_b38,CACNA1C,12,2481916,2372750,C,A,2.15125e-13,-0.726247,0.0910317,0.172249,Cerebellum,12,rs886899,2481916,A,C,0.982,0.96281,0.0183,0.03898,0.1,2481916,direct,1,0.96281,-0.037899186754079585,-0.726247
chr12_2372770_T_C_b38,CACNA1C,12,2481936,2372770,T,C,2.9822e-17,-0.91693,0.0971421,0.131579,Cerebellum,12,rs886898,2481936,T,C,0.97,1.03386,0.0201,0.09716,0.1,2481936,flipped,-1,0.9672489505348887,-0.0332993704009261,0.91693
chr12_2387486_AAAAGAAAG_A_b38,CACNA1C,12,2496652,2387486,AAAAGAAAG,A,3.22238e-05,-0.573373,0.134207,0.0862069,Cerebellum,12,rs150599021m,2496652,A,AAAAGAAAG,0.974,0.98147,0.0346,0.5885,0.1,2496652,direct,1,0.98147,-0.018703831193783604,-0.573373
chr12_2390002_A_G_b38,CACNA1C,12,2499168,2390002,A,G,6.44559e-06,-0.393111,0.0843995,0.277512,Cerebellum,12,rs753076,2499168,A,G,0.986,1.01806,0.0157,0.2534,0.1,2499168,flipped,-1,0.9822603775808891,-0.017898855487757867,0.393111
chr12_2390399_C_G_b38,CACNA1C,12,2499565,2390399,C,G,5.2965e-05,-0.327097,0.0788524,0.464115,Cerebellum,12,rs10160993,2499565,C,G,0.994,1.01461,0.0139,0.2967,0.1,2499565,flipped,-1,0.9856003784705453,-0.014504302202808005,0.327097
chr12_2390460_C_T_b38,CACNA1C,12,2499626,2390460,C,T,5.98141e-06,-0.386613,0.0826964,0.287081,Cerebellum,12,rs2887780,2499626,T,C,0.996,0.98472,0.0155,0.3196,0.1,2499626,direct,1,0.98472,-0.015397942180096675,-0.386613
chr12_2390581_G_C_b38,CACNA1C,12,2499747,2390581,G,C,1.512e-05,-0.599571,0.134539,0.0813397,Cerebellum,12,rs73037239,2499747,C,G,0.982,0.98383,0.0343,0.6346,0.1,2499747,direct,1,0.98383,-0.01630216108298418,-0.599571
chr12_2391148_G_A_b38,CACNA1C,12,2500314,2391148,G,A,8.36513e-06,-0.609312,0.13255,0.0837321,Cerebellum,12,rs7967959,2500314,A,G,0.922,0.9969,0.0333,0.9254,0.1,2500314,direct,1,0.9969,-0.0031048149534787565,-0.609312
chr12_2394817_G_A_b38,CACNA1C,12,2503983,2394817,G,A,1.512e-05,-0.599571,0.134539,0.0813397,Cerebellum,12,rs7955376,2503983,A,G,0.988,0.98501,0.0341,0.6589,0.1,2503983,direct,1,0.98501,-0.015103485577318247,-0.599571
chr12_2399041_C_T_b38,CACNA1C,12,2508207,2399041,C,T,1.512e-05,-0.599571,0.134539,0.0813397,Cerebellum,12,rs73037254,2508207,T,C,0.993,0.97795,0.0344,0.5172,0.1,2508207,direct,1,0.97795,-0.022296734998610297,-0.599571
chr12_2402873_A_G_b38,CACNA1C,12,2512039,2402873,A,G,8.40753e-06,-0.689043,0.149933,0.069378,Cerebellum,12,rs73037264,2512039,A,G,0.981,1.02419,0.0362,0.5081,0.1,2512039,flipped,-1,0.9763813354943908,-0.023902056280623585,0.689043
chr12_2404156_C_T_b38,CACNA1C,12,2513322,2404156,C,T,1.512e-05,-0.599571,0.134539,0.0813397,Cerebellum,12,rs73037269,2513322,T,C,0.994,0.97912,0.0341,0.5369,0.1,2513322,direct,1,0.97912,-0.021101069908054042,-0.599571
chr12_2406093_A_C_b38,CACNA1C,12,2515259,2406093,A,C,1.512e-05,-0.599571,0.134539,0.0813397,Cerebellum,12,rs73037273,2515259,A,C,0.995,1.02235,0.0341,0.5179,0.1,2515259,flipped,-1,0.9781386022399373,-0.022103898906926312,0.599571
chr12_2137854_A_C_b38,CACNA1C,12,2247020,2137854,A,C,9.95166e-06,-0.235911,0.0512986,0.111765,Putamen (basal ganglia),12,rs35766483,2247020,A,C,0.882,0.9801,0.0255,0.4303,0.1,2247020,flipped,-1,1.0203040506070808,0.02010067170700291,0.235911
