gene,tissue,variant_id,variant_pos,eqtl_pval,eqtl_beta,scientific_score,statistical_evidence,gwas_strength,eqtl_strength,proximity_factor,distance_kb,ld_factor,effect_size_weight,sample_size_correction,heterogeneity_penalty,formal_coloc_prior,neurodev_factor,gwas_pval_sim,gwas_beta_sim
FOXP2,Brain_Anterior_cingulate_cortex_BA24,chr7_114229535_A_C_b38,114229535,7.58503e-05,-0.262129,1.6526622966885702,4.320274653999609,4.53023778098502,4.120042697170106,0.8140440128106593,2.613,0.9022438765714397,0.03034643660846884,0.7071067811865476,1.0,1.1,1.25,2.949593849553289e-05,-0.11576909311243258
FOXP2,Brain_Anterior_cingulate_cortex_BA24,chr7_114232114_A_G_b38,114232114,7.58503e-05,-0.262129,1.6264664187336761,4.13769836002653,4.1554296828830575,4.120042697170106,0.8982162101844587,1.02,0.947742691971011,0.04549633255745804,0.7071067811865476,1.0,1.1,1.25,6.991499277637964e-05,-0.17356466685280164
FOXP2,Brain_Anterior_cingulate_cortex_BA24,chr7_114236790_A_G_b38,114236790,2.18392e-05,-0.281384,1.7348129950427396,4.69901026625414,4.737571119146463,4.660763274481448,0.75694507010241,4.36,0.8700259019721251,0.025369330986504245,0.7071067811865476,1.0,1.1,1.25,1.82990642016593e-05,-0.09015910992275411
FOXP2,Brain_Anterior_cingulate_cortex_BA24,chr7_114238316_G_C_b38,114238316,1.70208e-05,-0.281236,1.6226397520935483,4.401868637750811,4.062983039828101,4.7690200313595135,0.6618965063455644,9.335,0.8135702221354739,0.005469442478723779,0.7071067811865476,0.7,1.1,1.25,8.650016983691558e-05,0.019447874663001106
FOXP2,Brain_Anterior_cingulate_cortex_BA24,chr7_114244796_G_C_b38,114244796,2.49413e-05,-0.274341,1.7035457768998328,4.404314555161165,4.214131157814851,4.603080913804047,0.9546379675386342,0.368,0.9770557648049748,0.039034589197293176,0.7071067811865476,1.0,1.1,1.25,6.107575470320108e-05,-0.14228492714283747
FOXP2,Brain_Anterior_cingulate_cortex_BA24,chr7_114256034_T_C_b38,114256034,4.36716e-05,-0.268449,1.6111055600420006,4.361718856920895,4.363637661084992,4.359800896504539,0.6547100621014825,9.861,0.8091415587531532,0.005630016683895727,0.7071067811865476,0.7,1.1,1.25,4.32874834898921e-05,0.02097238836388188
FOXP2,Brain_Anterior_cingulate_cortex_BA24,chr7_114263134_G_T_b38,114263134,4.36716e-05,-0.268449,1.8062007217100466,4.9262815022329125,5.566366450059492,4.359800896504539,0.8705145157665778,1.446,0.933013673944052,0.0669408218251461,0.7071067811865476,0.7,1.1,1.25,2.7141481518110877e-06,0.24936141250347776
FOXP2,Brain_Anterior_cingulate_cortex_BA24,chr7_114309338_G_A_b38,114309338,6.13821e-05,-0.263577,1.5514762830726458,4.117999404159758,4.026136551108503,4.211958257598382,0.6638993252626662,9.193,0.8148001750507091,0.0013389174638702627,0.7071067811865476,0.7,1.1,1.25,9.41593493633667e-05,0.00507979627915282
FOXP2,Brain_Nucleus_accumbens_basal_ganglia,chr7_114125332_G_A_b38,114125332,4.65219e-05,-0.978883,1.6305315395061875,4.175373585436837,4.024091897241449,4.332342556569015,0.9162828856082151,0.783,0.9572266636529799,0.08541577214528803,0.7071067811865476,0.7,1.1,1.25,9.46036957612123e-05,0.08725840794588122
FOXP2,Brain_Nucleus_accumbens_basal_ganglia,chr7_114126220_CACTTG_C_b38,114126220,4.65219e-05,-0.978883,1.6178076691780974,4.1700369089028655,4.013811833795409,4.332342556569015,0.912595431507861,0.829,0.9552986085553883,0.014457255013387136,0.7071067811865476,0.7,1.1,1.25,9.686974716435794e-05,0.01476913483366974
FOXP2,Brain_Nucleus_accumbens_basal_ganglia,chr7_114127806_A_T_b38,114127806,4.65219e-05,-0.978883,1.5897551010053086,4.187998115334147,4.048462923931987,4.332342556569015,0.6821284194364532,7.987,0.8259106606870099,0.11423043379298738,0.7071067811865476,0.7,1.1,1.25,8.94410885247497e-05,0.11669467525024685
FOXP2,Brain_Nucleus_accumbens_basal_ganglia,chr7_114129260_A_G_b38,114129260,4.65219e-05,-0.978883,1.6220076904299163,4.172380279183063,4.01832425917459,4.332342556569015,0.9243808099037588,0.686,0.9614472475927938,0.02266730847101683,0.7071067811865476,0.7,1.1,1.25,9.586845774055748e-05,0.02315630005937056
FOXP2,Brain_Nucleus_accumbens_basal_ganglia,chr7_114131302_G_A_b38,114131302,4.65219e-05,-0.978883,1.5918648028519902,4.163513076136545,4.001262806163756,4.332342556569015,0.7230516025637961,5.774,0.8503244101893089,0.011904495304656903,0.7071067811865476,1.0,1.1,1.25,9.970965046714634e-05,-0.012161305594904501
FOXP2,Brain_Nucleus_accumbens_basal_ganglia,chr7_114132442_G_A_b38,114132442,4.65219e-05,-0.978883,1.678066105787592,4.455975282789031,4.583136135142429,4.332342556569015,0.7357527380550838,5.205,0.8577603033803114,0.1814844395025713,0.7071067811865476,0.7,1.1,1.25,2.6113426674393166e-05,0.18539952119157377
FOXP2,Brain_Nucleus_accumbens_basal_ganglia,chr7_114134498_G_C_b38,114134498,7.49746e-05,-0.668995,1.5576271308423308,4.118770704897374,4.112465235121851,4.125085842584189,0.6774684091093701,8.281,0.8230846913345978,0.021966973329781432,0.7071067811865476,0.7,1.1,1.25,7.71853299266478e-05,0.03283578102942687
FOXP2,Brain_Nucleus_accumbens_basal_ganglia,chr7_114134510_A_G_b38,114134510,4.65219e-05,-0.978883,1.62385180472781,4.34394944060985,4.355587420935288,4.332342556569015,0.656358866790927,9.738,0.8101597785566296,0.017893057215937265,0.7071067811865476,1.0,1.1,1.25,4.409735887864798e-05,-0.018279056042384296
FOXP2,Brain_Nucleus_accumbens_basal_ganglia,chr7_114140885_A_G_b38,114140885,4.65219e-05,-0.978883,1.6164833758175206,4.348754524911746,4.365228665786165,4.332342556569015,0.6784858446402877,8.216,0.8237025219339126,0.029606250543299118,0.7071067811865476,0.7,1.1,1.25,4.3129193215825534e-05,0.030244932789004527
FOXP2,Brain_Nucleus_accumbens_basal_ganglia,chr7_114142022_G_A_b38,114142022,4.65219e-05,-0.978883,1.636639985868152,4.399745036518678,4.468196162609326,4.332342556569015,0.7229875047866582,5.777,0.8502867191639878,0.01677500656953347,0.7071067811865476,0.7,1.1,1.25,3.402544684745148e-05,0.017136886195320045
FOXP2,Brain_Nucleus_accumbens_basal_ganglia,chr7_114143486_T_C_b38,114143486,4.65219e-05,-0.978883,1.590333985125008,4.250682782141564,4.170562202427475,4.332342556569015,0.6809253140522777,8.062,0.8251819884439298,0.015304103458182955,0.7071067811865476,0.7,1.1,1.25,6.752083394214835e-05,0.015634251956753723
FOXP2,Brain_Nucleus_accumbens_basal_ganglia,chr7_114144563_A_G_b38,114144563,4.65219e-05,-0.978883,1.5924313333271787,4.197547873663033,4.066947135788516,4.332342556569015,0.7112178590834661,6.351,0.8433373340979671,0.07544849680299319,0.7071067811865476,0.7,1.1,1.25,8.571421739505337e-05,0.07707611308296619
FOXP2,Brain_Nucleus_accumbens_basal_ganglia,chr7_114153150_A_G_b38,114153150,4.65219e-05,0.978883,1.6464169010518448,4.336094703758783,4.339850100601216,4.332342556569015,0.6977805941094668,7.066,0.8353326248324476,0.12321463595886106,0.7071067811865476,1.0,1.1,1.25,4.5724598363161704e-05,0.1258726895439609
FOXP2,Brain_Nucleus_accumbens_basal_ganglia,chr7_114158355_G_T_b38,114158355,4.65219e-05,0.978883,1.638067728229038,4.238865385594554,4.147405133037623,4.332342556569015,0.8987906745387034,1.012,0.9480457133169811,0.053450207994940296,0.7071067811865476,0.7,1.1,1.25,7.121883529012336e-05,-0.05460326514500742
FOXP2,Brain_Nucleus_accumbens_basal_ganglia,chr7_114163181_AT_A_b38,114163181,4.65219e-05,0.978883,1.6107609967305734,4.2134698069699175,4.097858740954871,4.332342556569015,0.7416331670403251,4.958,0.8611812625924493,0.1287984370276365,0.7071067811865476,0.7,1.1,1.25,7.982542860116407e-05,-0.13157694742644066
FOXP2,Brain_Nucleus_accumbens_basal_ganglia,chr7_114163519_T_G_b38,114163519,4.65219e-05,0.978883,1.584109982834278,4.173134680053388,4.019777483075136,4.332342556569015,0.7338982393260078,5.285,0.8566786091213016,0.029086919274964967,0.7071067811865476,0.7,1.1,1.25,9.554820153622926e-05,-0.029714398222223666
FOXP2,Brain_Nucleus_accumbens_basal_ganglia,chr7_114172203_T_C_b38,114172203,4.65219e-05,0.978883,1.5730252028914207,4.191101323687845,4.054464778825988,4.332342556569015,0.6716443222831663,8.662,0.8195390913697567,0.012257575809025674,0.7071067811865476,0.7,1.1,1.25,8.821353401915406e-05,-0.012522002945219882
FOXP2,Brain_Nucleus_accumbens_basal_ganglia,chr7_114173195_C_G_b38,114173195,4.65219e-05,0.978883,1.6232617928900623,4.313939395798464,4.295614408976977,4.332342556569015,0.719860074087838,5.925,0.8484456812830378,0.07495124386874667,0.7071067811865476,0.7,1.1,1.25,5.0627396096275376e-05,-0.07656813313618346
FOXP2,Brain_Nucleus_accumbens_basal_ganglia,chr7_114174341_G_A_b38,114174341,4.65219e-05,0.978883,1.8054731483520432,4.785681896635423,5.286458980732535,4.332342556569015,0.958607314841775,0.331,0.9790849375012236,0.07761603398762501,0.7071067811865476,1.0,1.1,1.25,5.170600921710513e-06,0.07929040956643951
FOXP2,Brain_Nucleus_accumbens_basal_ganglia,chr7_114185942_C_T_b38,114185942,4.65219e-05,0.978883,1.6044838088272113,4.218186126285206,4.107037696962767,4.332342556569015,0.6843031785934593,7.853,0.8272261955435523,0.05905668529253895,0.7071067811865476,1.0,1.1,1.25,7.815599618762435e-05,0.06033068844033347
FOXP2,Brain_Nucleus_accumbens_basal_ganglia,chr7_114188472_G_A_b38,114188472,4.65219e-05,0.978883,1.6317106515646,4.261167785052881,4.191162322757851,4.332342556569015,0.701029386391325,6.887,0.8372749765706157,0.14550747711309606,0.7071067811865476,1.0,1.1,1.25,6.43928544535304e-05,0.14864644407257666
FOXP2,Brain_Nucleus_accumbens_basal_ganglia,chr7_114836524_A_C_b38,114836524,3.73394e-06,1.47506,1.7308623365671412,4.791787947785027,4.230276273050078,5.4278326649295945,0.7076004949094035,6.537,0.841189927964787,0.012970696462269638,0.7071067811865476,0.7,1.1,1.25,5.884691861737214e-05,-0.008793334821817171
FOXP2,Brain_Nucleus_accumbens_basal_ganglia,chr7_114837079_C_T_b38,114837079,3.73394e-06,1.47506,1.9521859182923331,5.668968802229587,5.9208176199494575,5.4278326649295945,0.694480260232962,7.252,0.8333548225293725,0.044836788855998504,0.7071067811865476,0.7,1.1,1.25,1.200003133369946e-06,-0.030396586481904804
FOXP2,Brain_Nucleus_accumbens_basal_ganglia,chr7_114839808_A_T_b38,114839808,3.73394e-06,1.47506,1.7304742053186997,4.712815191841268,4.0919881660975905,5.4278326649295945,0.7137607950465694,6.223,0.8448436512435714,0.033408299055900155,0.7071067811865476,1.0,1.1,1.25,8.091179461828006e-05,0.02264877296916746
FOXP2,Brain_Nucleus_accumbens_basal_ganglia,chr7_114844282_A_T_b38,114844282,3.73394e-06,1.47506,1.7939227956917356,4.749597715224302,4.156111628536456,5.4278326649295945,0.8583727877896443,1.66,0.9264841001278135,0.2960557372385168,0.7071067811865476,0.7,1.1,1.25,6.980529575299234e-05,-0.2007075896834819
FOXP2,Brain_Nucleus_accumbens_basal_ganglia,chr7_114844649_C_T_b38,114844649,3.73394e-06,1.47506,1.7628834559058546,4.859149268494004,4.350047813018216,5.4278326649295945,0.6727573248794613,8.588,0.8202178520853233,0.06300051148831302,0.7071067811865476,1.0,1.1,1.25,4.466344178786396e-05,0.04271047380331174
FOXP2,Brain_Nucleus_accumbens_basal_ganglia,chr7_114850364_AAG_A_b38,114850364,3.73394e-06,1.47506,1.7075624769590918,4.711664786758917,4.089990689326439,5.4278326649295945,0.678580123267717,8.21,0.8237597485114923,0.031817392062673096,0.7071067811865476,0.7,1.1,1.25,8.12847942313949e-05,-0.021570235829507338
FOXP2,Brain_Nucleus_accumbens_basal_ganglia,chr7_114855039_T_C_b38,114855039,3.73394e-06,1.47506,1.7565231154346772,4.6662644396976924,4.0115503121299065,5.4278326649295945,0.7163696052880253,6.094,0.8463862033894606,0.2810151083963295,0.7071067811865476,1.0,1.1,1.25,9.737549712668485e-05,0.19051096795813693
FOXP2,Brain_Nucleus_accumbens_basal_ganglia,chr7_114855615_A_G_b38,114855615,3.73394e-06,1.47506,1.7907524314003187,4.909511897375676,4.440687205817897,5.4278326649295945,0.7339904021986423,5.281,0.8567323982426731,0.0792798585578744,0.7071067811865476,1.0,1.1,1.25,3.6250399255998244e-05,0.05374687033603677
CNTNAP2,Brain_Cortex,chr7_145525925_A_G_b38,145525925,6.66075e-06,0.515629,1.668701703060755,4.554707177577864,4.007621014892618,5.176476866547016,0.69566043875068,7.185,0.8340626108096921,0.01039269102708434,0.7071067811865476,1.0,1.0,1.2,9.826050348183154e-05,0.02015536563514531
CNTNAP2,Brain_Cortex,chr7_145560309_A_G_b38,145560309,6.66075e-06,0.515629,1.6933973487291665,4.647490489431177,4.172561455637496,5.176476866547016,0.6941998440149164,7.268,0.8331865601501961,0.022436104236401147,0.7071067811865476,1.0,1.0,1.2,6.72107194620308e-05,0.04351210703122041
CNTNAP2,Brain_Hippocampus,chr7_145479385_A_G_b38,145479385,1.90717e-05,0.822883,1.6597592519422966,4.367436251405242,4.041540934926578,4.719610593387492,0.8602350927488465,1.626,0.9274885944036436,0.13603591746426585,0.7071067811865476,0.7,1.0,1.2,9.087806368629663e-05,-0.16531623264092934
CNTNAP2,Brain_Hippocampus,chr7_145502467_A_G_b38,145502467,1.90717e-05,0.822883,1.6446218619366522,4.392056594921289,4.087235747800563,4.719610593387492,0.7003335763700702,6.925,0.8368593528007381,0.11440708901393756,0.7071067811865476,1.0,1.0,1.2,8.180206219725542e-05,0.13903202401062795
CNTNAP2,Brain_Hippocampus,chr7_145545554_C_T_b38,145545554,3.20888e-05,0.717457,1.6128243346093507,4.411491326072769,4.33083813288716,4.493646523575196,0.6561298617588396,9.755,0.8100184329747315,0.032130016074697156,0.7071067811865476,0.7,1.0,1.2,4.668333426560539e-05,-0.04478319407950185
CNTNAP2,Brain_Hippocampus,chr7_145639085_A_C_b38,145639085,1.90717e-05,0.822883,1.7454752046832653,4.813769389117689,4.909806703983719,4.719610593387492,0.7601124389939845,4.244,0.8718442745089197,0.0008059065679909896,0.7071067811865476,1.0,1.0,1.2,1.2308164613577104e-05,0.0009793695677161754
CNTNAP2,Brain_Hippocampus,chr7_145656068_G_A_b38,145656068,3.20888e-05,0.717457,1.6412252532681801,4.26686940512806,4.051536858740916,4.493646523575196,0.971213389775084,0.22,0.9855015929845492,0.03043370735195042,0.7071067811865476,0.7,1.0,1.2,8.881025995090099e-05,-0.042418859042354345
CNTNAP2,Brain_Hippocampus,chr7_145659557_G_A_b38,145659557,3.20888e-05,0.717457,1.760307629664482,4.750912565202852,5.022907361268031,4.493646523575196,0.9022861721830231,0.964,0.9498874523768713,0.010247594533156303,0.7071067811865476,1.0,1.0,1.2,9.486207906589909e-06,0.014283217716401545
CNTNAP2,Brain_Hippocampus,chr7_145887265_C_T_b38,145887265,1.90717e-05,0.822883,1.6773734070457147,4.497794105170748,4.286402747051336,4.719610593387492,0.8476251245655304,1.865,0.9206655878034816,0.05335916779463321,0.7071067811865476,0.7,1.0,1.2,5.171270469128469e-05,-0.06484417322345122
CNTNAP2,Brain_Hippocampus,chr7_145907878_C_T_b38,145907878,1.90717e-05,0.822883,1.6291005061692747,4.363044921040886,4.033417716642062,4.719610593387492,0.8120148450013958,2.664,0.9011186631079149,0.004763364862652454,0.7071067811865476,0.7,1.0,1.2,9.25938800973047e-05,-0.005788629565384695
CNTNAP2,Brain_Hippocampus,chr7_145910934_ATTCT_A_b38,145910934,1.90717e-05,0.822883,1.7178917477881481,4.7859367120120355,4.853194931691263,4.719610593387492,0.6574006855499002,9.661,0.8108024947851975,0.006710262369862828,0.7071067811865476,1.0,1.0,1.2,1.4021841973973229e-05,0.00815457649491219
CNTNAP2,Brain_Hippocampus,chr7_145945858_A_G_b38,145945858,1.90717e-05,0.822883,1.7576407810627233,4.856453673177323,4.9972644592250814,4.719610593387492,0.7496763385208938,4.636,0.8658385175775526,0.12520921409232347,0.7071067811865476,0.7,1.0,1.2,1.0063186946640538e-05,-0.1521591940680795
CNTNAP2,Brain_Hippocampus,chr7_146307796_G_T_b38,146307796,5.15641e-06,0.656947,1.6799193626745796,4.677727005207771,4.138155768581741,5.287652558025704,0.6666666666666667,9.0,0.816496580927726,0.020848501074729537,0.7071067811865476,0.7,1.0,1.2,7.27518818259657e-05,-0.03173543843678339
CNTNAP2,Brain_Hippocampus,chr7_146322329_G_A_b38,146322329,5.15641e-06,0.656947,1.8772471411915266,5.372843039736166,5.459406043202629,5.287652558025704,0.7339673559791713,5.282,0.8567189480682514,0.08372469956752752,0.7071067811865476,0.7,1.0,1.2,3.4721138469625337e-06,-0.1274451357073364
CNTNAP2,Brain_Hippocampus,chr7_146382062_T_C_b38,146382062,6.1993e-06,0.592106,1.719800414866297,4.647199741434506,4.1470596085261535,5.207657346517918,0.8972875404539872,1.033,0.9472526275782966,0.019809383753917803,0.7071067811865476,0.7,1.0,1.2,7.12755195122177e-05,-0.03345580648383533
CNTNAP2,Brain_Hippocampus,chr7_146383721_C_T_b38,146383721,6.1993e-06,0.592106,1.6897962129546902,4.651328776316803,4.154432203543278,5.207657346517918,0.6665364369166966,9.009,0.8164168279235164,0.030874616179855402,0.7071067811865476,1.0,1.0,1.2,7.00757567566433e-05,0.05214373132489014
CNTNAP2,Brain_Hippocampus,chr7_146470992_T_TG_b38,146470992,3.95285e-05,0.562709,1.6711779721732491,4.394872919824155,4.386671507530316,4.403089665649008,0.8873805236529686,1.177,0.942008770475609,0.02960739002032681,0.7071067811865476,1.0,1.0,1.2,4.1051449130183244e-05,0.052615810339494855
CNTNAP2,Brain_Hippocampus,chr7_146471804_C_T_b38,146471804,7.16957e-06,0.63626,1.782850464564881,4.932458039066776,4.729149522821553,5.144506890667937,0.7200483384660383,5.916,0.8485566206600702,0.1077490922907965,0.7071067811865476,1.0,1.0,1.2,1.8657372274029208e-05,0.1693475816345464
CNTNAP2,Brain_Hippocampus,chr7_146578549_G_A_b38,146578549,3.95285e-05,0.562709,1.7028504070153438,4.7467911418683695,5.11732166626201,4.403089665649008,0.6541380523911275,9.904,0.8087880144952245,0.07628289414269936,0.7071067811865476,0.7,1.0,1.2,7.632702474188224e-06,-0.13556366459875238
CNTNAP2,Brain_Hippocampus,chr7_146720390_G_A_b38,146720390,1.49406e-05,0.68531,1.7510083232205456,4.896389293976745,4.968184128071246,4.825631961325384,0.6712403480313363,8.689,0.8192925900014819,0.023900069352370712,0.7071067811865476,1.0,1.0,1.2,1.07600892081314e-05,0.03487482942372169
CACNA1C,Brain_Cerebellar_Hemisphere,chr12_1448858_C_G_b38,1448858,2.45124e-05,-1.13468,1.6486902845122864,4.3789153951908215,4.158860262819904,4.61061416505437,0.7293187006899244,5.487,0.8540015811987262,0.08968529581709933,0.7071067811865476,0.7,1.1,1.3,6.936489563469082e-05,0.0790401662293328
CACNA1C,Brain_Cerebellar_Hemisphere,chr12_1450382_G_A_b38,1450382,2.45124e-05,-1.13468,1.6493979914959969,4.351414143301076,4.1067858573018015,4.61061416505437,0.7554939161885041,4.414,0.8691915302098291,0.003936914018761783,0.7071067811865476,1.0,1.1,1.3,7.820133060552102e-05,-0.0034696249328108214
CACNA1C,Brain_Cerebellar_Hemisphere,chr12_2183524_G_A_b38,2183524,2.83928e-06,-0.472111,1.7318225155775075,4.770690114597711,4.103179835408061,5.546791776738416,0.687761747262932,7.644,0.8293140221067844,0.04895763006204656,0.7071067811865476,0.7,1.1,1.3,7.885335290503263e-05,0.10369940556785705
CACNA1C,Brain_Cerebellar_Hemisphere,chr12_2185097_A_G_b38,2185097,3.4292e-06,-0.455771,1.8826894289415659,5.2030796479982495,4.953887101084345,5.464807184945303,0.8451701508553429,1.914,0.9193313607483119,0.016667867468105727,0.7071067811865476,1.0,1.1,1.3,1.1120207699181737e-05,-0.03657070649099159
CACNA1C,Brain_Cerebellar_Hemisphere,chr12_2187528_G_GT_b38,2187528,1.79998e-05,-0.405462,1.7844758467329895,5.0166456043219725,5.304141818720595,4.744732320417746,0.6713001249816235,8.685,0.8193290700210896,0.013172278563260456,0.7071067811865476,0.7,1.1,1.3,4.964301858647762e-06,0.03248708525894031
CACNA1C,Brain_Cerebellar_Hemisphere,chr12_2188187_C_T_b38,2188187,3.71342e-09,-0.54933,2.160384271412524,6.51558457832103,5.035789403572334,8.430225927863315,0.6544038222974267,9.884,0.8089522991483655,0.04481096969440761,0.7071067811865476,0.7,1.1,1.3,9.208960208936394e-06,0.08157386214917738
CACNA1C,Brain_Cerebellar_Hemisphere,chr12_2188364_A_ACT_b38,2188364,1.3526e-05,-0.382982,1.7383663384694161,4.568784270751427,4.287228567813739,4.868830616910676,0.9192356983390231,0.747,0.9587678020975794,0.011316384681953746,0.7071067811865476,1.0,1.1,1.3,5.161446524765786e-05,-0.02954808498037439
CACNA1C,Brain_Cerebellar_Hemisphere,chr12_2188830_C_G_b38,2188830,1.94929e-08,-0.525799,2.0314990065386134,5.857364082945961,4.449826750402029,7.710123545166265,0.8181897235115496,2.511,0.9045384035581627,0.05510005867279634,0.7071067811865476,0.7,1.1,1.3,3.549549603157618e-05,0.10479300773260569
CACNA1C,Brain_Cerebellar_Hemisphere,chr12_2188906_T_C_b38,2188906,6.20472e-09,-0.538838,2.0695915779753213,5.899888379542351,4.241197104322595,8.207277812102184,0.993627903184309,0.045,0.9968088599046003,0.0012248900198162493,0.7071067811865476,0.7,1.1,1.3,5.7385595887150496e-05,0.0022732064550314737
CACNA1C,Brain_Cerebellar_Hemisphere,chr12_2188919_C_T_b38,2188919,6.20472e-09,-0.538838,2.0064941322387484,5.786681438787485,4.079998611065743,8.207277812102184,0.7646266300990988,4.083,0.8744293168113125,0.0798411215148402,0.7071067811865476,0.7,1.1,1.3,8.317664312033432e-05,0.1481727745905823
CACNA1C,Brain_Cerebellar_Hemisphere,chr12_2189132_C_T_b38,2189132,2.91971e-08,-0.504351,2.074611116843009,6.126530185649923,4.981561305685072,7.534660282679768,0.7152110739863768,6.151,0.8457015277190747,0.03610718961339796,0.7071067811865476,0.7,1.1,1.3,1.0433708384810925e-05,0.07159139094281158
CACNA1C,Brain_Cerebellar_Hemisphere,chr12_2189558_T_C_b38,2189558,9.22284e-09,-0.533555,2.0032562963829754,5.824075612730736,4.2214418760304,8.035135325539807,0.6902959144484464,7.494,0.8308404867653275,0.09932186158557953,0.7071067811865476,0.7,1.1,1.3,6.005623800270931e-05,0.1861511214131243
CACNA1C,Brain_Cerebellar_Hemisphere,chr12_2189808_AG_A_b38,2189808,6.79819e-08,-0.504193,1.9942850794278701,5.656833998180556,4.464498711346461,7.167606701653747,0.9090768044827469,0.874,0.9534551926979824,0.017725745479106925,0.7071067811865476,0.7,1.1,1.3,3.4316365804197874e-05,0.035156667147514795
CACNA1C,Brain_Cerebellar_Hemisphere,chr12_2189882_C_T_b38,2189882,2.15505e-08,-0.521957,1.9964686773514981,5.728892785428959,4.28096653847502,7.666542649182048,0.7645696809137456,4.085,0.8743967525750227,0.10939783654026322,0.7071067811865476,0.7,1.1,1.3,5.2364078051088415e-05,0.2095916647161801
CACNA1C,Brain_Cerebellar_Hemisphere,chr12_2190657_C_T_b38,2190657,9.22284e-09,-0.533555,2.0154203654884504,5.861999443725077,4.276597230293017,8.035135325539807,0.7425349796393332,4.921,0.8617046939870603,0.044394067292802396,0.7071067811865476,0.7,1.1,1.3,5.289355653171329e-05,0.083204294389149
CACNA1C,Brain_Cerebellar_Hemisphere,chr12_2190832_A_C_b38,2190832,1.14508e-08,-0.531953,2.013351331091808,5.870058598009605,4.339110387788611,7.941164170664827,0.6651545607162257,9.105,0.8155700832645995,0.025305406912386988,0.7071067811865476,1.0,1.1,1.3,4.580254522556401e-05,-0.04757075702625418
CACNA1C,Brain_Cerebellar_Hemisphere,chr12_2190842_A_G_b38,2190842,1.14508e-08,-0.531953,1.9768194974279045,5.789383225061887,4.220660523609597,7.941164170664827,0.6544038222974267,9.884,0.8089522991483655,0.03138139856218047,0.7071067811865476,0.7,1.1,1.3,6.01643842638462e-05,0.0589928030524886
CACNA1C,Brain_Cerebellar_Hemisphere,chr12_2191041_A_G_b38,2191041,1.14508e-08,-0.531953,2.0819470968053855,6.016635756199653,4.558513719752195,7.941164170664827,0.8279538077609752,2.282,0.9099196710484806,0.012616275785487007,0.7071067811865476,1.0,1.1,1.3,2.763670610958007e-05,-0.023716899398042696
CACNA1C,Brain_Cerebellar_Hemisphere,chr12_2191441_G_C_b38,2191441,9.22284e-09,-0.533555,2.015789819902556,5.722681027729572,4.075734485895032,8.035135325539807,0.8176957856062524,2.523,0.9042653292072258,0.07551989393231792,0.7071067811865476,1.0,1.1,1.3,8.399733630960842e-05,-0.1415409731561281
CACNA1C,Brain_Cerebellar_Hemisphere,chr12_2194430_GC_G_b38,2194430,9.22284e-09,-0.533555,2.2576794045303368,6.757272667011908,5.682634087221015,8.035135325539807,0.8607874201159235,1.616,0.9277863008882614,0.00502544368326839,0.7071067811865476,0.7,1.1,1.3,2.0766624627875513e-06,0.00941879222061154
CACNA1C,Brain_Cerebellar_Hemisphere,chr12_2195191_C_T_b38,2195191,1.49785e-08,-0.523952,2.0039475836953584,5.756153266530427,4.234541030535888,7.824531676245405,0.7251829099877958,5.675,0.85157671996585,0.06842320299561558,0.7071067811865476,1.0,1.1,1.3,5.8271871908698946e-05,-0.13059059416819782
CACNA1C,Brain_Cerebellar_Hemisphere,chr12_2196962_A_G_b38,2196962,2.07727e-08,-0.513935,1.9978853984046276,5.600245017635239,4.082358017972924,7.682507050942422,0.947716032976663,0.435,0.9735070790583205,0.0840356868322098,0.7071067811865476,0.7,1.1,1.3,8.272599168904084e-05,0.16351423201807583
CACNA1C,Brain_Cerebellar_Hemisphere,chr12_2197541_G_A_b38,2197541,3.0847e-08,-0.508065,2.0437115677503903,5.879978553027325,4.6032656068908135,7.510787066535086,0.8173264350314897,2.532,0.9040610792592997,7.85462833768265e-06,0.7071067811865476,1.0,1.1,1.3,2.4930695429801527e-05,-1.545988867110045e-05
CACNA1C,Brain_Cerebellar_Hemisphere,chr12_2198130_G_A_b38,2198130,9.22284e-09,-0.533555,2.010679014946522,5.674423447191548,4.0072855220859696,8.035135325539807,0.9063222109174242,0.91,0.9520095645094245,0.0014212462761590827,0.7071067811865476,1.0,1.1,1.3,9.833643911942316e-05,-0.002663729655160354
CACNA1C,Brain_Cerebellar_Hemisphere,chr12_2199857_G_A_b38,2199857,1.14508e-08,-0.531953,1.9763902180079236,5.671660572553166,4.0507579189816765,7.941164170664827,0.6875943697124316,7.654,0.8292131027139112,0.0780262068181406,0.7071067811865476,1.0,1.1,1.3,8.896969075263328e-05,-0.14667876075168407
CACNA1C,Brain_Cerebellar_Hemisphere,chr12_2200227_T_C_b38,2200227,1.14508e-08,-0.531953,2.110124487999345,6.24878616005768,4.9170786089993905,7.941164170664827,0.6703614931624378,8.748,0.8187560645042196,0.03191626294321353,0.7071067811865476,1.0,1.1,1.3,1.2103790303845264e-05,-0.05999827605674473
CACNA1C,Brain_Cerebellar_Hemisphere,chr12_2200698_C_T_b38,2200698,1.14508e-08,-0.531953,2.0904155988973923,6.137448642858734,4.7434198606392695,7.941164170664827,0.7157790185518103,6.123,0.8460372441871635,0.02248121908377295,0.7071067811865476,1.0,1.1,1.3,1.8054278578410164e-05,-0.04226166425186614
CACNA1C,Brain_Cerebellar_Hemisphere,chr12_2201144_G_T_b38,2201144,2.67468e-08,-0.520161,1.9381258644265889,5.542223741046495,4.056166193655066,7.57272816973522,0.7789863417020086,3.603,0.8826020290606682,0.01167397923294734,0.7071067811865476,0.7,1.1,1.3,8.786862012144056e-05,0.022443011361765568
CACNA1C,Brain_Cerebellar_Hemisphere,chr12_2201286_A_G_b38,2201286,1.14508e-08,-0.531953,2.01408794934418,5.822018683835712,4.268379399603117,7.941164170664827,0.6957842979272275,7.178,0.8341368580318385,0.06727513182885946,0.7071067811865476,1.0,1.1,1.3,5.3903951191624586e-05,-0.126468187657292
CACNA1C,Brain_Cerebellar_Hemisphere,chr12_2201363_C_T_b38,2201363,1.14508e-08,-0.531953,2.0483489499673313,5.819805841123578,4.2651353504936464,7.941164170664827,0.9578479621893986,0.338,0.9786970737615387,0.0409327324214562,0.7071067811865476,0.7,1.1,1.3,5.430810506314387e-05,0.07694802439586994
CACNA1C,Brain_Cerebellar_Hemisphere,chr12_2201385_G_A_b38,2201385,1.14508e-08,-0.531953,2.175718293162912,6.424872309919573,5.198102357744789,7.941164170664827,0.8627373318187104,1.581,0.9288365474176339,0.009968553665295024,0.7071067811865476,0.7,1.1,1.3,6.337203337456657e-06,0.01873953839022437
CACNA1C,Brain_Cerebellar_Hemisphere,chr12_2201450_A_G_b38,2201450,1.14508e-08,-0.531953,1.9849976774005116,5.657232862153931,4.0301752953125245,7.941164170664827,0.746450460139548,4.763,0.8639736455121464,0.07742566780818141,0.7071067811865476,1.0,1.1,1.3,9.328776851607339e-05,-0.14554982828968238
CACNA1C,Brain_Cerebellar_Hemisphere,chr12_2202147_C_T_b38,2202147,1.14508e-08,-0.531953,2.0196380405252294,5.872220890241532,4.342307682187379,7.941164170664827,0.6998230058490813,6.953,0.8365542456105768,0.014955096051811221,0.7071067811865476,1.0,1.1,1.3,4.5466583145605936e-05,-0.028113566521499496
CACNA1C,Brain_Cerebellar_Hemisphere,chr12_2202670_A_T_b38,2202670,4.38313e-06,-0.394298,1.7896061426693333,4.9444938888111984,4.562716661853865,5.358215648340933,0.6844831631433816,7.842,0.8273349763810193,0.04910680158846393,0.7071067811865476,1.0,1.1,1.3,2.7370538257456466e-05,-0.12454235524517987
CACNA1C,Brain_Cerebellar_Hemisphere,chr12_2203116_A_G_b38,2203116,1.14508e-08,-0.531953,2.128315451884202,6.2754791380563155,4.959176962700048,7.941164170664827,0.7395345649344032,5.045,0.8599619555157095,0.012057393064910623,0.7071067811865476,1.0,1.1,1.3,1.098558116905451e-05,-0.02266627515008022
CACNA1C,Brain_Cerebellar_Hemisphere,chr12_2203125_C_T_b38,2203125,1.14508e-08,-0.531953,1.9606572359664276,5.645636879928208,4.013670426024843,7.941164170664827,0.6849094728307634,7.816,0.8275925765923492,0.020277728545808282,0.7071067811865476,1.0,1.1,1.3,9.690129342127495e-05,-0.03811939879239008
CACNA1C,Brain_Cerebellar_Hemisphere,chr12_2203135_A_C_b38,2203135,1.14508e-08,-0.531953,2.0353011640544763,5.692773868500982,4.080972716519786,7.941164170664827,0.9230134814171437,0.702,0.9607359061766889,0.11247603986890276,0.7071067811865476,1.0,1.1,1.3,8.299029024807741e-05,-0.21143980740573462
CACNA1C,Brain_Cerebellar_Hemisphere,chr12_2203242_A_G_b38,2203242,1.14508e-08,-0.531953,2.067027055181555,6.15779554582139,4.774922816003595,7.941164170664827,0.6591905429381713,9.53,0.8119055012365486,0.011989060287812728,0.7071067811865476,0.7,1.1,1.3,1.6791024062526273e-05,0.022537818731753985
CACNA1C,Brain_Cerebellar_Hemisphere,chr12_2203323_T_C_b38,2203323,1.14508e-08,-0.531953,2.0136125896106174,5.844151335344454,4.300893936505661,7.941164170664827,0.7830689867826898,3.475,0.8849118525495575,0.006083629223265034,0.7071067811865476,0.7,1.1,1.3,5.001566684347288e-05,0.011436403635781797
CACNA1C,Brain_Cerebellar_Hemisphere,chr12_2203454_A_C_b38,2203454,1.14508e-08,-0.531953,2.21170313496738,6.472734788261527,5.275837992864902,7.941164170664827,0.8850061953575807,1.213,0.9407476789009797,0.03988708393072135,0.7071067811865476,1.0,1.1,1.3,5.298610638652353e-06,-0.0749823460544848
CACNA1C,Brain_Cerebellar_Hemisphere,chr12_2203654_A_C_b38,2203654,1.14508e-08,-0.531953,2.202227988969016,6.614456024207005,5.509397306982704,7.941164170664827,0.7632377840990364,4.132,0.8736348116341498,0.007027706802265569,0.7071067811865476,0.7,1.1,1.3,3.094586973156849e-06,0.013211142342021887
CACNA1C,Brain_Cerebellar_Hemisphere,chr12_2203655_G_A_b38,2203655,1.14508e-08,-0.531953,2.0932989076356026,6.173370085392873,4.79910720798422,7.941164170664827,0.674917352919773,8.446,0.8215335373067694,0.039031676667243734,0.7071067811865476,1.0,1.1,1.3,1.5881546554830107e-05,-0.07337429559988144
CACNA1C,Brain_Cerebellar_Hemisphere,chr12_2203660_A_G_b38,2203660,1.14508e-08,-0.531953,2.0124008644826326,5.6820089668292475,4.065553262126437,7.941164170664827,0.9745745815319274,0.192,0.987205440388133,0.008541422587090858,0.7071067811865476,0.7,1.1,1.3,8.598976020826089e-05,0.01605672416001199
CACNA1C,Brain_Cerebellar_Hemisphere,chr12_2203731_C_T_b38,2203731,1.14508e-08,-0.531953,2.0095460593999173,5.860471434866618,4.324948420756834,7.941164170664827,0.7001692679539562,6.934,0.8367611773701957,0.0667734308966333,0.7071067811865476,0.7,1.1,1.3,4.732074563900438e-05,0.12552505747055342
CACNA1C,Brain_Cerebellar_Hemisphere,chr12_2203799_G_A_b38,2203799,1.14508e-08,-0.531953,2.0487246097226337,5.848538709473261,4.307353972426881,7.941164170664827,0.8420251021946142,1.978,0.9176192577505194,0.05209042087612958,0.7071067811865476,1.0,1.1,1.3,4.927720056058822e-05,-0.09792297604511974
CACNA1C,Brain_Cerebellar_Hemisphere,chr12_2203945_A_G_b38,2203945,1.14508e-08,-0.531953,1.969865648304335,5.696284049746834,4.08600694785582,7.941164170664827,0.6837645636983827,7.886,0.8269005766707281,0.09886143684761146,0.7071067811865476,0.7,1.1,1.3,8.203384204268046e-05,0.18584618725265478
CACNA1C,Brain_Cerebellar_Hemisphere,chr12_2203960_A_G_b38,2203960,1.14508e-08,-0.531953,2.1241729443283375,6.2301966381014156,4.88786647841844,7.941164170664827,0.7555741553558061,4.411,0.8692376863412021,0.03768809831224941,0.7071067811865476,1.0,1.1,1.3,1.294593796407341e-05,-0.07084854923696156
CACNA1C,Brain_Cerebellar_Hemisphere,chr12_2204137_C_T_b38,2204137,5.93026e-08,-0.498904,1.9889544458775608,5.570750912591671,4.294116833376346,7.226926265473855,0.8851370858070954,1.211,0.9408172435744869,0.05802501588316686,0.7071067811865476,1.0,1.1,1.3,5.0802275650820284e-05,-0.11630497226553978
CACNA1C,Brain_Cerebellar_Hemisphere,chr12_2204443_A_G_b38,2204443,1.14508e-08,-0.531953,2.0464010898917944,5.86051869976279,4.325018182742588,7.941164170664827,0.8355139830016038,2.115,0.9140645398447551,0.02551456931817223,0.7071067811865476,1.0,1.1,1.3,4.731314498047634e-05,-0.0479639541804863
CACNA1C,Brain_Cerebellar_Hemisphere,chr12_2205153_A_C_b38,2205153,1.94641e-05,-0.373561,1.7050936265196688,4.536229503707309,4.368159984917941,4.710765672812512,0.8745960499057758,1.378,0.9351984013597199,0.0041088323489882434,0.7071067811865476,0.7,1.1,1.3,4.283906812444944e-05,0.010999093451908104
CACNA1C,Brain_Cerebellar_Hemisphere,chr12_2205260_C_T_b38,2205260,1.14508e-08,-0.531953,1.9571181486256815,5.699031290387503,4.0899491498734175,7.941164170664827,0.6810851515724363,8.052,0.8252788326210944,0.013059946081174363,0.7071067811865476,0.7,1.1,1.3,8.12925693414098e-05,0.024550939803280297
CACNA1C,Brain_Cerebellar_Hemisphere,chr12_2205659_G_A_b38,2205659,1.88014e-08,-0.521908,2.1393992532383974,6.189896799418133,4.959327672495714,7.7258098108620095,0.8736857671288543,1.393,0.934711595696156,0.04460233750843973,0.7071067811865476,1.0,1.1,1.3,1.0981769590679612e-05,-0.08546015295500303
CACNA1C,Brain_Cerebellar_Hemisphere,chr12_2205831_T_A_b38,2205831,1.14508e-08,-0.531953,2.0683188317089507,5.902877928835006,4.387765709647878,7.941164170664827,0.8898620755502697,1.14,0.9433250105611902,0.027179059952563624,0.7071067811865476,1.0,1.1,1.3,4.094815045637704e-05,-0.05109297241027614
CACNA1C,Brain_Cerebellar_Hemisphere,chr12_2206062_G_A_b38,2206062,1.14508e-08,-0.531953,2.0226264053088685,5.674456905445056,4.054753242692043,7.941164170664827,0.8906081128538925,1.129,0.943720357337857,0.1022549877805328,0.7071067811865476,1.0,1.1,1.3,8.81549609332022e-05,-0.1922256059849889
CACNA1C,Brain_Cerebellar_Hemisphere,chr12_2206540_T_C_b38,2206540,1.14508e-08,-0.531953,2.0536829448900846,5.811298276720926,4.252674662711615,7.941164170664827,0.9065497689846648,0.907,0.9521290715993629,0.05968216722374621,0.7071067811865476,1.0,1.1,1.3,5.5888871087582455e-05,-0.11219443677119259
CACNA1C,Brain_Cerebellar_Hemisphere,chr12_2206827_C_T_b38,2206827,1.14508e-08,-0.531953,1.9974916534544196,5.695104512115166,4.084314932529491,7.941164170664827,0.8822203015628984,1.256,0.939265831148402,0.011634793051323799,0.7071067811865476,0.7,1.1,1.3,8.235407005211671e-05,0.021871844037581887
CACNA1C,Brain_Cerebellar_Hemisphere,chr12_2206853_A_G_b38,2206853,1.14508e-08,-0.531953,1.95244507672618,5.655020030949466,4.027023099279714,7.941164170664827,0.7040338373010426,6.725,0.8390672424192489,0.02311727355384938,0.7071067811865476,0.7,1.1,1.3,9.396733298367106e-05,0.04345736099589509
CACNA1C,Brain_Cerebellar_Hemisphere,chr12_2206961_T_C_b38,2206961,1.14508e-08,-0.531953,2.004652198762799,5.801558096030753,4.23843099302179,7.941164170664827,0.6661464491191424,9.036,0.8161779518702661,0.08008156054372101,0.7071067811865476,1.0,1.1,1.3,5.775226305584743e-05,-0.15054254895398844
CACNA1C,Brain_Cerebellar_Hemisphere,chr12_2207029_T_A_b38,2207029,1.14508e-08,-0.531953,1.95242652551735,5.646106072069429,4.014337582242735,7.941164170664827,0.7181353022799919,6.008,0.8474286414088161,0.018174465989715102,0.7071067811865476,0.7,1.1,1.3,9.675254948669707e-05,0.034165548440774095
CACNA1C,Brain_Cerebellar_Hemisphere,chr12_2207327_G_T_b38,2207327,1.14508e-08,-0.531953,2.0559246763737153,5.8326892198869285,4.284039821448125,7.941164170664827,0.9391000322213191,0.523,0.9690717373968344,0.0951300980696469,0.7071067811865476,0.7,1.1,1.3,5.1994831910458887e-05,0.17883177286272828
CACNA1C,Brain_Cerebellar_Hemisphere,chr12_2207388_C_A_b38,2207388,1.14508e-08,-0.531953,1.9772467769756683,5.704989028325949,4.098504843099681,7.941164170664827,0.7168397209186712,6.071,0.8466638771783471,0.08730997279927334,0.7071067811865476,0.7,1.1,1.3,7.970676019225065e-05,0.16413099051847313
CACNA1C,Brain_Cerebellar_Hemisphere,chr12_2207844_C_A_b38,2207844,1.14508e-08,-0.531953,1.9732163194891221,5.658460329813021,4.031924364735449,7.941164170664827,0.7065860747015065,6.59,0.840586744305135,0.05229315520981445,0.7071067811865476,1.0,1.1,1.3,9.291281865265522e-05,-0.09830408928949447
CACNA1C,Brain_Cerebellar_Hemisphere,chr12_2207930_T_C_b38,2207930,2.42636e-08,-0.523956,1.9979270861952614,5.785196060947147,4.39504881567347,7.615044762243415,0.6807975709799683,8.07,0.8251045818440037,0.041915326722826496,0.7071067811865476,1.0,1.1,1.3,4.026717705718159e-05,-0.07999779890453873
CACNA1C,Brain_Cerebellar_Hemisphere,chr12_2208357_G_A_b38,2208357,1.14508e-08,-0.531953,2.022935941056009,5.920668615228882,4.414254144354452,7.941164170664827,0.6556058620902683,9.794,0.8096949191456423,0.01831825268019297,0.7071067811865476,1.0,1.1,1.3,3.8525284596026624e-05,-0.034435848054608156
CACNA1C,Brain_Cerebellar_Hemisphere,chr12_2208478_T_C_b38,2208478,1.14508e-08,-0.531953,1.982637561131042,5.779484760800159,4.206240216480104,7.941164170664827,0.7102169730803023,6.402,0.8427437173187957,0.008325167456150383,0.7071067811865476,0.7,1.1,1.3,6.219561743044394e-05,0.015650193637690515
CACNA1C,Brain_Cerebellar_Hemisphere,chr12_2212654_T_A_b38,2212654,2.66492e-05,-0.411685,1.7032483578805442,4.496510321525748,4.4200282294286914,4.574315823815661,0.7967662992068668,3.071,0.8926176668691175,0.06422258541673724,0.7071067811865476,1.0,1.1,1.3,3.801646845613821e-05,-0.15599933302582614
CACNA1C,Brain_Cerebellar_Hemisphere,chr12_2212702_A_T_b38,2212702,9.3695e-08,-0.466362,1.9901287763934965,5.768239116350594,4.734097892258039,7.028283584462792,0.6803672684297428,8.097,0.8248437842584151,0.01879233664593321,0.7071067811865476,1.0,1.1,1.3,1.844599589876945e-05,-0.04029560008305396
CACNA1C,Brain_Cerebellar_Hemisphere,chr12_2213347_A_G_b38,2213347,4.41242e-09,-0.548457,2.1142693338433443,6.198336661229334,4.598191673810802,8.35532315556979,0.8066245581961392,2.803,0.8981227968357886,0.054456846695709285,0.7071067811865476,0.7,1.1,1.3,2.5223672919370344e-05,0.0992910049387815
CACNA1C,Brain_Cerebellar_Hemisphere,chr12_2213974_G_GT_b38,2213974,1.35267e-07,-0.485831,1.866279967000064,5.253346084345925,4.017821507336212,6.86880814180561,0.7071977041396682,6.558,0.8409504766272912,0.11372043007498875,0.7071067811865476,0.7,1.1,1.3,9.597950209841373e-05,0.23407405059576014
CACNA1C,Brain_Cerebellar_Hemisphere,chr12_2213979_G_A_b38,2213979,1.35267e-07,-0.485831,1.9591556625409319,5.617048604255892,4.593407527361677,6.86880814180561,0.700242270894132,6.93,0.8368047985606512,0.13644008578746059,0.7071067811865476,0.7,1.1,1.3,2.550307056973727e-05,0.2808385751165747
CACNA1C,Brain_Cerebellar_Hemisphere,chr12_2217058_G_A_b38,2217058,1.93171e-09,-0.557061,2.182064219313597,6.409745894612191,4.7147772133601205,8.71405807194388,0.8323877871263323,2.183,0.9123528851964751,0.018824073021981923,0.7071067811865476,1.0,1.1,1.3,1.9285139585972788e-05,-0.03379176252148674
CACNA1C,Brain_Cerebellar_Hemisphere,chr12_2218778_T_C_b38,2218778,3.67887e-06,-0.399527,1.7692628201477851,4.880472650810376,4.383099312456866,5.4342855585347785,0.6952189476268531,7.21,0.8337979057462624,0.005142310719210355,0.7071067811865476,1.0,1.1,1.3,4.139050141093407e-05,-0.012870996751684755
CACNA1C,Brain_Cerebellar_Hemisphere,chr12_2220804_T_C_b38,2220804,2.52709e-08,-0.486541,1.9805509417458098,5.70364040137337,4.281938887473532,7.5973792908037305,0.7623939999307167,4.162,0.8731517622559761,0.04837258045737956,0.7071067811865476,0.7,1.1,1.3,5.224697040875007e-05,0.0994213857771073
CACNA1C,Brain_Cerebellar_Hemisphere,chr12_2221292_C_T_b38,2221292,1.89824e-08,-0.50264,1.9996597775253648,5.686691811245295,4.188025674500294,7.72164887932375,0.7886419915041772,3.306,0.8880551736824561,0.06782887001009208,0.7071067811865476,1.0,1.1,1.3,6.485960888917798e-05,-0.1349452292099556
CACNA1C,Brain_Cerebellar_Hemisphere,chr12_2221978_C_A_b38,2221978,3.62034e-08,-0.507347,1.9672963868853723,5.5678066791333904,4.1660297052991755,7.441250641292811,0.8223303258348382,2.412,0.9068243081406884,0.004013728627168465,0.7071067811865476,1.0,1.1,1.3,6.82292024467711e-05,-0.007911209935544046
CACNA1C,Brain_Cerebellar_Hemisphere,chr12_2222026_G_T_b38,2222026,6.34305e-08,-0.499105,2.0137666309600286,5.755553540966875,4.6023574167604275,7.197701865200596,0.8109912112803132,2.69,0.9005505045694623,0.01642556967107781,0.7071067811865476,1.0,1.1,1.3,2.4982884677184058e-05,-0.03291004832866393
CACNA1C,Brain_Cerebellar_Hemisphere,chr12_2222406_A_G_b38,2222406,6.82062e-08,-0.493839,2.0560006325385882,5.947231214388171,4.935625136428805,7.166176145821481,0.8669485553472612,1.507,0.9311007224501876,0.002198635171885551,0.7071067811865476,0.7,1.1,1.3,1.159777992728177e-05,0.004452129483263879
CACNA1C,Brain_Cerebellar_Hemisphere,chr12_2222938_A_G_b38,2222938,8.15461e-08,-0.475261,2.07909570920013,6.086128163937333,5.225428536716874,7.088596804568294,0.7358694368339154,5.2,0.8578283259684978,0.10459827983469971,0.7071067811865476,0.7,1.1,1.3,5.950746684125743e-06,0.22008597346447473
CACNA1C,Brain_Cerebellar_Hemisphere,chr12_2223227_A_C_b38,2223227,6.34305e-08,-0.499105,1.9048377393748939,5.485158328014905,4.180078926143847,7.197701865200596,0.6777025680442879,8.266,0.8232269237848625,0.025729344449222025,0.7071067811865476,0.7,1.1,1.3,6.605733883471069e-05,0.05155096512601962
CACNA1C,Brain_Cerebellar_Hemisphere,chr12_2223629_A_T_b38,2223629,8.58142e-09,-0.532098,2.002519295040751,5.6972956755995305,4.023977693703456,8.066440841855513,0.8826701815214559,1.249,0.939505285520766,0.040890948279455615,0.7071067811865476,0.7,1.1,1.3,9.462857633850747e-05,0.07684852842795052
CACNA1C,Brain_Cerebellar_Hemisphere,chr12_2223690_C_A_b38,2223690,8.58142e-09,-0.532098,1.990564371276792,5.743018303616124,4.088824288468093,8.066440841855513,0.7044842922029648,6.701,0.839335625481824,0.029952739169857894,0.7071067811865476,1.0,1.1,1.3,8.150339725313933e-05,-0.056291771759822244
CACNA1C,Brain_Cerebellar_Hemisphere,chr12_2224318_C_T_b38,2224318,2.2069e-08,-0.506236,2.0569560159489386,5.921831353038584,4.580341047295219,7.656217345330471,0.8087721023020674,2.747,0.8993175758885553,0.03026617757647867,0.7071067811865476,1.0,1.1,1.3,2.6282032784505796e-05,-0.0597866954868454
CACNA1C,Brain_Cerebellar_Hemisphere,chr12_2224472_T_C_b38,2224472,1.1113e-07,-0.463534,2.004124865656092,5.812458772444845,4.858190606028176,6.954168685652245,0.6704803477071282,8.74,0.8188286436777406,0.05229718601588531,0.7071067811865476,1.0,1.1,1.3,1.3861473338622773e-05,-0.11282276168713688
CACNA1C,Brain_Cerebellar_Hemisphere,chr12_2224505_G_A_b38,2224505,1.11601e-08,-0.519241,2.0299194148212814,5.806625562408514,4.239875898933682,7.952331913888259,0.8148878906682444,2.592,0.9027114105118227,0.033653476327192504,0.7071067811865476,1.0,1.1,1.3,5.756043946742433e-05,-0.06481282550336454
CACNA1C,Brain_Cerebellar_Hemisphere,chr12_2225094_G_A_b38,2225094,2.08624e-08,-0.509946,2.0268883184995214,5.692372554607935,4.218805113407598,7.68063573201682,0.9934894384895815,0.046,0.9967394035000229,0.06258097070295487,0.7071067811865476,0.7,1.1,1.3,6.042197078912573e-05,0.12272077965697324
CACNA1C,Brain_Cerebellar_Hemisphere,chr12_2226775_G_A_b38,2226775,2.00324e-07,-0.462243,1.8687629865608364,5.322401852666897,4.229147839480596,6.69826701654183,0.660696868034437,9.421,0.8128326199374856,0.08042702051028659,0.7071067811865476,0.7,1.1,1.3,5.9000020225354436e-05,0.1739929442096183
CACNA1C,Brain_Cerebellar_Hemisphere,chr12_2228294_G_A_b38,2228294,2.00324e-07,-0.462243,1.8793222016721756,5.3325853876962555,4.245346870592918,6.69826701654183,0.666608772313845,9.004,0.816461127252146,0.02551832038110181,0.7071067811865476,1.0,1.1,1.3,5.6839876993780374e-05,-0.0552054230807212
CACNA1C,Brain_Cerebellar_Hemisphere,chr12_2228580_C_A_b38,2228580,2.00324e-07,-0.462243,1.833328303178889,5.191898405475463,4.024295983753624,6.69826701654183,0.6892092392840287,7.558,0.830186267824293,0.02162007344223154,0.7071067811865476,0.7,1.1,1.3,9.45592494159187e-05,0.04677209485537161
CACNA1C,Brain_Cerebellar_Hemisphere,chr12_2229230_C_T_b38,2229230,2.00324e-07,-0.462243,1.854775997553768,5.203147312583402,4.0417531713181765,6.69826701654183,0.7215633330436457,5.844,0.8494488407453658,0.0006607150545291581,0.7071067811865476,1.0,1.1,1.3,9.083366312164721e-05,-0.0014293673555449363
CACNA1C,Brain_Cerebellar_Hemisphere,chr12_2229590_A_G_b38,2229590,2.48308e-05,-0.397661,1.719913843399889,4.693819143937151,4.78434174127172,4.6050092880979285,0.6625000741538971,9.292,0.8139410753573609,0.03319507092083832,0.7071067811865476,1.0,1.1,1.3,1.6430782952082962e-05,-0.08347580205461014
CACNA1C,Brain_Cerebellar_Hemisphere,chr12_2229692_A_G_b38,2229692,1.77379e-07,-0.465692,1.9064075206132944,5.2209978856236505,4.037686867822984,6.751097797829944,0.9344237591255711,0.573,0.9666559673045892,0.02412140326288199,0.7071067811865476,1.0,1.1,1.3,9.168813356593606e-05,-0.051796902808899425
CACNA1C,Brain_Cerebellar_Hemisphere,chr12_2230084_G_A_b38,2230084,6.45352e-07,0.448854,1.968112073620393,5.471660959743123,4.836525072836658,6.190203339691889,0.993627903184309,0.045,0.9968088599046003,0.03840722731900624,0.7071067811865476,0.7,1.1,1.3,1.4570515833048811e-05,-0.08556730544677388
CACNA1C,Brain_Cerebellar_Hemisphere,chr12_2230087_C_G_b38,2230087,6.45352e-07,0.448854,1.910040242173216,5.241437077145745,4.438087268882117,6.190203339691889,0.9987029445876965,0.009,0.9993512618632632,0.028198179290959607,0.7071067811865476,0.7,1.1,1.3,3.6468065916224794e-05,-0.06282260889055151
CACNA1C,Brain_Cerebellar_Hemisphere,chr12_2231632_A_C_b38,2231632,9.85932e-09,-0.514639,2.0345079960040904,5.91397200725987,4.368523152020291,8.00615303743522,0.6649684416424839,9.118,0.8154559716149511,0.09342301775066744,0.7071067811865476,1.0,1.1,1.3,4.280326007754207e-05,-0.18153116602252733
CACNA1C,Brain_Cerebellar_Hemisphere,chr12_2235478_G_A_b38,2235478,5.05381e-12,-0.633663,2.2292394387995613,6.750182750156936,4.033589766419374,11.29638108958323,0.7005163602672084,6.915,0.836968553929721,0.04805842472412911,0.7071067811865476,0.7,1.1,1.3,9.255720543996223e-05,0.07584224536406436
CACNA1C,Brain_Cerebellar_Hemisphere,chr12_2235794_A_G_b38,2235794,2.78404e-11,-0.566901,2.376271788557235,7.330279132241093,5.090605410350423,10.555324529243055,0.6682532660457281,8.891,0.8174675932694385,0.10671052096336109,0.7071067811865476,0.7,1.1,1.3,8.116982126365499e-06,0.18823484340892166
CACNA1C,Brain_Cerebellar_Hemisphere,chr12_2236129_G_A_b38,2236129,5.05381e-12,-0.633663,2.225015274002504,6.775573930641981,4.063991974556249,11.29638108958323,0.679573773638319,8.147,0.8243626469208312,0.006925216570156958,0.7071067811865476,0.7,1.1,1.3,8.629944951254433e-05,0.010928863718028287
CACNA1C,Brain_Cerebellar_Hemisphere,chr12_2237227_C_T_b38,2237227,5.05381e-12,-0.633663,2.3277644406712863,7.023776025365308,4.367188860155265,11.29638108958323,0.8812609552600883,1.271,0.9387550027883145,0.0003007509564017585,0.7071067811865476,0.7,1.1,1.3,4.293496763374823e-05,0.00047462287746287613
CACNA1C,Brain_Cerebellar_Hemisphere,chr12_2237664_T_A_b38,2237664,5.05381e-12,-0.633663,2.538829451301412,7.796247667348066,5.380615013659445,11.29638108958323,0.9290932818607192,0.632,0.9638948500021769,0.055355860442772326,0.7071067811865476,0.7,1.1,1.3,4.162794636612456e-06,0.08735851776539316
CACNA1C,Brain_Cerebellar_Hemisphere,chr12_2239678_G_C_b38,2239678,2.35529e-13,-0.695413,2.4214406988584805,7.495515678601961,4.449077666660886,12.627955611827744,0.7627871539225504,4.148,0.873376868208994,0.0006356078670224496,0.7071067811865476,0.7,1.1,1.3,3.5556772525026564e-05,0.0009140005536601265
CACNA1C,Brain_Cerebellar_Hemisphere,chr12_2240418_G_C_b38,2240418,5.05381e-12,-0.633663,2.2207389807139264,6.772721171591099,4.0605705229275895,11.29638108958323,0.6536741258891028,9.939,0.8085011601037458,0.019645165358380894,0.7071067811865476,0.7,1.1,1.3,8.698201758109537e-05,0.03100254450454089
CACNA1C,Brain_Cerebellar_Hemisphere,chr12_2241235_G_C_b38,2241235,9.65898e-10,-0.527573,2.092104631422353,6.012145042311199,4.0094966638162015,9.015068733187027,0.8771757205198794,1.336,0.9365765961841452,0.1208245001966814,0.7071067811865476,0.7,1.1,1.3,9.783704704480724e-05,0.22901949151431442
CACNA1C,Brain_Cerebellar_Hemisphere,chr12_2241286_A_G_b38,2241286,1.20104e-09,-0.530812,2.1079364076891727,6.16378062412808,4.259003010375668,8.920442528408923,0.7636332394829445,4.118,0.8738611099499419,0.1289965108070803,0.7071067811865476,0.7,1.1,1.3,5.508038784145943e-05,0.2430173221537575
CACNA1C,Brain_Cerebellar_Hemisphere,chr12_2241454_G_A_b38,2241454,1.91323e-11,0.600708,2.205309769957946,6.605113674915646,4.070402966593938,10.71823281788354,0.7009009593135012,6.894,0.8371982795691241,0.029771341709612414,0.7071067811865476,1.0,1.1,1.3,8.503486633885698e-05,0.04956042155192275
CACNA1C,Brain_Cerebellar_Hemisphere,chr12_2245704_T_C_b38,2245704,4.05732e-05,-0.375211,1.6369852298726815,4.265141649343626,4.142173122187593,4.391760738227735,0.834726082204698,2.132,0.9136334506817808,0.05611254679491629,0.7071067811865476,0.7,1.1,1.3,7.20820082426882e-05,0.14954931170705626
CACNA1C,Brain_Cerebellar_Hemisphere,chr12_2246640_C_T_b38,2246640,1.49165e-09,-0.556039,2.1718045013093454,6.27100487820717,4.455474530764192,8.826333067547152,0.9807779653633902,0.142,0.9903423475563338,0.08127782719170973,0.7071067811865476,0.7,1.1,1.3,3.503688351083909e-05,0.14617288929681144
CACNA1C,Brain_Cerebellar_Hemisphere,chr12_2252294_C_T_b38,2252294,9.40895e-13,-0.651452,2.35430316485764,7.154430728774887,4.256105619835395,12.026458839341014,0.8422683635983541,1.973,0.9177517984718712,0.012462467722155734,0.7071067811865476,0.7,1.1,1.3,5.544908451290484e-05,0.01913029313311761
CACNA1C,Brain_Cerebellar_Hemisphere,chr12_2256738_G_A_b38,2256738,1.00113e-06,-0.445706,1.8745683646011835,5.158305530220247,4.435048537771292,5.9995095243020575,0.9454141586726814,0.458,0.9723241016619312,0.00157846640247721,0.7071067811865476,0.7,1.1,1.3,3.6724125445931654e-05,0.003541496866717545
CACNA1C,Brain_Cerebellar_Hemisphere,chr12_2259230_A_G_b38,2259230,3.29444e-11,-0.573898,2.257575714845378,6.8388985683950745,4.461892688607996,10.482218397634187,0.6992779569096497,6.983,0.8362284119244273,0.09083906599376632,0.7071067811865476,0.7,1.1,1.3,3.452290326861947e-05,0.15828433971501263
CACNA1C,Brain_Cerebellar_Hemisphere,chr12_2259508_C_T_b38,2259508,4.06002e-12,-0.646899,2.290915772752299,6.966179865867977,4.259999292488858,11.391471827046391,0.7004615008612713,6.918,0.8369357806076111,0.09931549984465578,0.7071067811865476,0.7,1.1,1.3,5.495417691179241e-05,0.15352551147034665
CACNA1C,Brain_Cerebellar_Hemisphere,chr12_2264964_G_A_b38,2264964,3.29444e-11,-0.573898,2.2660721515554556,6.754115083884257,4.351948112114202,10.482218397634187,0.8893219076574941,1.148,0.9430386565022104,0.027537004445944632,0.7071067811865476,0.7,1.1,1.3,4.446843935291028e-05,0.04798240183089091
CACNA1C,Brain_Cerebellar_Hemisphere,chr12_2274839_T_G_b38,2274839,2.04188e-11,-0.585741,2.2057535943757065,6.5475835289159585,4.010380845925526,10.689969784711984,0.7926990130362566,3.187,0.8903364605789524,0.0013902400981896568,0.7071067811865476,1.0,1.1,1.3,9.763806278132994e-05,-0.0023734724019483983
CACNA1C,Brain_Cerebellar_Hemisphere,chr12_2277782_C_T_b38,2277782,6.37853e-13,-0.682942,2.330295404587476,7.094308044115939,4.126941661953592,12.19527939752449,0.8006221180622541,2.964,0.8947748979839869,0.009579386213997558,0.7071067811865476,0.7,1.1,1.3,7.465490343495725e-05,0.014026646792842669
CACNA1C,Brain_Cerebellar_Hemisphere,chr12_2277933_C_T_b38,2277933,2.63174e-12,-0.638521,2.291271303066759,6.83043137551885,4.028995833047411,11.579757018607797,0.8500710510047422,1.817,0.9219929777415564,0.02161883762350001,0.7071067811865476,1.0,1.1,1.3,9.354146491862823e-05,-0.03385767676161005
CACNA1C,Brain_Cerebellar_Hemisphere,chr12_2285615_A_T_b38,2285615,1.15611e-13,-0.71205,2.439767888974912,7.551602120777522,4.408030523129516,12.937000842282059,0.7043339847763002,6.709,0.8392460811801865,0.010546498849424001,0.7071067811865476,1.0,1.1,1.3,3.908134276375729e-05,-0.014811458253527142
CACNA1C,Brain_Cerebellar_Hemisphere,chr12_2293080_A_G_b38,2293080,6.37853e-13,0.682942,2.8488262036080614,9.12321156801807,6.825017008770961,12.19527939752449,0.783004301872185,3.477,0.884875303007257,0.1091630526889067,0.7071067811865476,0.7,1.1,1.3,1.4961770584555096e-07,-0.1598423477966016
CACNA1C,Brain_Cerebellar_Hemisphere,chr12_2299028_A_G_b38,2299028,8.19294e-11,0.607748,2.158741730175984,6.386800328964411,4.044115885849962,10.086560225631795,0.7315223706226199,5.389,0.8552908105566316,0.040490221114469975,0.7071067811865476,1.0,1.1,1.3,9.034083787479843e-05,0.06662337204642381
CACNA1C,Brain_Cerebellar_Hemisphere,chr12_2304637_C_T_b38,2304637,9.75798e-06,0.396679,1.9289492396915047,5.382991546227549,5.783013256828782,5.010640076354777,0.9052649774327353,0.924,0.9514541383759573,0.043703430423043504,0.7071067811865476,0.7,1.1,1.3,1.6481120821753637e-06,-0.11017328979614122
CACNA1C,Brain_Cerebellar_Hemisphere,chr12_2310730_A_T_b38,2310730,1.29937e-09,0.734051,2.0665048777494475,5.988094777376734,4.03513403311977,8.886267164494509,0.829863017329941,2.239,0.9109681758052479,0.054628234043954775,0.7071067811865476,0.7,1.1,1.3,9.222867446355965e-05,-0.07442021609391551
CACNA1C,Brain_Cerebellar_Hemisphere,chr12_2311211_T_C_b38,2311211,5.88745e-08,0.669622,1.969978679605617,5.627621901359144,4.380333266374681,7.230072768154564,0.8304003448653651,2.227,0.9112630492154091,0.011174463305535887,0.7071067811865476,0.7,1.1,1.3,4.165496113745041e-05,-0.016687718303066337
CACNA1C,Brain_Cerebellar_Hemisphere,chr12_2311360_G_A_b38,2311360,1.80037e-08,0.686811,2.1193439902229967,6.129002920345144,4.850410783594082,7.744638232427076,0.9310580413227167,0.61,0.9649134890355284,0.03488351277396824,0.7071067811865476,0.7,1.1,1.3,1.411202107626708e-05,-0.05079055631602907
CACNA1C,Brain_Cerebellar_Hemisphere,chr12_2366510_G_C_b38,2366510,2.37766e-11,-0.711018,2.4397356547044184,7.512971583068314,5.313021238835961,10.623850248405668,0.8111875026016432,2.685,0.9006594820472625,0.0269200481580861,0.7071067811865476,0.7,1.1,1.3,4.8638341890466505e-06,0.03786127518302785
CACNA1C,Brain_Cerebellar_Hemisphere,chr12_2366684_G_C_b38,2366684,1.20921e-08,-0.591367,1.9775287108495254,5.668792633227406,4.058758060056044,7.917498269923875,0.742388357586994,4.927,0.8616196130468444,0.013997729875235345,0.7071067811865476,1.0,1.1,1.3,8.734578251448577e-05,-0.02367012341783587
CACNA1C,Brain_Cerebellar_Hemisphere,chr12_2368181_A_AAT_b38,2368181,1.89284e-13,-0.807226,2.512198399332441,7.767283821910653,4.741903489481138,12.722886094992285,0.730799110027835,5.421,0.8548678903946709,0.19706740128320754,0.7071067811865476,0.7,1.1,1.3,1.8117426600127744e-05,0.24412915501136925
CACNA1C,Brain_Cerebellar_Hemisphere,chr12_2372750_C_A_b38,2372750,1.26726e-11,-0.71948,2.3463273567477407,7.017224525251162,4.518751334425699,10.897134273055688,0.9345158194322036,0.572,0.9667035840588384,0.0630854399705421,0.7071067811865476,0.7,1.1,1.3,3.028647055221739e-05,0.0876819925092318
CACNA1C,Brain_Cerebellar_Hemisphere,chr12_2372770_T_C_b38,2372770,2.29185e-15,-0.95343,2.532541196352058,7.957720570710214,4.325554785269144,14.639813810048478,0.6714496754363504,8.675,0.8194203289132814,0.0982726089937918,0.7071067811865476,0.7,1.1,1.3,4.725472223722406e-05,0.10307270485907911
CACNA1C,Brain_Cerebellar_Hemisphere,chr12_2390002_A_G_b38,2390002,4.79593e-09,-0.596621,2.0460112457809703,5.884478607577216,4.162346337409978,8.319127164362929,0.8864525408130982,1.191,0.9415160863273119,0.013742840088769435,0.7071067811865476,0.7,1.1,1.3,6.881033347824147e-05,0.02303445585852566
CACNA1C,Brain_Cerebellar_Hemisphere,chr12_2390460_C_T_b38,2390460,4.91173e-09,-0.588409,2.0172482377797194,5.8668819137811505,4.142649510313064,8.30876551457311,0.7707345295395684,3.873,0.8779148760213421,0.009436094551384907,0.7071067811865476,0.7,1.1,1.3,7.20029830939596e-05,0.01603662512195583
CACNA1C,Brain_Cerebellar_Hemisphere,chr12_2391037_C_T_b38,2391037,4.90386e-05,-0.451144,1.649958069126488,4.390441644317371,4.472943052783279,4.309461936959332,0.6832279453584666,7.919,0.8265760372515445,0.04330122933043826,0.7071067811865476,1.0,1.1,1.3,3.365556976214896e-05,-0.09598094916576139
CACNA1C,Brain_Cerebellar_Hemisphere,chr12_2391612_A_AAAC_b38,2391612,4.90386e-05,-0.451144,1.6510574740485056,4.323145865141284,4.3368732441979,4.309461936959332,0.7549601219727093,4.434,0.8688844123200217,0.06285246744414047,0.7071067811865476,1.0,1.1,1.3,4.60390926441398e-05,-0.13931797262989307
CACNA1C,Brain_Cerebellar_Hemisphere,chr12_2393346_T_C_b38,2393346,7.99679e-06,-0.547391,1.6731798132171245,4.56865384945933,4.095007406646476,5.09708430863932,0.6691782840639855,8.828,0.818033180295265,0.020837413963417293,0.7071067811865476,0.7,1.1,1.3,8.03512418619442e-05,0.03806678217840135
CACNA1C,Brain_Cerebellar_Hemisphere,chr12_2394819_A_G_b38,2394819,4.89865e-06,-0.559769,1.8048650196672882,4.814201695940481,4.364759224996636,5.309923589018606,0.9304299933645329,0.617,0.9645879915096045,0.030537462719150702,0.7071067811865476,1.0,1.1,1.3,4.317583794620146e-05,-0.05455368682286926
CACNA1C,Brain_Cerebellar_Hemisphere,chr12_2404727_A_G_b38,2404727,4.89865e-06,-0.559769,1.7437075655017469,4.639426391903036,4.053594535785889,5.309923589018606,0.8212734892875916,2.437,0.9062414078420781,0.06216750153324268,0.7071067811865476,1.0,1.1,1.3,8.839047427980102e-05,-0.11105920751817747
CACNA1C,Brain_Cerebellar_Hemisphere,chr12_2405100_C_G_b38,2405100,7.88072e-07,-0.566155,1.8268428960318501,5.161166011020179,4.364368345025506,6.103434102593894,0.6576861240136569,9.64,0.8109784978738073,0.07393297845814167,0.7071067811865476,0.7,1.1,1.3,4.321471517817043e-05,0.13058787515458078
CACNA1C,Brain_Cerebellar_Hemisphere,chr12_2414090_G_A_b38,2414090,4.38579e-06,-0.674083,1.8075756016576245,4.883767447795876,4.451548603029403,5.357952167009755,0.9319600057813584,0.6,0.9653807568940653,0.030606566889270312,0.7071067811865476,0.7,1.1,1.3,3.535504521320841e-05,0.04540474524542276
CACNA1C,Brain_Putamen_basal_ganglia,chr12_2137854_A_C_b38,2137854,9.95166e-06,-0.235911,1.6831541679577309,4.566730119322434,4.16924998412761,5.002104470137805,0.6604747721775828,9.437,0.8126959900095378,0.002800967872507482,0.7071067811865476,1.0,1.1,1.3,6.772515628071192e-05,-0.011872985458530895
CHD8,Brain_Cerebellar_Hemisphere,chr14_21320347_T_TG_b38,21320347,1.56892e-05,-0.349978,1.7254680906555089,4.582486608883113,4.3708240392204605,4.804399200737048,0.7702007790595725,3.891,0.8776108357692335,0.07229706586811095,0.7071067811865476,0.7,1.2,1.4,4.257708855109647e-05,0.20657603011649575
CHD8,Brain_Cerebellar_Hemisphere,chr14_21332977_G_A_b38,21332977,5.56256e-08,-0.408447,2.0422932978063844,5.874552613094961,4.756950403676908,7.254725291511528,0.7141420986175013,6.204,0.8450692862821967,0.0087748199542951,0.7071067811865476,1.0,1.2,1.4,1.7500465320972392e-05,-0.021483374720086327
CHD8,Brain_Cerebellar_Hemisphere,chr14_21336201_A_C_b38,21336201,2.67698e-09,-0.424607,2.0737267657452496,5.862600258465866,4.009409584403746,8.572354873460839,0.8671797167972589,1.503,0.9312248476051629,0.027777204866818995,0.7071067811865476,1.0,1.2,1.4,9.785666609848474e-05,-0.06541862208305325
CHD8,Brain_Cerebellar_Hemisphere,chr14_21342349_C_T_b38,21342349,1.84997e-05,-0.237869,1.6330964769064515,4.351586458018114,4.001048725385065,4.732835314267309,0.6542575884725752,9.895,0.8088619093965145,0.0030957004848725677,0.7071067811865476,0.7,1.2,1.4,9.975881337961612e-05,0.01301430823214697
CHD8,Brain_Cerebellar_Hemisphere,chr14_21356744_A_AACC_b38,21356744,2.36427e-07,-0.397506,1.9140572759351777,5.350065674088331,4.31963389330041,6.626302928461539,0.6976191563322864,7.075,0.8352359884082381,0.05109138002515504,0.7071067811865476,1.0,1.2,1.4,4.7903374369304103e-05,-0.12852983357522915
CHD8,Brain_Cerebellar_Hemisphere,chr14_21363260_C_T_b38,21363260,1.46296e-07,-0.401112,2.0008706282875757,5.480833737132167,4.395107550126027,6.834767548117179,0.9788888803494168,0.157,0.9893881343281902,0.027862469337649035,0.7071067811865476,1.0,1.2,1.4,4.026173164910281e-05,-0.06946306602058536
CHD8,Brain_Cerebellar_Hemisphere,chr14_21364617_C_T_b38,21364617,1.46296e-07,-0.401112,2.010213898730409,5.708260985333181,4.767425263153705,6.834767548117179,0.8126087122117839,2.649,0.9014481195342213,0.03601236995512952,0.7071067811865476,0.7,1.2,1.4,1.7083416797799774e-05,0.08978133278268792
CHD8,Brain_Cerebellar_Hemisphere,chr14_21369720_C_G_b38,21369720,1.46296e-07,-0.401112,2.0153529320626182,5.607310710622416,4.600293014225831,6.834767548117179,0.9553806249322218,0.361,0.977435739541082,0.0450927239627848,0.7071067811865476,0.7,1.2,1.4,2.5101922579651803e-05,0.11241928429661739
CHD8,Brain_Cerebellar_Hemisphere,chr14_21372995_G_A_b38,21372995,1.46296e-07,-0.401112,1.898813876184738,5.277679472368951,4.075325227518195,6.834767548117179,0.711711028557158,6.326,0.8436296750098102,0.050424721261939,0.7071067811865476,1.0,1.2,1.4,8.40765286951402e-05,-0.12571232289719328
CHD8,Brain_Cerebellar_Hemisphere,chr14_21386552_T_C_b38,21386552,1.46296e-07,-0.401112,1.923815955064122,5.3173173718017175,4.136770392469767,6.834767548117179,0.8139638994564834,2.615,0.9021994787498402,0.009742674677210007,0.7071067811865476,1.0,1.2,1.4,7.298432697497053e-05,-0.024289162820384347
CHD8,Brain_Cerebellar_Hemisphere,chr14_21389272_C_T_b38,21389272,1.46296e-07,-0.401112,1.9695608001349367,5.69119349676157,4.7389590340206675,6.834767548117179,0.6530402918280711,9.987,0.8081090841143114,0.015231970934986142,0.7071067811865476,0.7,1.2,1.4,1.8240677542356572e-05,0.03797435862050036
CHD8,Brain_Cerebellar_Hemisphere,chr14_21414490_G_T_b38,21414490,1.63309e-06,-0.339515,1.9410493174288026,5.502128345305625,5.231288969433065,5.7869898805258435,0.7477626132784094,4.711,0.864732683133007,0.007792617857863951,0.7071067811865476,0.7,1.2,1.4,5.870985808174878e-06,0.022952204933107376
CHD8,Brain_Cerebellar_Hemisphere,chr14_21418771_G_A_b38,21418771,2.26397e-06,-0.335579,1.8319892229715398,4.960100151948277,4.3581983811345335,5.645129332307432,0.8074261584969931,2.782,0.8985689503299082,0.0018845870551756263,0.7071067811865476,1.0,1.2,1.4,4.383304273259592e-05,-0.005615926667567476
CHD8,Brain_Cerebellar_Hemisphere,chr14_21422524_C_G_b38,21422524,1.39567e-06,-0.34042,1.8151706447555511,4.893449872414682,4.089660657237988,5.85521725658467,0.7770494506391604,3.665,0.8815040843008956,0.042597816715080575,0.7071067811865476,1.0,1.2,1.4,8.134658821502815e-05,-0.1251331200137494
CHD8,Brain_Cerebellar_Hemisphere,chr14_21424006_G_A_b38,21424006,3.37449e-05,0.231911,1.6294964285939029,4.330172735509883,4.193038613912077,4.471791854513629,0.6537270708754481,9.935,0.8085339021187968,0.015534105030534755,0.7071067811865476,0.7,1.2,1.4,6.411525680101821e-05,-0.06698304535159934
CHD8,Brain_Cerebellar_Hemisphere,chr14_21426367_T_C_b38,21426367,8.87256e-06,-0.289487,1.7746760134600457,4.665717918075101,4.309013181971425,5.051951055087633,0.8998015053700121,0.998,0.9485786764259526,0.08471841583012339,0.7071067811865476,0.7,1.2,1.4,4.908929760429803e-05,0.2926501564150494
CHD8,Brain_Cerebellar_Hemisphere,chr14_21438296_A_G_b38,21438296,1.39567e-06,-0.34042,1.9441076175678405,5.44073528534835,5.055593865786138,5.85521725658467,0.7489333619335279,4.665,0.8654093609001048,0.0288811848803905,0.7071067811865476,1.0,1.2,1.4,8.798449267672304e-06,-0.08483985923385964
CHD8,Brain_Cerebellar_Hemisphere,chr14_21440299_C_T_b38,21440299,2.64673e-06,-0.318511,1.9908893024592806,5.602316511978028,5.6274549601351564,5.577290359979682,0.8538192170712964,1.745,0.9240233855651578,0.027495168192725225,0.7071067811865476,0.7,1.2,1.4,2.358006727729001e-06,0.0863240773245672
CHD8,Brain_Cerebellar_Hemisphere,chr14_21441855_C_G_b38,21441855,6.13053e-06,-0.335103,1.7381937646398093,4.615567793296679,4.086994334865231,5.212501977989666,0.8111482230389816,2.686,0.9006376757825433,0.045700914419220647,0.7071067811865476,0.7,1.2,1.4,8.184754646314142e-05,0.1363787086932097
CHD8,Brain_Cerebellar_Hemisphere,chr14_21451790_G_A_b38,21451790,3.26659e-06,-0.332796,1.759222308460162,4.750660976175615,4.113957164971364,5.485905371772373,0.7756289652539221,3.711,0.8806979988928794,0.009548277468181416,0.7071067811865476,0.7,1.2,1.4,7.69206304361796e-05,0.028691082429420478
THEMIS,Brain_Frontal_Cortex_BA9,chr6_128350342_A_C_b38,128350342,5.09778e-06,-0.249605,1.6777043465864327,4.764877016927004,4.289757749176437,5.2926189108925765,0.773433206376012,3.783,0.8794505138869452,0.04542921260620403,0.7071067811865476,0.7,0.9,0.8,5.1314753948102264e-05,0.18200441740431494
THEMIS,Brain_Frontal_Cortex_BA9,chr6_128355186_T_C_b38,128355186,3.00794e-05,-0.237388,1.5813990610680613,4.331609711396016,4.149482442300703,4.521730830955661,0.853871964321762,1.744,0.924051927286428,0.01533311815663516,0.7071067811865476,0.7,0.9,0.8,7.087899609010139e-05,0.06459095723724519
