"Gene","Chr","Position_hg38","N_Samples","Mean_Neuron_Prop","Beta_Interaction","P_Interaction","Beta_Neuron_Specific","SE_Neuron_Specific","GWAS_SNP","GWAS_P","GWAS_Distance_bp","PP_H3","PP_H4","Interpretation"
"YPEL3","16",30020742.5,153817,0.0239422248038982,1.61039930311458,0,1.80999959672242,0.0398555293910789,"rs141515365",0.008556,4540.5,0,0.406002951442371,"NO_COLOC"
"TBX6","16",30052459,134577,0.0222786595107747,-1.36988220283718,1.42269189118386e-80,-1.21436244630175,0.0704101880538437,"rs5816506m",0.005322,239,0,0.383955870599761,"NO_COLOC"
"CNTNAP2","7",146504076,9339,0.0248217923435802,-13.1141013366983,1.39139653858589e-82,-12.5236919964612,0.657336240939682,"rs700282",0.009077,5260,0,0.327112671411423,"NO_COLOC"
"OXTR","3",8782327,58209,0.0203230123180257,-3.78432698032761,5.77465945084072e-79,-3.67523791760785,0.196653603608575,"rs116517678",0.01729,9870,0,0.264191261212876,"NO_COLOC"
"FOXP2","7",114174341,7149,0.0170089248596818,-8.06282131784175,1.08045465601919e-31,-8.05919234586304,0.669573442633196,"rs117591595",0.027,3592,0,0.208745117494706,"NO_COLOC"
"TAOK2","16",30549488.5,1712,0.0310204488667409,1.00090359736762e-15,0.999999999999994,0.67100011119323,0.127197504976954,"rs76359228",0.01287,6910.5,0,0.156355052022572,"NO_COLOC"
"CACNA1C","12",2213347,61198,0.0289903076908385,-1.07209274567169,5.12378932672191e-15,-1.48593107258256,0.133050851079725,"rs4765903",0.01182,8876,0,0.148997831705717,"NO_COLOC"
"MAPK3","16",30153430,128240,0.0260946238707178,-1.40456366771049,4.43465525393507e-66,-1.30224623524398,0.079660400658557,"rs74646985",0.05274,4006,0,0.139749728079813,"NO_COLOC"
"THEMIS","6",128352764,386,0.0291875413853675,-2.07465260136827e-15,0.999999999999942,-0.24377202822372,0.0275128210405983,"rs72974006",0.03102,5450,0,0.105015505604506,"NO_COLOC"
"ALDOA","16",30558028,2203,0.0164865679557295,-19.6306508541942,1.8682745254541e-129,-18.8555218087019,0.745250493339185,"rs72793348",0.09124,3710,0,0.080313061307045,"NO_COLOC"
"SHANK3","22",50253300,494,0.0268521407816904,-7.89684694128612e-15,0.999999999999963,0.401322952780798,0.166351614660099,"rs79016563",0.008879,1679,0,0.000240234108946625,"NO_COLOC"
"PPP4C","16",30336711,428,0.0310204488667409,-1.04448926845692e-15,0.999999999999999,0.539400552070009,0.948152887208591,"chr16:30351825",0.04859,3793,0,7.32614271974881e-06,"NO_COLOC"
"CHD8","14",21387912,4280,0.0310204488667409,4.16310321053695e-16,0.999999999999999,-0.308713682573266,0.306394688369165,"rs36092694",0.2496,1076,0,3.75063860200045e-07,"NO_COLOC"
