,rs190128574,rs34105328,rs189418578,rs76746995,rs114054790,rs61744716,rs114700082,rs77250249,rs118151917,rs117369393
rs190128574,1.0,0.0,0.0,0.0,0.0,0.0,0.0,0.0,0.0,0.0
rs34105328,0.0,1.0,1.0,1.0,0.497,0.0,1.0,0.0,0.0,0.0
rs189418578,0.0,1.0,1.0,1.0,0.497,0.0,1.0,0.0,0.0,0.0
rs76746995,0.0,1.0,1.0,1.0,0.497,0.0,1.0,0.0,0.0,0.0
rs114054790,0.0,0.497,0.497,0.497,1.0,0.0,0.497,0.0,0.0,0.0
rs61744716,0.0,0.0,0.0,0.0,0.0,1.0,0.0,0.0,0.0,0.0
rs114700082,0.0,1.0,1.0,1.0,0.497,0.0,1.0,0.0,0.0,0.0
rs77250249,0.0,0.0,0.0,0.0,0.0,0.0,0.0,1.0,1.0,1.0
rs118151917,0.0,0.0,0.0,0.0,0.0,0.0,0.0,1.0,1.0,1.0
rs117369393,0.0,0.0,0.0,0.0,0.0,0.0,0.0,1.0,1.0,1.0
