,rs1032046948,rs4788189,rs12933766,rs4787488,rs4077410,rs58217768,rs4788207,rs12931955,rs12928610,rs12921753,rs11863174,rs1140239,rs12933575,rs7191849,rs12325400,rs11649274,rs12935701,rs12444108,rs12596543,rs12598856,rs11642612,rs11150581,rs35605010,rs12325539,rs11150583,rs4788212,rs4788213,rs72791208,rs11544328,rs4238959,rs4238960,rs11150584,rs7204852,rs3814878,rs3814877,rs12446378,rs8043883,rs11642430,rs28567715,rs8054507,rs4788215,rs4788216,rs35467921,rs66467443,rs67218159,rs4788217,rs4787492,rs4788218,rs35105141,rs11642399,rs11642740,rs4788219,rs4788220,rs9939774,rs9932193,rs9928448,rs9783783,rs7201518,rs12447915,rs12445768,rs72791226,rs9932605,rs2278557,rs11644459,rs1352768041,rs397840892,rs8060511,rs112565029,rs3809624,rs3809627,rs12444973,rs73530179,rs9922041,rs7205802,rs62057756,rs56369689,rs56079926,rs7542,rs61764220,rs11865086,rs61764202,rs4787493,rs9921544,rs2005219,rs9932466,rs9931927,rs57149692,rs6565175,rs1055845162,rs7201780,rs4787494,rs200494011,rs58175255,rs1596895748,rs12443762,rs7199462,rs9319584,rs56376319,rs7206457,rs8050401,rs7202714,rs12446863,rs6565177
rs1032046948,1.0,0.521,0.51,0.021,0.021,0.021,0.021,0.021,0.021,0.187,0.021,0.163,0.059,0.063,0.171,0.154,0.154,0.154,0.053,0.162,0.154,0.154,0.053,0.154,0.053,0.053,0.053,0.052,0.053,0.053,0.053,0.053,0.053,0.049,0.154,0.053,0.053,0.154,0.053,0.053,0.053,0.053,0.162,0.048,0.053,0.053,0.053,0.162,0.154,0.053,0.162,0.053,0.053,0.145,0.044,0.048,0.092,0.034,0.048,0.048,0.052,0.031,0.145,0.048,,,0.034,0.052,0.04,0.11,0.031,0.034,0.034,,0.153,0.082,0.048,0.204,0.052,0.215,0.054,0.054,0.051,0.051,0.051,0.051,0.161,0.161,0.161,0.218,0.147,0.147,0.147,0.147,0.147,0.147,0.047,0.147,0.147,0.147,0.033,0.043,0.04
rs4788189,0.521,1.0,0.98,0.139,0.139,0.139,0.139,0.139,0.139,0.038,0.139,0.032,0.096,0.103,0.036,0.036,0.036,0.036,0.103,0.033,0.036,0.036,0.103,0.036,0.103,0.103,0.103,0.027,0.103,0.103,0.103,0.103,0.103,0.096,0.036,0.103,0.103,0.036,0.103,0.103,0.103,0.103,0.033,0.098,0.103,0.103,0.103,0.033,0.036,0.103,0.033,0.103,0.103,0.033,0.091,0.098,0.14,0.071,0.098,0.098,0.027,0.064,0.033,0.098,,,0.071,0.027,0.127,0.128,0.064,0.071,0.071,,0.03,0.114,0.121,0.082,0.027,0.087,0.128,0.128,0.136,0.12,0.136,0.136,0.079,0.079,0.079,0.098,0.074,0.074,0.074,0.074,0.074,0.074,0.113,0.074,0.074,0.074,0.092,0.079,0.073
rs12933766,0.51,0.98,1.0,0.146,0.146,0.146,0.146,0.146,0.146,0.035,0.146,0.029,0.103,0.111,0.033,0.033,0.033,0.033,0.111,0.03,0.033,0.033,0.111,0.033,0.111,0.111,0.111,0.026,0.111,0.111,0.111,0.111,0.111,0.103,0.033,0.111,0.111,0.033,0.111,0.111,0.111,0.111,0.03,0.105,0.111,0.111,0.111,0.03,0.033,0.111,0.03,0.111,0.111,0.03,0.097,0.105,0.148,0.076,0.105,0.105,0.026,0.07,0.03,0.105,,,0.076,0.026,0.133,0.134,0.07,0.076,0.076,,0.027,0.12,0.126,0.076,0.026,0.081,0.134,0.134,0.142,0.126,0.142,0.142,0.073,0.073,0.073,0.091,0.069,0.069,0.069,0.069,0.069,0.069,0.118,0.069,0.069,0.069,0.097,0.083,0.077
rs4787488,0.021,0.139,0.146,1.0,1.0,1.0,1.0,1.0,1.0,0.488,1.0,0.462,0.684,0.703,0.48,0.452,0.452,0.452,0.669,0.442,0.452,0.452,0.669,0.452,0.669,0.669,0.669,0.047,0.669,0.669,0.669,0.669,0.669,0.651,0.452,0.669,0.669,0.452,0.669,0.669,0.669,0.669,0.442,0.655,0.669,0.669,0.669,0.442,0.452,0.669,0.442,0.669,0.669,0.442,0.636,0.655,0.532,0.582,0.655,0.655,0.047,0.565,0.442,0.655,,,0.582,0.047,0.468,0.334,0.565,0.582,0.582,,0.432,0.277,0.313,0.21,0.047,0.218,0.432,0.432,0.448,0.419,0.448,0.448,0.291,0.291,0.291,0.197,0.116,0.116,0.116,0.116,0.116,0.116,0.304,0.116,0.116,0.116,0.268,0.119,0.112
rs4077410,0.021,0.139,0.146,1.0,1.0,1.0,1.0,1.0,1.0,0.488,1.0,0.462,0.684,0.703,0.48,0.452,0.452,0.452,0.669,0.442,0.452,0.452,0.669,0.452,0.669,0.669,0.669,0.047,0.669,0.669,0.669,0.669,0.669,0.651,0.452,0.669,0.669,0.452,0.669,0.669,0.669,0.669,0.442,0.655,0.669,0.669,0.669,0.442,0.452,0.669,0.442,0.669,0.669,0.442,0.636,0.655,0.532,0.582,0.655,0.655,0.047,0.565,0.442,0.655,,,0.582,0.047,0.468,0.334,0.565,0.582,0.582,,0.432,0.277,0.313,0.21,0.047,0.218,0.432,0.432,0.448,0.419,0.448,0.448,0.291,0.291,0.291,0.197,0.116,0.116,0.116,0.116,0.116,0.116,0.304,0.116,0.116,0.116,0.268,0.119,0.112
rs58217768,0.021,0.139,0.146,1.0,1.0,1.0,1.0,1.0,1.0,0.488,1.0,0.462,0.684,0.703,0.48,0.452,0.452,0.452,0.669,0.442,0.452,0.452,0.669,0.452,0.669,0.669,0.669,0.047,0.669,0.669,0.669,0.669,0.669,0.651,0.452,0.669,0.669,0.452,0.669,0.669,0.669,0.669,0.442,0.655,0.669,0.669,0.669,0.442,0.452,0.669,0.442,0.669,0.669,0.442,0.636,0.655,0.532,0.582,0.655,0.655,0.047,0.565,0.442,0.655,,,0.582,0.047,0.468,0.334,0.565,0.582,0.582,,0.432,0.277,0.313,0.21,0.047,0.218,0.432,0.432,0.448,0.419,0.448,0.448,0.291,0.291,0.291,0.197,0.116,0.116,0.116,0.116,0.116,0.116,0.304,0.116,0.116,0.116,0.268,0.119,0.112
rs4788207,0.021,0.139,0.146,1.0,1.0,1.0,1.0,1.0,1.0,0.488,1.0,0.462,0.684,0.703,0.48,0.452,0.452,0.452,0.669,0.442,0.452,0.452,0.669,0.452,0.669,0.669,0.669,0.047,0.669,0.669,0.669,0.669,0.669,0.651,0.452,0.669,0.669,0.452,0.669,0.669,0.669,0.669,0.442,0.655,0.669,0.669,0.669,0.442,0.452,0.669,0.442,0.669,0.669,0.442,0.636,0.655,0.532,0.582,0.655,0.655,0.047,0.565,0.442,0.655,,,0.582,0.047,0.468,0.334,0.565,0.582,0.582,,0.432,0.277,0.313,0.21,0.047,0.218,0.432,0.432,0.448,0.419,0.448,0.448,0.291,0.291,0.291,0.197,0.116,0.116,0.116,0.116,0.116,0.116,0.304,0.116,0.116,0.116,0.268,0.119,0.112
rs12931955,0.021,0.139,0.146,1.0,1.0,1.0,1.0,1.0,1.0,0.488,1.0,0.462,0.684,0.703,0.48,0.452,0.452,0.452,0.669,0.442,0.452,0.452,0.669,0.452,0.669,0.669,0.669,0.047,0.669,0.669,0.669,0.669,0.669,0.651,0.452,0.669,0.669,0.452,0.669,0.669,0.669,0.669,0.442,0.655,0.669,0.669,0.669,0.442,0.452,0.669,0.442,0.669,0.669,0.442,0.636,0.655,0.532,0.582,0.655,0.655,0.047,0.565,0.442,0.655,,,0.582,0.047,0.468,0.334,0.565,0.582,0.582,,0.432,0.277,0.313,0.21,0.047,0.218,0.432,0.432,0.448,0.419,0.448,0.448,0.291,0.291,0.291,0.197,0.116,0.116,0.116,0.116,0.116,0.116,0.304,0.116,0.116,0.116,0.268,0.119,0.112
rs12928610,0.021,0.139,0.146,1.0,1.0,1.0,1.0,1.0,1.0,0.488,1.0,0.462,0.684,0.703,0.48,0.452,0.452,0.452,0.669,0.442,0.452,0.452,0.669,0.452,0.669,0.669,0.669,0.047,0.669,0.669,0.669,0.669,0.669,0.651,0.452,0.669,0.669,0.452,0.669,0.669,0.669,0.669,0.442,0.655,0.669,0.669,0.669,0.442,0.452,0.669,0.442,0.669,0.669,0.442,0.636,0.655,0.532,0.582,0.655,0.655,0.047,0.565,0.442,0.655,,,0.582,0.047,0.468,0.334,0.565,0.582,0.582,,0.432,0.277,0.313,0.21,0.047,0.218,0.432,0.432,0.448,0.419,0.448,0.448,0.291,0.291,0.291,0.197,0.116,0.116,0.116,0.116,0.116,0.116,0.304,0.116,0.116,0.116,0.268,0.119,0.112
rs12921753,0.187,0.038,0.035,0.488,0.488,0.488,0.488,0.488,0.488,1.0,0.488,0.938,0.649,0.662,0.958,0.917,0.917,0.917,0.629,0.937,0.917,0.917,0.629,0.917,0.629,0.629,0.629,0.023,0.629,0.629,0.629,0.629,0.629,0.616,0.917,0.629,0.629,0.917,0.629,0.629,0.629,0.629,0.937,0.609,0.629,0.629,0.629,0.937,0.917,0.629,0.937,0.629,0.629,0.896,0.596,0.609,0.524,0.559,0.609,0.609,0.023,0.547,0.896,0.609,,,0.559,0.023,0.245,0.386,0.547,0.559,0.559,,0.916,0.276,0.255,0.499,0.023,0.517,0.249,0.249,0.242,0.242,0.242,0.242,0.414,0.414,0.414,0.466,0.304,0.304,0.304,0.304,0.304,0.304,0.195,0.304,0.304,0.304,0.163,0.066,0.062
rs11863174,0.021,0.139,0.146,1.0,1.0,1.0,1.0,1.0,1.0,0.488,1.0,0.462,0.684,0.703,0.48,0.452,0.452,0.452,0.669,0.442,0.452,0.452,0.669,0.452,0.669,0.669,0.669,0.047,0.669,0.669,0.669,0.669,0.669,0.651,0.452,0.669,0.669,0.452,0.669,0.669,0.669,0.669,0.442,0.655,0.669,0.669,0.669,0.442,0.452,0.669,0.442,0.669,0.669,0.442,0.636,0.655,0.532,0.582,0.655,0.655,0.047,0.565,0.442,0.655,,,0.582,0.047,0.468,0.334,0.565,0.582,0.582,,0.432,0.277,0.313,0.21,0.047,0.218,0.432,0.432,0.448,0.419,0.448,0.448,0.291,0.291,0.291,0.197,0.116,0.116,0.116,0.116,0.116,0.116,0.304,0.116,0.116,0.116,0.268,0.119,0.112
rs1140239,0.163,0.032,0.029,0.462,0.462,0.462,0.462,0.462,0.462,0.938,0.462,1.0,0.691,0.671,0.979,0.938,0.938,0.938,0.638,0.918,0.938,0.938,0.638,0.938,0.638,0.638,0.638,0.024,0.638,0.638,0.638,0.638,0.638,0.624,0.938,0.638,0.638,0.938,0.638,0.638,0.638,0.638,0.918,0.619,0.638,0.638,0.638,0.918,0.938,0.638,0.918,0.638,0.638,0.918,0.605,0.619,0.531,0.567,0.619,0.619,0.024,0.555,0.918,0.619,,,0.567,0.024,0.24,0.387,0.555,0.567,0.567,,0.898,0.274,0.252,0.506,0.024,0.524,0.246,0.246,0.239,0.239,0.239,0.239,0.417,0.417,0.417,0.472,0.29,0.29,0.29,0.29,0.29,0.29,0.173,0.29,0.29,0.29,0.144,0.054,0.05
rs12933575,0.059,0.096,0.103,0.684,0.684,0.684,0.684,0.684,0.684,0.649,0.684,0.691,1.0,0.98,0.677,0.643,0.643,0.643,0.94,0.629,0.643,0.643,0.94,0.643,0.94,0.94,0.94,0.035,0.94,0.94,0.94,0.94,0.94,0.921,0.643,0.94,0.94,0.643,0.94,0.94,0.94,0.94,0.629,0.921,0.94,0.94,0.94,0.629,0.643,0.94,0.629,0.94,0.94,0.629,0.902,0.921,0.792,0.845,0.921,0.921,0.035,0.827,0.629,0.921,,,0.845,0.035,0.365,0.581,0.827,0.845,0.845,,0.616,0.421,0.389,0.287,0.035,0.298,0.353,0.353,0.369,0.343,0.369,0.369,0.202,0.202,0.202,0.256,0.155,0.155,0.155,0.155,0.155,0.155,0.263,0.155,0.155,0.155,0.229,0.096,0.09
rs7191849,0.063,0.103,0.111,0.703,0.703,0.703,0.703,0.703,0.703,0.662,0.703,0.671,0.98,1.0,0.691,0.657,0.657,0.657,0.96,0.642,0.657,0.657,0.96,0.657,0.96,0.96,0.96,0.034,0.96,0.96,0.96,0.96,0.96,0.94,0.657,0.96,0.96,0.657,0.96,0.96,0.96,0.96,0.642,0.94,0.96,0.96,0.96,0.642,0.657,0.96,0.642,0.96,0.96,0.642,0.921,0.94,0.811,0.864,0.94,0.94,0.034,0.846,0.642,0.94,,,0.864,0.034,0.384,0.6,0.846,0.864,0.864,,0.629,0.411,0.407,0.276,0.034,0.287,0.345,0.345,0.36,0.335,0.36,0.36,0.194,0.194,0.194,0.246,0.147,0.147,0.147,0.147,0.147,0.147,0.256,0.147,0.147,0.147,0.222,0.092,0.086
rs12325400,0.171,0.036,0.033,0.48,0.48,0.48,0.48,0.48,0.48,0.958,0.48,0.979,0.677,0.691,1.0,0.958,0.958,0.958,0.657,0.938,0.958,0.958,0.657,0.958,0.657,0.657,0.657,0.024,0.657,0.657,0.657,0.657,0.657,0.643,0.958,0.657,0.657,0.958,0.657,0.657,0.657,0.657,0.938,0.637,0.657,0.657,0.657,0.938,0.958,0.657,0.938,0.657,0.657,0.938,0.624,0.637,0.549,0.585,0.637,0.637,0.024,0.573,0.938,0.637,,,0.585,0.024,0.256,0.404,0.573,0.585,0.585,,0.917,0.267,0.268,0.494,0.024,0.512,0.239,0.239,0.233,0.233,0.233,0.233,0.407,0.407,0.407,0.461,0.28,0.28,0.28,0.28,0.28,0.28,0.168,0.28,0.28,0.28,0.139,0.051,0.047
rs11649274,0.154,0.036,0.033,0.452,0.452,0.452,0.452,0.452,0.452,0.917,0.452,0.938,0.643,0.657,0.958,1.0,1.0,1.0,0.691,0.979,1.0,1.0,0.691,1.0,0.691,0.691,0.691,0.024,0.691,0.691,0.691,0.691,0.691,0.677,1.0,0.691,0.691,1.0,0.691,0.691,0.691,0.691,0.979,0.67,0.691,0.691,0.691,0.979,1.0,0.691,0.979,0.691,0.691,0.979,0.657,0.67,0.58,0.617,0.67,0.67,0.024,0.604,0.979,0.67,,,0.617,0.024,0.279,0.431,0.604,0.617,0.617,,0.958,0.267,0.268,0.524,0.024,0.542,0.261,0.261,0.254,0.254,0.254,0.254,0.434,0.434,0.434,0.489,0.302,0.302,0.302,0.302,0.302,0.302,0.186,0.302,0.302,0.302,0.156,0.051,0.047
rs12935701,0.154,0.036,0.033,0.452,0.452,0.452,0.452,0.452,0.452,0.917,0.452,0.938,0.643,0.657,0.958,1.0,1.0,1.0,0.691,0.979,1.0,1.0,0.691,1.0,0.691,0.691,0.691,0.024,0.691,0.691,0.691,0.691,0.691,0.677,1.0,0.691,0.691,1.0,0.691,0.691,0.691,0.691,0.979,0.67,0.691,0.691,0.691,0.979,1.0,0.691,0.979,0.691,0.691,0.979,0.657,0.67,0.58,0.617,0.67,0.67,0.024,0.604,0.979,0.67,,,0.617,0.024,0.279,0.431,0.604,0.617,0.617,,0.958,0.267,0.268,0.524,0.024,0.542,0.261,0.261,0.254,0.254,0.254,0.254,0.434,0.434,0.434,0.489,0.302,0.302,0.302,0.302,0.302,0.302,0.186,0.302,0.302,0.302,0.156,0.051,0.047
rs12444108,0.154,0.036,0.033,0.452,0.452,0.452,0.452,0.452,0.452,0.917,0.452,0.938,0.643,0.657,0.958,1.0,1.0,1.0,0.691,0.979,1.0,1.0,0.691,1.0,0.691,0.691,0.691,0.024,0.691,0.691,0.691,0.691,0.691,0.677,1.0,0.691,0.691,1.0,0.691,0.691,0.691,0.691,0.979,0.67,0.691,0.691,0.691,0.979,1.0,0.691,0.979,0.691,0.691,0.979,0.657,0.67,0.58,0.617,0.67,0.67,0.024,0.604,0.979,0.67,,,0.617,0.024,0.279,0.431,0.604,0.617,0.617,,0.958,0.267,0.268,0.524,0.024,0.542,0.261,0.261,0.254,0.254,0.254,0.254,0.434,0.434,0.434,0.489,0.302,0.302,0.302,0.302,0.302,0.302,0.186,0.302,0.302,0.302,0.156,0.051,0.047
rs12596543,0.053,0.103,0.111,0.669,0.669,0.669,0.669,0.669,0.669,0.629,0.669,0.638,0.94,0.96,0.657,0.691,0.691,0.691,1.0,0.676,0.691,0.691,1.0,0.691,1.0,1.0,1.0,0.034,1.0,1.0,1.0,1.0,1.0,0.98,0.691,1.0,1.0,0.691,1.0,1.0,1.0,1.0,0.676,0.98,1.0,1.0,1.0,0.676,0.691,1.0,0.676,1.0,1.0,0.676,0.96,0.98,0.848,0.902,0.98,0.98,0.034,0.884,0.676,0.98,,,0.902,0.034,0.411,0.632,0.884,0.902,0.902,,0.662,0.411,0.407,0.298,0.034,0.309,0.37,0.37,0.386,0.36,0.386,0.386,0.212,0.212,0.212,0.267,0.163,0.163,0.163,0.163,0.163,0.163,0.278,0.163,0.163,0.163,0.243,0.092,0.086
rs12598856,0.162,0.033,0.03,0.442,0.442,0.442,0.442,0.442,0.442,0.937,0.442,0.918,0.629,0.642,0.938,0.979,0.979,0.979,0.676,1.0,0.979,0.979,0.676,0.979,0.676,0.676,0.676,0.023,0.676,0.676,0.676,0.676,0.676,0.663,0.979,0.676,0.676,0.979,0.676,0.676,0.676,0.676,1.0,0.656,0.676,0.676,0.676,1.0,0.979,0.676,1.0,0.676,0.676,0.958,0.642,0.656,0.567,0.604,0.656,0.656,0.023,0.591,0.958,0.656,,,0.604,0.023,0.273,0.422,0.591,0.604,0.604,,0.979,0.283,0.262,0.541,0.023,0.56,0.277,0.277,0.271,0.271,0.271,0.271,0.451,0.451,0.451,0.507,0.315,0.315,0.315,0.315,0.315,0.315,0.2,0.315,0.315,0.315,0.168,0.058,0.055
rs11642612,0.154,0.036,0.033,0.452,0.452,0.452,0.452,0.452,0.452,0.917,0.452,0.938,0.643,0.657,0.958,1.0,1.0,1.0,0.691,0.979,1.0,1.0,0.691,1.0,0.691,0.691,0.691,0.024,0.691,0.691,0.691,0.691,0.691,0.677,1.0,0.691,0.691,1.0,0.691,0.691,0.691,0.691,0.979,0.67,0.691,0.691,0.691,0.979,1.0,0.691,0.979,0.691,0.691,0.979,0.657,0.67,0.58,0.617,0.67,0.67,0.024,0.604,0.979,0.67,,,0.617,0.024,0.279,0.431,0.604,0.617,0.617,,0.958,0.267,0.268,0.524,0.024,0.542,0.261,0.261,0.254,0.254,0.254,0.254,0.434,0.434,0.434,0.489,0.302,0.302,0.302,0.302,0.302,0.302,0.186,0.302,0.302,0.302,0.156,0.051,0.047
rs11150581,0.154,0.036,0.033,0.452,0.452,0.452,0.452,0.452,0.452,0.917,0.452,0.938,0.643,0.657,0.958,1.0,1.0,1.0,0.691,0.979,1.0,1.0,0.691,1.0,0.691,0.691,0.691,0.024,0.691,0.691,0.691,0.691,0.691,0.677,1.0,0.691,0.691,1.0,0.691,0.691,0.691,0.691,0.979,0.67,0.691,0.691,0.691,0.979,1.0,0.691,0.979,0.691,0.691,0.979,0.657,0.67,0.58,0.617,0.67,0.67,0.024,0.604,0.979,0.67,,,0.617,0.024,0.279,0.431,0.604,0.617,0.617,,0.958,0.267,0.268,0.524,0.024,0.542,0.261,0.261,0.254,0.254,0.254,0.254,0.434,0.434,0.434,0.489,0.302,0.302,0.302,0.302,0.302,0.302,0.186,0.302,0.302,0.302,0.156,0.051,0.047
rs35605010,0.053,0.103,0.111,0.669,0.669,0.669,0.669,0.669,0.669,0.629,0.669,0.638,0.94,0.96,0.657,0.691,0.691,0.691,1.0,0.676,0.691,0.691,1.0,0.691,1.0,1.0,1.0,0.034,1.0,1.0,1.0,1.0,1.0,0.98,0.691,1.0,1.0,0.691,1.0,1.0,1.0,1.0,0.676,0.98,1.0,1.0,1.0,0.676,0.691,1.0,0.676,1.0,1.0,0.676,0.96,0.98,0.848,0.902,0.98,0.98,0.034,0.884,0.676,0.98,,,0.902,0.034,0.411,0.632,0.884,0.902,0.902,,0.662,0.411,0.407,0.298,0.034,0.309,0.37,0.37,0.386,0.36,0.386,0.386,0.212,0.212,0.212,0.267,0.163,0.163,0.163,0.163,0.163,0.163,0.278,0.163,0.163,0.163,0.243,0.092,0.086
rs12325539,0.154,0.036,0.033,0.452,0.452,0.452,0.452,0.452,0.452,0.917,0.452,0.938,0.643,0.657,0.958,1.0,1.0,1.0,0.691,0.979,1.0,1.0,0.691,1.0,0.691,0.691,0.691,0.024,0.691,0.691,0.691,0.691,0.691,0.677,1.0,0.691,0.691,1.0,0.691,0.691,0.691,0.691,0.979,0.67,0.691,0.691,0.691,0.979,1.0,0.691,0.979,0.691,0.691,0.979,0.657,0.67,0.58,0.617,0.67,0.67,0.024,0.604,0.979,0.67,,,0.617,0.024,0.279,0.431,0.604,0.617,0.617,,0.958,0.267,0.268,0.524,0.024,0.542,0.261,0.261,0.254,0.254,0.254,0.254,0.434,0.434,0.434,0.489,0.302,0.302,0.302,0.302,0.302,0.302,0.186,0.302,0.302,0.302,0.156,0.051,0.047
rs11150583,0.053,0.103,0.111,0.669,0.669,0.669,0.669,0.669,0.669,0.629,0.669,0.638,0.94,0.96,0.657,0.691,0.691,0.691,1.0,0.676,0.691,0.691,1.0,0.691,1.0,1.0,1.0,0.034,1.0,1.0,1.0,1.0,1.0,0.98,0.691,1.0,1.0,0.691,1.0,1.0,1.0,1.0,0.676,0.98,1.0,1.0,1.0,0.676,0.691,1.0,0.676,1.0,1.0,0.676,0.96,0.98,0.848,0.902,0.98,0.98,0.034,0.884,0.676,0.98,,,0.902,0.034,0.411,0.632,0.884,0.902,0.902,,0.662,0.411,0.407,0.298,0.034,0.309,0.37,0.37,0.386,0.36,0.386,0.386,0.212,0.212,0.212,0.267,0.163,0.163,0.163,0.163,0.163,0.163,0.278,0.163,0.163,0.163,0.243,0.092,0.086
rs4788212,0.053,0.103,0.111,0.669,0.669,0.669,0.669,0.669,0.669,0.629,0.669,0.638,0.94,0.96,0.657,0.691,0.691,0.691,1.0,0.676,0.691,0.691,1.0,0.691,1.0,1.0,1.0,0.034,1.0,1.0,1.0,1.0,1.0,0.98,0.691,1.0,1.0,0.691,1.0,1.0,1.0,1.0,0.676,0.98,1.0,1.0,1.0,0.676,0.691,1.0,0.676,1.0,1.0,0.676,0.96,0.98,0.848,0.902,0.98,0.98,0.034,0.884,0.676,0.98,,,0.902,0.034,0.411,0.632,0.884,0.902,0.902,,0.662,0.411,0.407,0.298,0.034,0.309,0.37,0.37,0.386,0.36,0.386,0.386,0.212,0.212,0.212,0.267,0.163,0.163,0.163,0.163,0.163,0.163,0.278,0.163,0.163,0.163,0.243,0.092,0.086
rs4788213,0.053,0.103,0.111,0.669,0.669,0.669,0.669,0.669,0.669,0.629,0.669,0.638,0.94,0.96,0.657,0.691,0.691,0.691,1.0,0.676,0.691,0.691,1.0,0.691,1.0,1.0,1.0,0.034,1.0,1.0,1.0,1.0,1.0,0.98,0.691,1.0,1.0,0.691,1.0,1.0,1.0,1.0,0.676,0.98,1.0,1.0,1.0,0.676,0.691,1.0,0.676,1.0,1.0,0.676,0.96,0.98,0.848,0.902,0.98,0.98,0.034,0.884,0.676,0.98,,,0.902,0.034,0.411,0.632,0.884,0.902,0.902,,0.662,0.411,0.407,0.298,0.034,0.309,0.37,0.37,0.386,0.36,0.386,0.386,0.212,0.212,0.212,0.267,0.163,0.163,0.163,0.163,0.163,0.163,0.278,0.163,0.163,0.163,0.243,0.092,0.086
rs72791208,0.052,0.027,0.026,0.047,0.047,0.047,0.047,0.047,0.047,0.023,0.047,0.024,0.035,0.034,0.024,0.024,0.024,0.024,0.034,0.023,0.024,0.024,0.034,0.024,0.034,0.034,0.034,1.0,0.034,0.034,0.034,0.034,0.034,0.035,0.024,0.034,0.034,0.024,0.034,0.034,0.034,0.034,0.023,0.034,0.034,0.034,0.034,0.023,0.024,0.034,0.023,0.034,0.034,0.023,0.034,0.034,0.034,0.037,0.034,0.034,1.0,0.037,0.023,0.034,,,0.037,1.0,0.079,0.052,0.037,0.037,0.037,,0.023,0.066,0.07,0.037,1.0,0.037,0.072,0.072,0.073,0.073,0.073,0.073,0.046,0.046,0.046,0.02,0.017,0.017,0.017,0.017,0.017,0.017,0.046,0.017,0.017,0.017,0.045,0.01,0.011
rs11544328,0.053,0.103,0.111,0.669,0.669,0.669,0.669,0.669,0.669,0.629,0.669,0.638,0.94,0.96,0.657,0.691,0.691,0.691,1.0,0.676,0.691,0.691,1.0,0.691,1.0,1.0,1.0,0.034,1.0,1.0,1.0,1.0,1.0,0.98,0.691,1.0,1.0,0.691,1.0,1.0,1.0,1.0,0.676,0.98,1.0,1.0,1.0,0.676,0.691,1.0,0.676,1.0,1.0,0.676,0.96,0.98,0.848,0.902,0.98,0.98,0.034,0.884,0.676,0.98,,,0.902,0.034,0.411,0.632,0.884,0.902,0.902,,0.662,0.411,0.407,0.298,0.034,0.309,0.37,0.37,0.386,0.36,0.386,0.386,0.212,0.212,0.212,0.267,0.163,0.163,0.163,0.163,0.163,0.163,0.278,0.163,0.163,0.163,0.243,0.092,0.086
rs4238959,0.053,0.103,0.111,0.669,0.669,0.669,0.669,0.669,0.669,0.629,0.669,0.638,0.94,0.96,0.657,0.691,0.691,0.691,1.0,0.676,0.691,0.691,1.0,0.691,1.0,1.0,1.0,0.034,1.0,1.0,1.0,1.0,1.0,0.98,0.691,1.0,1.0,0.691,1.0,1.0,1.0,1.0,0.676,0.98,1.0,1.0,1.0,0.676,0.691,1.0,0.676,1.0,1.0,0.676,0.96,0.98,0.848,0.902,0.98,0.98,0.034,0.884,0.676,0.98,,,0.902,0.034,0.411,0.632,0.884,0.902,0.902,,0.662,0.411,0.407,0.298,0.034,0.309,0.37,0.37,0.386,0.36,0.386,0.386,0.212,0.212,0.212,0.267,0.163,0.163,0.163,0.163,0.163,0.163,0.278,0.163,0.163,0.163,0.243,0.092,0.086
rs4238960,0.053,0.103,0.111,0.669,0.669,0.669,0.669,0.669,0.669,0.629,0.669,0.638,0.94,0.96,0.657,0.691,0.691,0.691,1.0,0.676,0.691,0.691,1.0,0.691,1.0,1.0,1.0,0.034,1.0,1.0,1.0,1.0,1.0,0.98,0.691,1.0,1.0,0.691,1.0,1.0,1.0,1.0,0.676,0.98,1.0,1.0,1.0,0.676,0.691,1.0,0.676,1.0,1.0,0.676,0.96,0.98,0.848,0.902,0.98,0.98,0.034,0.884,0.676,0.98,,,0.902,0.034,0.411,0.632,0.884,0.902,0.902,,0.662,0.411,0.407,0.298,0.034,0.309,0.37,0.37,0.386,0.36,0.386,0.386,0.212,0.212,0.212,0.267,0.163,0.163,0.163,0.163,0.163,0.163,0.278,0.163,0.163,0.163,0.243,0.092,0.086
rs11150584,0.053,0.103,0.111,0.669,0.669,0.669,0.669,0.669,0.669,0.629,0.669,0.638,0.94,0.96,0.657,0.691,0.691,0.691,1.0,0.676,0.691,0.691,1.0,0.691,1.0,1.0,1.0,0.034,1.0,1.0,1.0,1.0,1.0,0.98,0.691,1.0,1.0,0.691,1.0,1.0,1.0,1.0,0.676,0.98,1.0,1.0,1.0,0.676,0.691,1.0,0.676,1.0,1.0,0.676,0.96,0.98,0.848,0.902,0.98,0.98,0.034,0.884,0.676,0.98,,,0.902,0.034,0.411,0.632,0.884,0.902,0.902,,0.662,0.411,0.407,0.298,0.034,0.309,0.37,0.37,0.386,0.36,0.386,0.386,0.212,0.212,0.212,0.267,0.163,0.163,0.163,0.163,0.163,0.163,0.278,0.163,0.163,0.163,0.243,0.092,0.086
rs7204852,0.053,0.103,0.111,0.669,0.669,0.669,0.669,0.669,0.669,0.629,0.669,0.638,0.94,0.96,0.657,0.691,0.691,0.691,1.0,0.676,0.691,0.691,1.0,0.691,1.0,1.0,1.0,0.034,1.0,1.0,1.0,1.0,1.0,0.98,0.691,1.0,1.0,0.691,1.0,1.0,1.0,1.0,0.676,0.98,1.0,1.0,1.0,0.676,0.691,1.0,0.676,1.0,1.0,0.676,0.96,0.98,0.848,0.902,0.98,0.98,0.034,0.884,0.676,0.98,,,0.902,0.034,0.411,0.632,0.884,0.902,0.902,,0.662,0.411,0.407,0.298,0.034,0.309,0.37,0.37,0.386,0.36,0.386,0.386,0.212,0.212,0.212,0.267,0.163,0.163,0.163,0.163,0.163,0.163,0.278,0.163,0.163,0.163,0.243,0.092,0.086
rs3814878,0.049,0.096,0.103,0.651,0.651,0.651,0.651,0.651,0.651,0.616,0.651,0.624,0.921,0.94,0.643,0.677,0.677,0.677,0.98,0.663,0.677,0.677,0.98,0.677,0.98,0.98,0.98,0.035,0.98,0.98,0.98,0.98,0.98,1.0,0.677,0.98,0.98,0.677,0.98,0.98,0.98,0.98,0.663,0.96,0.98,0.98,0.98,0.663,0.677,0.98,0.663,0.98,0.98,0.663,0.98,0.96,0.829,0.883,0.96,0.96,0.035,0.902,0.663,0.96,,,0.883,0.035,0.42,0.613,0.902,0.883,0.883,,0.649,0.421,0.416,0.287,0.035,0.298,0.379,0.379,0.395,0.369,0.395,0.395,0.202,0.202,0.202,0.256,0.155,0.155,0.155,0.155,0.155,0.155,0.286,0.155,0.155,0.155,0.25,0.096,0.09
rs3814877,0.154,0.036,0.033,0.452,0.452,0.452,0.452,0.452,0.452,0.917,0.452,0.938,0.643,0.657,0.958,1.0,1.0,1.0,0.691,0.979,1.0,1.0,0.691,1.0,0.691,0.691,0.691,0.024,0.691,0.691,0.691,0.691,0.691,0.677,1.0,0.691,0.691,1.0,0.691,0.691,0.691,0.691,0.979,0.67,0.691,0.691,0.691,0.979,1.0,0.691,0.979,0.691,0.691,0.979,0.657,0.67,0.58,0.617,0.67,0.67,0.024,0.604,0.979,0.67,,,0.617,0.024,0.279,0.431,0.604,0.617,0.617,,0.958,0.267,0.268,0.524,0.024,0.542,0.261,0.261,0.254,0.254,0.254,0.254,0.434,0.434,0.434,0.489,0.302,0.302,0.302,0.302,0.302,0.302,0.186,0.302,0.302,0.302,0.156,0.051,0.047
rs12446378,0.053,0.103,0.111,0.669,0.669,0.669,0.669,0.669,0.669,0.629,0.669,0.638,0.94,0.96,0.657,0.691,0.691,0.691,1.0,0.676,0.691,0.691,1.0,0.691,1.0,1.0,1.0,0.034,1.0,1.0,1.0,1.0,1.0,0.98,0.691,1.0,1.0,0.691,1.0,1.0,1.0,1.0,0.676,0.98,1.0,1.0,1.0,0.676,0.691,1.0,0.676,1.0,1.0,0.676,0.96,0.98,0.848,0.902,0.98,0.98,0.034,0.884,0.676,0.98,,,0.902,0.034,0.411,0.632,0.884,0.902,0.902,,0.662,0.411,0.407,0.298,0.034,0.309,0.37,0.37,0.386,0.36,0.386,0.386,0.212,0.212,0.212,0.267,0.163,0.163,0.163,0.163,0.163,0.163,0.278,0.163,0.163,0.163,0.243,0.092,0.086
rs8043883,0.053,0.103,0.111,0.669,0.669,0.669,0.669,0.669,0.669,0.629,0.669,0.638,0.94,0.96,0.657,0.691,0.691,0.691,1.0,0.676,0.691,0.691,1.0,0.691,1.0,1.0,1.0,0.034,1.0,1.0,1.0,1.0,1.0,0.98,0.691,1.0,1.0,0.691,1.0,1.0,1.0,1.0,0.676,0.98,1.0,1.0,1.0,0.676,0.691,1.0,0.676,1.0,1.0,0.676,0.96,0.98,0.848,0.902,0.98,0.98,0.034,0.884,0.676,0.98,,,0.902,0.034,0.411,0.632,0.884,0.902,0.902,,0.662,0.411,0.407,0.298,0.034,0.309,0.37,0.37,0.386,0.36,0.386,0.386,0.212,0.212,0.212,0.267,0.163,0.163,0.163,0.163,0.163,0.163,0.278,0.163,0.163,0.163,0.243,0.092,0.086
rs11642430,0.154,0.036,0.033,0.452,0.452,0.452,0.452,0.452,0.452,0.917,0.452,0.938,0.643,0.657,0.958,1.0,1.0,1.0,0.691,0.979,1.0,1.0,0.691,1.0,0.691,0.691,0.691,0.024,0.691,0.691,0.691,0.691,0.691,0.677,1.0,0.691,0.691,1.0,0.691,0.691,0.691,0.691,0.979,0.67,0.691,0.691,0.691,0.979,1.0,0.691,0.979,0.691,0.691,0.979,0.657,0.67,0.58,0.617,0.67,0.67,0.024,0.604,0.979,0.67,,,0.617,0.024,0.279,0.431,0.604,0.617,0.617,,0.958,0.267,0.268,0.524,0.024,0.542,0.261,0.261,0.254,0.254,0.254,0.254,0.434,0.434,0.434,0.489,0.302,0.302,0.302,0.302,0.302,0.302,0.186,0.302,0.302,0.302,0.156,0.051,0.047
rs28567715,0.053,0.103,0.111,0.669,0.669,0.669,0.669,0.669,0.669,0.629,0.669,0.638,0.94,0.96,0.657,0.691,0.691,0.691,1.0,0.676,0.691,0.691,1.0,0.691,1.0,1.0,1.0,0.034,1.0,1.0,1.0,1.0,1.0,0.98,0.691,1.0,1.0,0.691,1.0,1.0,1.0,1.0,0.676,0.98,1.0,1.0,1.0,0.676,0.691,1.0,0.676,1.0,1.0,0.676,0.96,0.98,0.848,0.902,0.98,0.98,0.034,0.884,0.676,0.98,,,0.902,0.034,0.411,0.632,0.884,0.902,0.902,,0.662,0.411,0.407,0.298,0.034,0.309,0.37,0.37,0.386,0.36,0.386,0.386,0.212,0.212,0.212,0.267,0.163,0.163,0.163,0.163,0.163,0.163,0.278,0.163,0.163,0.163,0.243,0.092,0.086
rs8054507,0.053,0.103,0.111,0.669,0.669,0.669,0.669,0.669,0.669,0.629,0.669,0.638,0.94,0.96,0.657,0.691,0.691,0.691,1.0,0.676,0.691,0.691,1.0,0.691,1.0,1.0,1.0,0.034,1.0,1.0,1.0,1.0,1.0,0.98,0.691,1.0,1.0,0.691,1.0,1.0,1.0,1.0,0.676,0.98,1.0,1.0,1.0,0.676,0.691,1.0,0.676,1.0,1.0,0.676,0.96,0.98,0.848,0.902,0.98,0.98,0.034,0.884,0.676,0.98,,,0.902,0.034,0.411,0.632,0.884,0.902,0.902,,0.662,0.411,0.407,0.298,0.034,0.309,0.37,0.37,0.386,0.36,0.386,0.386,0.212,0.212,0.212,0.267,0.163,0.163,0.163,0.163,0.163,0.163,0.278,0.163,0.163,0.163,0.243,0.092,0.086
rs4788215,0.053,0.103,0.111,0.669,0.669,0.669,0.669,0.669,0.669,0.629,0.669,0.638,0.94,0.96,0.657,0.691,0.691,0.691,1.0,0.676,0.691,0.691,1.0,0.691,1.0,1.0,1.0,0.034,1.0,1.0,1.0,1.0,1.0,0.98,0.691,1.0,1.0,0.691,1.0,1.0,1.0,1.0,0.676,0.98,1.0,1.0,1.0,0.676,0.691,1.0,0.676,1.0,1.0,0.676,0.96,0.98,0.848,0.902,0.98,0.98,0.034,0.884,0.676,0.98,,,0.902,0.034,0.411,0.632,0.884,0.902,0.902,,0.662,0.411,0.407,0.298,0.034,0.309,0.37,0.37,0.386,0.36,0.386,0.386,0.212,0.212,0.212,0.267,0.163,0.163,0.163,0.163,0.163,0.163,0.278,0.163,0.163,0.163,0.243,0.092,0.086
rs4788216,0.053,0.103,0.111,0.669,0.669,0.669,0.669,0.669,0.669,0.629,0.669,0.638,0.94,0.96,0.657,0.691,0.691,0.691,1.0,0.676,0.691,0.691,1.0,0.691,1.0,1.0,1.0,0.034,1.0,1.0,1.0,1.0,1.0,0.98,0.691,1.0,1.0,0.691,1.0,1.0,1.0,1.0,0.676,0.98,1.0,1.0,1.0,0.676,0.691,1.0,0.676,1.0,1.0,0.676,0.96,0.98,0.848,0.902,0.98,0.98,0.034,0.884,0.676,0.98,,,0.902,0.034,0.411,0.632,0.884,0.902,0.902,,0.662,0.411,0.407,0.298,0.034,0.309,0.37,0.37,0.386,0.36,0.386,0.386,0.212,0.212,0.212,0.267,0.163,0.163,0.163,0.163,0.163,0.163,0.278,0.163,0.163,0.163,0.243,0.092,0.086
rs35467921,0.162,0.033,0.03,0.442,0.442,0.442,0.442,0.442,0.442,0.937,0.442,0.918,0.629,0.642,0.938,0.979,0.979,0.979,0.676,1.0,0.979,0.979,0.676,0.979,0.676,0.676,0.676,0.023,0.676,0.676,0.676,0.676,0.676,0.663,0.979,0.676,0.676,0.979,0.676,0.676,0.676,0.676,1.0,0.656,0.676,0.676,0.676,1.0,0.979,0.676,1.0,0.676,0.676,0.958,0.642,0.656,0.567,0.604,0.656,0.656,0.023,0.591,0.958,0.656,,,0.604,0.023,0.273,0.422,0.591,0.604,0.604,,0.979,0.283,0.262,0.541,0.023,0.56,0.277,0.277,0.271,0.271,0.271,0.271,0.451,0.451,0.451,0.507,0.315,0.315,0.315,0.315,0.315,0.315,0.2,0.315,0.315,0.315,0.168,0.058,0.055
rs66467443,0.048,0.098,0.105,0.655,0.655,0.655,0.655,0.655,0.655,0.609,0.655,0.619,0.921,0.94,0.637,0.67,0.67,0.67,0.98,0.656,0.67,0.67,0.98,0.67,0.98,0.98,0.98,0.034,0.98,0.98,0.98,0.98,0.98,0.96,0.67,0.98,0.98,0.67,0.98,0.98,0.98,0.98,0.656,1.0,0.98,0.98,0.98,0.656,0.67,0.98,0.656,0.98,0.98,0.656,0.94,0.96,0.831,0.884,0.96,0.96,0.034,0.866,0.656,0.96,,,0.884,0.034,0.402,0.619,0.866,0.884,0.884,,0.642,0.402,0.398,0.287,0.034,0.298,0.362,0.362,0.378,0.352,0.378,0.378,0.204,0.204,0.204,0.257,0.154,0.154,0.154,0.154,0.154,0.154,0.271,0.154,0.154,0.154,0.236,0.088,0.082
rs67218159,0.053,0.103,0.111,0.669,0.669,0.669,0.669,0.669,0.669,0.629,0.669,0.638,0.94,0.96,0.657,0.691,0.691,0.691,1.0,0.676,0.691,0.691,1.0,0.691,1.0,1.0,1.0,0.034,1.0,1.0,1.0,1.0,1.0,0.98,0.691,1.0,1.0,0.691,1.0,1.0,1.0,1.0,0.676,0.98,1.0,1.0,1.0,0.676,0.691,1.0,0.676,1.0,1.0,0.676,0.96,0.98,0.848,0.902,0.98,0.98,0.034,0.884,0.676,0.98,,,0.902,0.034,0.411,0.632,0.884,0.902,0.902,,0.662,0.411,0.407,0.298,0.034,0.309,0.37,0.37,0.386,0.36,0.386,0.386,0.212,0.212,0.212,0.267,0.163,0.163,0.163,0.163,0.163,0.163,0.278,0.163,0.163,0.163,0.243,0.092,0.086
rs4788217,0.053,0.103,0.111,0.669,0.669,0.669,0.669,0.669,0.669,0.629,0.669,0.638,0.94,0.96,0.657,0.691,0.691,0.691,1.0,0.676,0.691,0.691,1.0,0.691,1.0,1.0,1.0,0.034,1.0,1.0,1.0,1.0,1.0,0.98,0.691,1.0,1.0,0.691,1.0,1.0,1.0,1.0,0.676,0.98,1.0,1.0,1.0,0.676,0.691,1.0,0.676,1.0,1.0,0.676,0.96,0.98,0.848,0.902,0.98,0.98,0.034,0.884,0.676,0.98,,,0.902,0.034,0.411,0.632,0.884,0.902,0.902,,0.662,0.411,0.407,0.298,0.034,0.309,0.37,0.37,0.386,0.36,0.386,0.386,0.212,0.212,0.212,0.267,0.163,0.163,0.163,0.163,0.163,0.163,0.278,0.163,0.163,0.163,0.243,0.092,0.086
rs4787492,0.053,0.103,0.111,0.669,0.669,0.669,0.669,0.669,0.669,0.629,0.669,0.638,0.94,0.96,0.657,0.691,0.691,0.691,1.0,0.676,0.691,0.691,1.0,0.691,1.0,1.0,1.0,0.034,1.0,1.0,1.0,1.0,1.0,0.98,0.691,1.0,1.0,0.691,1.0,1.0,1.0,1.0,0.676,0.98,1.0,1.0,1.0,0.676,0.691,1.0,0.676,1.0,1.0,0.676,0.96,0.98,0.848,0.902,0.98,0.98,0.034,0.884,0.676,0.98,,,0.902,0.034,0.411,0.632,0.884,0.902,0.902,,0.662,0.411,0.407,0.298,0.034,0.309,0.37,0.37,0.386,0.36,0.386,0.386,0.212,0.212,0.212,0.267,0.163,0.163,0.163,0.163,0.163,0.163,0.278,0.163,0.163,0.163,0.243,0.092,0.086
rs4788218,0.162,0.033,0.03,0.442,0.442,0.442,0.442,0.442,0.442,0.937,0.442,0.918,0.629,0.642,0.938,0.979,0.979,0.979,0.676,1.0,0.979,0.979,0.676,0.979,0.676,0.676,0.676,0.023,0.676,0.676,0.676,0.676,0.676,0.663,0.979,0.676,0.676,0.979,0.676,0.676,0.676,0.676,1.0,0.656,0.676,0.676,0.676,1.0,0.979,0.676,1.0,0.676,0.676,0.958,0.642,0.656,0.567,0.604,0.656,0.656,0.023,0.591,0.958,0.656,,,0.604,0.023,0.273,0.422,0.591,0.604,0.604,,0.979,0.283,0.262,0.541,0.023,0.56,0.277,0.277,0.271,0.271,0.271,0.271,0.451,0.451,0.451,0.507,0.315,0.315,0.315,0.315,0.315,0.315,0.2,0.315,0.315,0.315,0.168,0.058,0.055
rs35105141,0.154,0.036,0.033,0.452,0.452,0.452,0.452,0.452,0.452,0.917,0.452,0.938,0.643,0.657,0.958,1.0,1.0,1.0,0.691,0.979,1.0,1.0,0.691,1.0,0.691,0.691,0.691,0.024,0.691,0.691,0.691,0.691,0.691,0.677,1.0,0.691,0.691,1.0,0.691,0.691,0.691,0.691,0.979,0.67,0.691,0.691,0.691,0.979,1.0,0.691,0.979,0.691,0.691,0.979,0.657,0.67,0.58,0.617,0.67,0.67,0.024,0.604,0.979,0.67,,,0.617,0.024,0.279,0.431,0.604,0.617,0.617,,0.958,0.267,0.268,0.524,0.024,0.542,0.261,0.261,0.254,0.254,0.254,0.254,0.434,0.434,0.434,0.489,0.302,0.302,0.302,0.302,0.302,0.302,0.186,0.302,0.302,0.302,0.156,0.051,0.047
rs11642399,0.053,0.103,0.111,0.669,0.669,0.669,0.669,0.669,0.669,0.629,0.669,0.638,0.94,0.96,0.657,0.691,0.691,0.691,1.0,0.676,0.691,0.691,1.0,0.691,1.0,1.0,1.0,0.034,1.0,1.0,1.0,1.0,1.0,0.98,0.691,1.0,1.0,0.691,1.0,1.0,1.0,1.0,0.676,0.98,1.0,1.0,1.0,0.676,0.691,1.0,0.676,1.0,1.0,0.676,0.96,0.98,0.848,0.902,0.98,0.98,0.034,0.884,0.676,0.98,,,0.902,0.034,0.411,0.632,0.884,0.902,0.902,,0.662,0.411,0.407,0.298,0.034,0.309,0.37,0.37,0.386,0.36,0.386,0.386,0.212,0.212,0.212,0.267,0.163,0.163,0.163,0.163,0.163,0.163,0.278,0.163,0.163,0.163,0.243,0.092,0.086
rs11642740,0.162,0.033,0.03,0.442,0.442,0.442,0.442,0.442,0.442,0.937,0.442,0.918,0.629,0.642,0.938,0.979,0.979,0.979,0.676,1.0,0.979,0.979,0.676,0.979,0.676,0.676,0.676,0.023,0.676,0.676,0.676,0.676,0.676,0.663,0.979,0.676,0.676,0.979,0.676,0.676,0.676,0.676,1.0,0.656,0.676,0.676,0.676,1.0,0.979,0.676,1.0,0.676,0.676,0.958,0.642,0.656,0.567,0.604,0.656,0.656,0.023,0.591,0.958,0.656,,,0.604,0.023,0.273,0.422,0.591,0.604,0.604,,0.979,0.283,0.262,0.541,0.023,0.56,0.277,0.277,0.271,0.271,0.271,0.271,0.451,0.451,0.451,0.507,0.315,0.315,0.315,0.315,0.315,0.315,0.2,0.315,0.315,0.315,0.168,0.058,0.055
rs4788219,0.053,0.103,0.111,0.669,0.669,0.669,0.669,0.669,0.669,0.629,0.669,0.638,0.94,0.96,0.657,0.691,0.691,0.691,1.0,0.676,0.691,0.691,1.0,0.691,1.0,1.0,1.0,0.034,1.0,1.0,1.0,1.0,1.0,0.98,0.691,1.0,1.0,0.691,1.0,1.0,1.0,1.0,0.676,0.98,1.0,1.0,1.0,0.676,0.691,1.0,0.676,1.0,1.0,0.676,0.96,0.98,0.848,0.902,0.98,0.98,0.034,0.884,0.676,0.98,,,0.902,0.034,0.411,0.632,0.884,0.902,0.902,,0.662,0.411,0.407,0.298,0.034,0.309,0.37,0.37,0.386,0.36,0.386,0.386,0.212,0.212,0.212,0.267,0.163,0.163,0.163,0.163,0.163,0.163,0.278,0.163,0.163,0.163,0.243,0.092,0.086
rs4788220,0.053,0.103,0.111,0.669,0.669,0.669,0.669,0.669,0.669,0.629,0.669,0.638,0.94,0.96,0.657,0.691,0.691,0.691,1.0,0.676,0.691,0.691,1.0,0.691,1.0,1.0,1.0,0.034,1.0,1.0,1.0,1.0,1.0,0.98,0.691,1.0,1.0,0.691,1.0,1.0,1.0,1.0,0.676,0.98,1.0,1.0,1.0,0.676,0.691,1.0,0.676,1.0,1.0,0.676,0.96,0.98,0.848,0.902,0.98,0.98,0.034,0.884,0.676,0.98,,,0.902,0.034,0.411,0.632,0.884,0.902,0.902,,0.662,0.411,0.407,0.298,0.034,0.309,0.37,0.37,0.386,0.36,0.386,0.386,0.212,0.212,0.212,0.267,0.163,0.163,0.163,0.163,0.163,0.163,0.278,0.163,0.163,0.163,0.243,0.092,0.086
rs9939774,0.145,0.033,0.03,0.442,0.442,0.442,0.442,0.442,0.442,0.896,0.442,0.918,0.629,0.642,0.938,0.979,0.979,0.979,0.676,0.958,0.979,0.979,0.676,0.979,0.676,0.676,0.676,0.023,0.676,0.676,0.676,0.676,0.676,0.663,0.979,0.676,0.676,0.979,0.676,0.676,0.676,0.676,0.958,0.656,0.676,0.676,0.676,0.958,0.979,0.676,0.958,0.676,0.676,1.0,0.676,0.69,0.599,0.636,0.69,0.69,0.023,0.624,1.0,0.69,,,0.636,0.023,0.297,0.45,0.624,0.636,0.636,,0.979,0.283,0.284,0.541,0.023,0.56,0.277,0.277,0.271,0.271,0.271,0.271,0.451,0.451,0.451,0.507,0.315,0.315,0.315,0.315,0.315,0.315,0.2,0.315,0.315,0.315,0.168,0.058,0.055
rs9932193,0.044,0.091,0.097,0.636,0.636,0.636,0.636,0.636,0.636,0.596,0.636,0.605,0.902,0.921,0.624,0.657,0.657,0.657,0.96,0.642,0.657,0.657,0.96,0.657,0.96,0.96,0.96,0.034,0.96,0.96,0.96,0.96,0.96,0.98,0.657,0.96,0.96,0.657,0.96,0.96,0.96,0.96,0.642,0.94,0.96,0.96,0.96,0.642,0.657,0.96,0.642,0.96,0.96,0.676,1.0,0.98,0.848,0.902,0.98,0.98,0.034,0.922,0.676,0.98,,,0.902,0.034,0.439,0.632,0.922,0.902,0.902,,0.662,0.438,0.434,0.298,0.034,0.309,0.397,0.397,0.414,0.386,0.414,0.414,0.212,0.212,0.212,0.267,0.163,0.163,0.163,0.163,0.163,0.163,0.302,0.163,0.163,0.163,0.265,0.105,0.1
rs9928448,0.048,0.098,0.105,0.655,0.655,0.655,0.655,0.655,0.655,0.609,0.655,0.619,0.921,0.94,0.637,0.67,0.67,0.67,0.98,0.656,0.67,0.67,0.98,0.67,0.98,0.98,0.98,0.034,0.98,0.98,0.98,0.98,0.98,0.96,0.67,0.98,0.98,0.67,0.98,0.98,0.98,0.98,0.656,0.96,0.98,0.98,0.98,0.656,0.67,0.98,0.656,0.98,0.98,0.69,0.98,1.0,0.868,0.922,1.0,1.0,0.034,0.904,0.69,1.0,,,0.922,0.034,0.43,0.652,0.904,0.922,0.922,,0.675,0.429,0.425,0.309,0.034,0.321,0.388,0.388,0.405,0.378,0.405,0.405,0.223,0.223,0.223,0.278,0.171,0.171,0.171,0.171,0.171,0.171,0.294,0.171,0.171,0.171,0.258,0.101,0.095
rs9783783,0.092,0.14,0.148,0.532,0.532,0.532,0.532,0.532,0.532,0.524,0.532,0.531,0.792,0.811,0.549,0.58,0.58,0.58,0.848,0.567,0.58,0.58,0.848,0.58,0.848,0.848,0.848,0.034,0.848,0.848,0.848,0.848,0.848,0.829,0.58,0.848,0.848,0.58,0.848,0.848,0.848,0.848,0.567,0.831,0.848,0.848,0.848,0.567,0.58,0.848,0.567,0.848,0.848,0.599,0.848,0.868,1.0,0.791,0.868,0.868,0.034,0.773,0.599,0.868,,,0.791,0.034,0.305,0.523,0.773,0.791,0.791,,0.586,0.314,0.307,0.235,0.034,0.245,0.274,0.274,0.287,0.265,0.287,0.287,0.155,0.155,0.155,0.225,0.133,0.133,0.133,0.133,0.133,0.133,0.214,0.133,0.133,0.133,0.184,0.079,0.073
rs7201518,0.034,0.071,0.076,0.582,0.582,0.582,0.582,0.582,0.582,0.559,0.582,0.567,0.845,0.864,0.585,0.617,0.617,0.617,0.902,0.604,0.617,0.617,0.902,0.617,0.902,0.902,0.902,0.037,0.902,0.902,0.902,0.902,0.902,0.883,0.617,0.902,0.902,0.617,0.902,0.902,0.902,0.902,0.604,0.884,0.902,0.902,0.902,0.604,0.617,0.902,0.604,0.902,0.902,0.636,0.902,0.922,0.791,1.0,0.922,0.922,0.037,0.98,0.636,0.922,,,1.0,0.037,0.467,0.707,0.98,1.0,1.0,,0.623,0.469,0.463,0.265,0.037,0.276,0.424,0.424,0.441,0.413,0.441,0.441,0.182,0.182,0.182,0.235,0.14,0.14,0.14,0.14,0.14,0.14,0.325,0.14,0.14,0.14,0.287,0.119,0.113
rs12447915,0.048,0.098,0.105,0.655,0.655,0.655,0.655,0.655,0.655,0.609,0.655,0.619,0.921,0.94,0.637,0.67,0.67,0.67,0.98,0.656,0.67,0.67,0.98,0.67,0.98,0.98,0.98,0.034,0.98,0.98,0.98,0.98,0.98,0.96,0.67,0.98,0.98,0.67,0.98,0.98,0.98,0.98,0.656,0.96,0.98,0.98,0.98,0.656,0.67,0.98,0.656,0.98,0.98,0.69,0.98,1.0,0.868,0.922,1.0,1.0,0.034,0.904,0.69,1.0,,,0.922,0.034,0.43,0.652,0.904,0.922,0.922,,0.675,0.429,0.425,0.309,0.034,0.321,0.388,0.388,0.405,0.378,0.405,0.405,0.223,0.223,0.223,0.278,0.171,0.171,0.171,0.171,0.171,0.171,0.294,0.171,0.171,0.171,0.258,0.101,0.095
rs12445768,0.048,0.098,0.105,0.655,0.655,0.655,0.655,0.655,0.655,0.609,0.655,0.619,0.921,0.94,0.637,0.67,0.67,0.67,0.98,0.656,0.67,0.67,0.98,0.67,0.98,0.98,0.98,0.034,0.98,0.98,0.98,0.98,0.98,0.96,0.67,0.98,0.98,0.67,0.98,0.98,0.98,0.98,0.656,0.96,0.98,0.98,0.98,0.656,0.67,0.98,0.656,0.98,0.98,0.69,0.98,1.0,0.868,0.922,1.0,1.0,0.034,0.904,0.69,1.0,,,0.922,0.034,0.43,0.652,0.904,0.922,0.922,,0.675,0.429,0.425,0.309,0.034,0.321,0.388,0.388,0.405,0.378,0.405,0.405,0.223,0.223,0.223,0.278,0.171,0.171,0.171,0.171,0.171,0.171,0.294,0.171,0.171,0.171,0.258,0.101,0.095
rs72791226,0.052,0.027,0.026,0.047,0.047,0.047,0.047,0.047,0.047,0.023,0.047,0.024,0.035,0.034,0.024,0.024,0.024,0.024,0.034,0.023,0.024,0.024,0.034,0.024,0.034,0.034,0.034,1.0,0.034,0.034,0.034,0.034,0.034,0.035,0.024,0.034,0.034,0.024,0.034,0.034,0.034,0.034,0.023,0.034,0.034,0.034,0.034,0.023,0.024,0.034,0.023,0.034,0.034,0.023,0.034,0.034,0.034,0.037,0.034,0.034,1.0,0.037,0.023,0.034,,,0.037,1.0,0.079,0.052,0.037,0.037,0.037,,0.023,0.066,0.07,0.037,1.0,0.037,0.072,0.072,0.073,0.073,0.073,0.073,0.046,0.046,0.046,0.02,0.017,0.017,0.017,0.017,0.017,0.017,0.046,0.017,0.017,0.017,0.045,0.01,0.011
rs9932605,0.031,0.064,0.07,0.565,0.565,0.565,0.565,0.565,0.565,0.547,0.565,0.555,0.827,0.846,0.573,0.604,0.604,0.604,0.884,0.591,0.604,0.604,0.884,0.604,0.884,0.884,0.884,0.037,0.884,0.884,0.884,0.884,0.884,0.902,0.604,0.884,0.884,0.604,0.884,0.884,0.884,0.884,0.591,0.866,0.884,0.884,0.884,0.591,0.604,0.884,0.591,0.884,0.884,0.624,0.922,0.904,0.773,0.98,0.904,0.904,0.037,1.0,0.624,0.904,,,0.98,0.037,0.476,0.687,1.0,0.98,0.98,,0.61,0.479,0.473,0.255,0.037,0.265,0.433,0.433,0.451,0.422,0.451,0.451,0.173,0.173,0.173,0.225,0.133,0.133,0.133,0.133,0.133,0.133,0.333,0.133,0.133,0.133,0.295,0.124,0.118
rs2278557,0.145,0.033,0.03,0.442,0.442,0.442,0.442,0.442,0.442,0.896,0.442,0.918,0.629,0.642,0.938,0.979,0.979,0.979,0.676,0.958,0.979,0.979,0.676,0.979,0.676,0.676,0.676,0.023,0.676,0.676,0.676,0.676,0.676,0.663,0.979,0.676,0.676,0.979,0.676,0.676,0.676,0.676,0.958,0.656,0.676,0.676,0.676,0.958,0.979,0.676,0.958,0.676,0.676,1.0,0.676,0.69,0.599,0.636,0.69,0.69,0.023,0.624,1.0,0.69,,,0.636,0.023,0.297,0.45,0.624,0.636,0.636,,0.979,0.283,0.284,0.541,0.023,0.56,0.277,0.277,0.271,0.271,0.271,0.271,0.451,0.451,0.451,0.507,0.315,0.315,0.315,0.315,0.315,0.315,0.2,0.315,0.315,0.315,0.168,0.058,0.055
rs11644459,0.048,0.098,0.105,0.655,0.655,0.655,0.655,0.655,0.655,0.609,0.655,0.619,0.921,0.94,0.637,0.67,0.67,0.67,0.98,0.656,0.67,0.67,0.98,0.67,0.98,0.98,0.98,0.034,0.98,0.98,0.98,0.98,0.98,0.96,0.67,0.98,0.98,0.67,0.98,0.98,0.98,0.98,0.656,0.96,0.98,0.98,0.98,0.656,0.67,0.98,0.656,0.98,0.98,0.69,0.98,1.0,0.868,0.922,1.0,1.0,0.034,0.904,0.69,1.0,,,0.922,0.034,0.43,0.652,0.904,0.922,0.922,,0.675,0.429,0.425,0.309,0.034,0.321,0.388,0.388,0.405,0.378,0.405,0.405,0.223,0.223,0.223,0.278,0.171,0.171,0.171,0.171,0.171,0.171,0.294,0.171,0.171,0.171,0.258,0.101,0.095
rs1352768041,,,,,,,,,,,,,,,,,,,,,,,,,,,,,,,,,,,,,,,,,,,,,,,,,,,,,,,,,,,,,,,,,,,,,,,,,,,,,,,,,,,,,,,,,,,,,,,,,,,,,,,
rs397840892,,,,,,,,,,,,,,,,,,,,,,,,,,,,,,,,,,,,,,,,,,,,,,,,,,,,,,,,,,,,,,,,,,,,,,,,,,,,,,,,,,,,,,,,,,,,,,,,,,,,,,,
rs8060511,0.034,0.071,0.076,0.582,0.582,0.582,0.582,0.582,0.582,0.559,0.582,0.567,0.845,0.864,0.585,0.617,0.617,0.617,0.902,0.604,0.617,0.617,0.902,0.617,0.902,0.902,0.902,0.037,0.902,0.902,0.902,0.902,0.902,0.883,0.617,0.902,0.902,0.617,0.902,0.902,0.902,0.902,0.604,0.884,0.902,0.902,0.902,0.604,0.617,0.902,0.604,0.902,0.902,0.636,0.902,0.922,0.791,1.0,0.922,0.922,0.037,0.98,0.636,0.922,,,1.0,0.037,0.467,0.707,0.98,1.0,1.0,,0.623,0.469,0.463,0.265,0.037,0.276,0.424,0.424,0.441,0.413,0.441,0.441,0.182,0.182,0.182,0.235,0.14,0.14,0.14,0.14,0.14,0.14,0.325,0.14,0.14,0.14,0.287,0.119,0.113
rs112565029,0.052,0.027,0.026,0.047,0.047,0.047,0.047,0.047,0.047,0.023,0.047,0.024,0.035,0.034,0.024,0.024,0.024,0.024,0.034,0.023,0.024,0.024,0.034,0.024,0.034,0.034,0.034,1.0,0.034,0.034,0.034,0.034,0.034,0.035,0.024,0.034,0.034,0.024,0.034,0.034,0.034,0.034,0.023,0.034,0.034,0.034,0.034,0.023,0.024,0.034,0.023,0.034,0.034,0.023,0.034,0.034,0.034,0.037,0.034,0.034,1.0,0.037,0.023,0.034,,,0.037,1.0,0.079,0.052,0.037,0.037,0.037,,0.023,0.066,0.07,0.037,1.0,0.037,0.072,0.072,0.073,0.073,0.073,0.073,0.046,0.046,0.046,0.02,0.017,0.017,0.017,0.017,0.017,0.017,0.046,0.017,0.017,0.017,0.045,0.01,0.011
rs3809624,0.04,0.127,0.133,0.468,0.468,0.468,0.468,0.468,0.468,0.245,0.468,0.24,0.365,0.384,0.256,0.279,0.279,0.279,0.411,0.273,0.279,0.279,0.411,0.279,0.411,0.411,0.411,0.079,0.411,0.411,0.411,0.411,0.411,0.42,0.279,0.411,0.411,0.279,0.411,0.411,0.411,0.411,0.273,0.402,0.411,0.411,0.411,0.273,0.279,0.411,0.273,0.411,0.411,0.297,0.439,0.43,0.305,0.467,0.43,0.43,0.079,0.476,0.297,0.43,,,0.467,0.079,1.0,0.66,0.476,0.467,0.467,,0.291,0.641,0.546,0.382,0.079,0.391,0.786,0.786,0.805,0.764,0.805,0.805,0.488,0.488,0.488,0.355,0.277,0.277,0.277,0.277,0.277,0.277,0.628,0.277,0.277,0.277,0.576,0.275,0.261
rs3809627,0.11,0.128,0.134,0.334,0.334,0.334,0.334,0.334,0.334,0.386,0.334,0.387,0.581,0.6,0.404,0.431,0.431,0.431,0.632,0.422,0.431,0.431,0.632,0.431,0.632,0.632,0.632,0.052,0.632,0.632,0.632,0.632,0.632,0.613,0.431,0.632,0.632,0.431,0.632,0.632,0.632,0.632,0.422,0.619,0.632,0.632,0.632,0.422,0.431,0.632,0.422,0.632,0.632,0.45,0.632,0.652,0.523,0.707,0.652,0.652,0.052,0.687,0.45,0.652,,,0.707,0.052,0.66,1.0,0.687,0.707,0.707,,0.44,0.681,0.633,0.458,0.052,0.47,0.584,0.584,0.602,0.569,0.602,0.602,0.323,0.323,0.323,0.411,0.315,0.315,0.315,0.315,0.315,0.315,0.491,0.315,0.315,0.315,0.445,0.202,0.192
rs12444973,0.031,0.064,0.07,0.565,0.565,0.565,0.565,0.565,0.565,0.547,0.565,0.555,0.827,0.846,0.573,0.604,0.604,0.604,0.884,0.591,0.604,0.604,0.884,0.604,0.884,0.884,0.884,0.037,0.884,0.884,0.884,0.884,0.884,0.902,0.604,0.884,0.884,0.604,0.884,0.884,0.884,0.884,0.591,0.866,0.884,0.884,0.884,0.591,0.604,0.884,0.591,0.884,0.884,0.624,0.922,0.904,0.773,0.98,0.904,0.904,0.037,1.0,0.624,0.904,,,0.98,0.037,0.476,0.687,1.0,0.98,0.98,,0.61,0.479,0.473,0.255,0.037,0.265,0.433,0.433,0.451,0.422,0.451,0.451,0.173,0.173,0.173,0.225,0.133,0.133,0.133,0.133,0.133,0.133,0.333,0.133,0.133,0.133,0.295,0.124,0.118
rs73530179,0.034,0.071,0.076,0.582,0.582,0.582,0.582,0.582,0.582,0.559,0.582,0.567,0.845,0.864,0.585,0.617,0.617,0.617,0.902,0.604,0.617,0.617,0.902,0.617,0.902,0.902,0.902,0.037,0.902,0.902,0.902,0.902,0.902,0.883,0.617,0.902,0.902,0.617,0.902,0.902,0.902,0.902,0.604,0.884,0.902,0.902,0.902,0.604,0.617,0.902,0.604,0.902,0.902,0.636,0.902,0.922,0.791,1.0,0.922,0.922,0.037,0.98,0.636,0.922,,,1.0,0.037,0.467,0.707,0.98,1.0,1.0,,0.623,0.469,0.463,0.265,0.037,0.276,0.424,0.424,0.441,0.413,0.441,0.441,0.182,0.182,0.182,0.235,0.14,0.14,0.14,0.14,0.14,0.14,0.325,0.14,0.14,0.14,0.287,0.119,0.113
rs9922041,0.034,0.071,0.076,0.582,0.582,0.582,0.582,0.582,0.582,0.559,0.582,0.567,0.845,0.864,0.585,0.617,0.617,0.617,0.902,0.604,0.617,0.617,0.902,0.617,0.902,0.902,0.902,0.037,0.902,0.902,0.902,0.902,0.902,0.883,0.617,0.902,0.902,0.617,0.902,0.902,0.902,0.902,0.604,0.884,0.902,0.902,0.902,0.604,0.617,0.902,0.604,0.902,0.902,0.636,0.902,0.922,0.791,1.0,0.922,0.922,0.037,0.98,0.636,0.922,,,1.0,0.037,0.467,0.707,0.98,1.0,1.0,,0.623,0.469,0.463,0.265,0.037,0.276,0.424,0.424,0.441,0.413,0.441,0.441,0.182,0.182,0.182,0.235,0.14,0.14,0.14,0.14,0.14,0.14,0.325,0.14,0.14,0.14,0.287,0.119,0.113
rs7205802,,,,,,,,,,,,,,,,,,,,,,,,,,,,,,,,,,,,,,,,,,,,,,,,,,,,,,,,,,,,,,,,,,,,,,,,,,,,,,,,,,,,,,,,,,,,,,,,,,,,,,,
rs62057756,0.153,0.03,0.027,0.432,0.432,0.432,0.432,0.432,0.432,0.916,0.432,0.898,0.616,0.629,0.917,0.958,0.958,0.958,0.662,0.979,0.958,0.958,0.662,0.958,0.662,0.662,0.662,0.023,0.662,0.662,0.662,0.662,0.662,0.649,0.958,0.662,0.662,0.958,0.662,0.662,0.662,0.662,0.979,0.642,0.662,0.662,0.662,0.979,0.958,0.662,0.979,0.662,0.662,0.979,0.662,0.675,0.586,0.623,0.675,0.675,0.023,0.61,0.979,0.675,,,0.623,0.023,0.291,0.44,0.61,0.623,0.623,,1.0,0.299,0.278,0.559,0.023,0.578,0.294,0.294,0.287,0.287,0.287,0.287,0.469,0.469,0.469,0.524,0.328,0.328,0.328,0.328,0.328,0.328,0.215,0.328,0.328,0.328,0.181,0.066,0.062
rs56369689,0.082,0.114,0.12,0.277,0.277,0.277,0.277,0.277,0.277,0.276,0.277,0.274,0.421,0.411,0.267,0.267,0.267,0.267,0.411,0.283,0.267,0.267,0.411,0.267,0.411,0.411,0.411,0.066,0.411,0.411,0.411,0.411,0.411,0.421,0.267,0.411,0.411,0.267,0.411,0.411,0.411,0.411,0.283,0.402,0.411,0.411,0.411,0.283,0.267,0.411,0.283,0.411,0.411,0.283,0.438,0.429,0.314,0.469,0.429,0.429,0.066,0.479,0.283,0.429,,,0.469,0.066,0.641,0.681,0.479,0.469,0.469,,0.299,1.0,0.589,0.498,0.066,0.509,0.606,0.606,0.623,0.588,0.623,0.623,0.338,0.338,0.338,0.443,0.375,0.375,0.375,0.375,0.375,0.375,0.571,0.375,0.375,0.375,0.522,0.269,0.257
rs56079926,0.048,0.121,0.126,0.313,0.313,0.313,0.313,0.313,0.313,0.255,0.313,0.252,0.389,0.407,0.268,0.268,0.268,0.268,0.407,0.262,0.268,0.268,0.407,0.268,0.407,0.407,0.407,0.07,0.407,0.407,0.407,0.407,0.407,0.416,0.268,0.407,0.407,0.268,0.407,0.407,0.407,0.407,0.262,0.398,0.407,0.407,0.407,0.262,0.268,0.407,0.262,0.407,0.407,0.284,0.434,0.425,0.307,0.463,0.425,0.425,0.07,0.473,0.284,0.425,,,0.463,0.07,0.546,0.633,0.473,0.463,0.463,,0.278,0.589,1.0,0.435,0.07,0.445,0.584,0.584,0.6,0.566,0.6,0.6,0.329,0.329,0.329,0.382,0.275,0.275,0.275,0.275,0.275,0.275,0.452,0.275,0.275,0.275,0.438,0.251,0.238
rs7542,0.204,0.082,0.076,0.21,0.21,0.21,0.21,0.21,0.21,0.499,0.21,0.506,0.287,0.276,0.494,0.524,0.524,0.524,0.298,0.541,0.524,0.524,0.298,0.524,0.298,0.298,0.298,0.037,0.298,0.298,0.298,0.298,0.298,0.287,0.524,0.298,0.298,0.524,0.298,0.298,0.298,0.298,0.541,0.287,0.298,0.298,0.298,0.541,0.524,0.298,0.541,0.298,0.298,0.541,0.298,0.309,0.235,0.265,0.309,0.309,0.037,0.255,0.541,0.309,,,0.265,0.037,0.382,0.458,0.255,0.265,0.265,,0.559,0.498,0.435,1.0,0.037,0.98,0.511,0.511,0.5,0.5,0.5,0.5,0.8,0.8,0.8,0.902,0.704,0.704,0.704,0.704,0.704,0.704,0.43,0.704,0.704,0.704,0.386,0.206,0.198
rs61764220,0.052,0.027,0.026,0.047,0.047,0.047,0.047,0.047,0.047,0.023,0.047,0.024,0.035,0.034,0.024,0.024,0.024,0.024,0.034,0.023,0.024,0.024,0.034,0.024,0.034,0.034,0.034,1.0,0.034,0.034,0.034,0.034,0.034,0.035,0.024,0.034,0.034,0.024,0.034,0.034,0.034,0.034,0.023,0.034,0.034,0.034,0.034,0.023,0.024,0.034,0.023,0.034,0.034,0.023,0.034,0.034,0.034,0.037,0.034,0.034,1.0,0.037,0.023,0.034,,,0.037,1.0,0.079,0.052,0.037,0.037,0.037,,0.023,0.066,0.07,0.037,1.0,0.037,0.072,0.072,0.073,0.073,0.073,0.073,0.046,0.046,0.046,0.02,0.017,0.017,0.017,0.017,0.017,0.017,0.046,0.017,0.017,0.017,0.045,0.01,0.011
rs11865086,0.215,0.087,0.081,0.218,0.218,0.218,0.218,0.218,0.218,0.517,0.218,0.524,0.298,0.287,0.512,0.542,0.542,0.542,0.309,0.56,0.542,0.542,0.309,0.542,0.309,0.309,0.309,0.037,0.309,0.309,0.309,0.309,0.309,0.298,0.542,0.309,0.309,0.542,0.309,0.309,0.309,0.309,0.56,0.298,0.309,0.309,0.309,0.56,0.542,0.309,0.56,0.309,0.309,0.56,0.309,0.321,0.245,0.276,0.321,0.321,0.037,0.265,0.56,0.321,,,0.276,0.037,0.391,0.47,0.265,0.276,0.276,,0.578,0.509,0.445,0.98,0.037,1.0,0.522,0.522,0.51,0.51,0.51,0.51,0.816,0.816,0.816,0.921,0.688,0.688,0.688,0.688,0.688,0.688,0.412,0.688,0.688,0.688,0.369,0.193,0.185
rs61764202,0.054,0.128,0.134,0.432,0.432,0.432,0.432,0.432,0.432,0.249,0.432,0.246,0.353,0.345,0.239,0.261,0.261,0.261,0.37,0.277,0.261,0.261,0.37,0.261,0.37,0.37,0.37,0.072,0.37,0.37,0.37,0.37,0.37,0.379,0.261,0.37,0.37,0.261,0.37,0.37,0.37,0.37,0.277,0.362,0.37,0.37,0.37,0.277,0.261,0.37,0.277,0.37,0.37,0.277,0.397,0.388,0.274,0.424,0.388,0.388,0.072,0.433,0.277,0.388,,,0.424,0.072,0.786,0.584,0.433,0.424,0.424,,0.294,0.606,0.584,0.511,0.072,0.522,1.0,0.955,0.978,0.933,0.978,0.978,0.639,0.639,0.639,0.482,0.336,0.336,0.336,0.336,0.336,0.336,0.708,0.336,0.336,0.336,0.652,0.361,0.346
rs4787493,0.054,0.128,0.134,0.432,0.432,0.432,0.432,0.432,0.432,0.249,0.432,0.246,0.353,0.345,0.239,0.261,0.261,0.261,0.37,0.277,0.261,0.261,0.37,0.261,0.37,0.37,0.37,0.072,0.37,0.37,0.37,0.37,0.37,0.379,0.261,0.37,0.37,0.261,0.37,0.37,0.37,0.37,0.277,0.362,0.37,0.37,0.37,0.277,0.261,0.37,0.277,0.37,0.37,0.277,0.397,0.388,0.274,0.424,0.388,0.388,0.072,0.433,0.277,0.388,,,0.424,0.072,0.786,0.584,0.433,0.424,0.424,,0.294,0.606,0.584,0.511,0.072,0.522,0.955,1.0,0.978,0.978,0.978,0.978,0.639,0.639,0.639,0.482,0.312,0.312,0.312,0.312,0.312,0.312,0.708,0.312,0.312,0.312,0.652,0.361,0.346
rs9921544,0.051,0.136,0.142,0.448,0.448,0.448,0.448,0.448,0.448,0.242,0.448,0.239,0.369,0.36,0.233,0.254,0.254,0.254,0.386,0.271,0.254,0.254,0.386,0.254,0.386,0.386,0.386,0.073,0.386,0.386,0.386,0.386,0.386,0.395,0.254,0.386,0.386,0.254,0.386,0.386,0.386,0.386,0.271,0.378,0.386,0.386,0.386,0.271,0.254,0.386,0.271,0.386,0.386,0.271,0.414,0.405,0.287,0.441,0.405,0.405,0.073,0.451,0.271,0.405,,,0.441,0.073,0.805,0.602,0.451,0.441,0.441,,0.287,0.623,0.6,0.5,0.073,0.51,0.978,0.978,1.0,0.955,1.0,1.0,0.625,0.625,0.625,0.471,0.327,0.327,0.327,0.327,0.327,0.327,0.726,0.327,0.327,0.327,0.669,0.373,0.358
rs2005219,0.051,0.12,0.126,0.419,0.419,0.419,0.419,0.419,0.419,0.242,0.419,0.239,0.343,0.335,0.233,0.254,0.254,0.254,0.36,0.271,0.254,0.254,0.36,0.254,0.36,0.36,0.36,0.073,0.36,0.36,0.36,0.36,0.36,0.369,0.254,0.36,0.36,0.254,0.36,0.36,0.36,0.36,0.271,0.352,0.36,0.36,0.36,0.271,0.254,0.36,0.271,0.36,0.36,0.271,0.386,0.378,0.265,0.413,0.378,0.378,0.073,0.422,0.271,0.378,,,0.413,0.073,0.764,0.569,0.422,0.413,0.413,,0.287,0.588,0.566,0.5,0.073,0.51,0.933,0.978,0.955,1.0,0.955,0.955,0.625,0.625,0.625,0.471,0.303,0.303,0.303,0.303,0.303,0.303,0.687,0.303,0.303,0.303,0.633,0.373,0.358
rs9932466,0.051,0.136,0.142,0.448,0.448,0.448,0.448,0.448,0.448,0.242,0.448,0.239,0.369,0.36,0.233,0.254,0.254,0.254,0.386,0.271,0.254,0.254,0.386,0.254,0.386,0.386,0.386,0.073,0.386,0.386,0.386,0.386,0.386,0.395,0.254,0.386,0.386,0.254,0.386,0.386,0.386,0.386,0.271,0.378,0.386,0.386,0.386,0.271,0.254,0.386,0.271,0.386,0.386,0.271,0.414,0.405,0.287,0.441,0.405,0.405,0.073,0.451,0.271,0.405,,,0.441,0.073,0.805,0.602,0.451,0.441,0.441,,0.287,0.623,0.6,0.5,0.073,0.51,0.978,0.978,1.0,0.955,1.0,1.0,0.625,0.625,0.625,0.471,0.327,0.327,0.327,0.327,0.327,0.327,0.726,0.327,0.327,0.327,0.669,0.373,0.358
rs9931927,0.051,0.136,0.142,0.448,0.448,0.448,0.448,0.448,0.448,0.242,0.448,0.239,0.369,0.36,0.233,0.254,0.254,0.254,0.386,0.271,0.254,0.254,0.386,0.254,0.386,0.386,0.386,0.073,0.386,0.386,0.386,0.386,0.386,0.395,0.254,0.386,0.386,0.254,0.386,0.386,0.386,0.386,0.271,0.378,0.386,0.386,0.386,0.271,0.254,0.386,0.271,0.386,0.386,0.271,0.414,0.405,0.287,0.441,0.405,0.405,0.073,0.451,0.271,0.405,,,0.441,0.073,0.805,0.602,0.451,0.441,0.441,,0.287,0.623,0.6,0.5,0.073,0.51,0.978,0.978,1.0,0.955,1.0,1.0,0.625,0.625,0.625,0.471,0.327,0.327,0.327,0.327,0.327,0.327,0.726,0.327,0.327,0.327,0.669,0.373,0.358
rs57149692,0.161,0.079,0.073,0.291,0.291,0.291,0.291,0.291,0.291,0.414,0.291,0.417,0.202,0.194,0.407,0.434,0.434,0.434,0.212,0.451,0.434,0.434,0.212,0.434,0.212,0.212,0.212,0.046,0.212,0.212,0.212,0.212,0.212,0.202,0.434,0.212,0.212,0.434,0.212,0.212,0.212,0.212,0.451,0.204,0.212,0.212,0.212,0.451,0.434,0.212,0.451,0.212,0.212,0.451,0.212,0.223,0.155,0.182,0.223,0.223,0.046,0.173,0.451,0.223,,,0.182,0.046,0.488,0.323,0.173,0.182,0.182,,0.469,0.338,0.329,0.8,0.046,0.816,0.639,0.639,0.625,0.625,0.625,0.625,1.0,1.0,1.0,0.777,0.543,0.543,0.543,0.543,0.543,0.543,0.453,0.543,0.543,0.543,0.409,0.219,0.21
rs6565175,0.161,0.079,0.073,0.291,0.291,0.291,0.291,0.291,0.291,0.414,0.291,0.417,0.202,0.194,0.407,0.434,0.434,0.434,0.212,0.451,0.434,0.434,0.212,0.434,0.212,0.212,0.212,0.046,0.212,0.212,0.212,0.212,0.212,0.202,0.434,0.212,0.212,0.434,0.212,0.212,0.212,0.212,0.451,0.204,0.212,0.212,0.212,0.451,0.434,0.212,0.451,0.212,0.212,0.451,0.212,0.223,0.155,0.182,0.223,0.223,0.046,0.173,0.451,0.223,,,0.182,0.046,0.488,0.323,0.173,0.182,0.182,,0.469,0.338,0.329,0.8,0.046,0.816,0.639,0.639,0.625,0.625,0.625,0.625,1.0,1.0,1.0,0.777,0.543,0.543,0.543,0.543,0.543,0.543,0.453,0.543,0.543,0.543,0.409,0.219,0.21
rs1055845162,0.161,0.079,0.073,0.291,0.291,0.291,0.291,0.291,0.291,0.414,0.291,0.417,0.202,0.194,0.407,0.434,0.434,0.434,0.212,0.451,0.434,0.434,0.212,0.434,0.212,0.212,0.212,0.046,0.212,0.212,0.212,0.212,0.212,0.202,0.434,0.212,0.212,0.434,0.212,0.212,0.212,0.212,0.451,0.204,0.212,0.212,0.212,0.451,0.434,0.212,0.451,0.212,0.212,0.451,0.212,0.223,0.155,0.182,0.223,0.223,0.046,0.173,0.451,0.223,,,0.182,0.046,0.488,0.323,0.173,0.182,0.182,,0.469,0.338,0.329,0.8,0.046,0.816,0.639,0.639,0.625,0.625,0.625,0.625,1.0,1.0,1.0,0.777,0.543,0.543,0.543,0.543,0.543,0.543,0.453,0.543,0.543,0.543,0.409,0.219,0.21
rs7201780,0.218,0.098,0.091,0.197,0.197,0.197,0.197,0.197,0.197,0.466,0.197,0.472,0.256,0.246,0.461,0.489,0.489,0.489,0.267,0.507,0.489,0.489,0.267,0.489,0.267,0.267,0.267,0.02,0.267,0.267,0.267,0.267,0.267,0.256,0.489,0.267,0.267,0.489,0.267,0.267,0.267,0.267,0.507,0.257,0.267,0.267,0.267,0.507,0.489,0.267,0.507,0.267,0.267,0.507,0.267,0.278,0.225,0.235,0.278,0.278,0.02,0.225,0.507,0.278,,,0.235,0.02,0.355,0.411,0.225,0.235,0.235,,0.524,0.443,0.382,0.902,0.02,0.921,0.482,0.482,0.471,0.471,0.471,0.471,0.777,0.777,0.777,1.0,0.69,0.69,0.69,0.69,0.69,0.69,0.403,0.69,0.69,0.69,0.36,0.186,0.178
rs4787494,0.147,0.074,0.069,0.116,0.116,0.116,0.116,0.116,0.116,0.304,0.116,0.29,0.155,0.147,0.28,0.302,0.302,0.302,0.163,0.315,0.302,0.302,0.163,0.302,0.163,0.163,0.163,0.017,0.163,0.163,0.163,0.163,0.163,0.155,0.302,0.163,0.163,0.302,0.163,0.163,0.163,0.163,0.315,0.154,0.163,0.163,0.163,0.315,0.302,0.163,0.315,0.163,0.163,0.315,0.163,0.171,0.133,0.14,0.171,0.171,0.017,0.133,0.315,0.171,,,0.14,0.017,0.277,0.315,0.133,0.14,0.14,,0.328,0.375,0.275,0.704,0.017,0.688,0.336,0.312,0.327,0.303,0.327,0.327,0.543,0.543,0.543,0.69,1.0,1.0,1.0,1.0,1.0,1.0,0.451,1.0,1.0,1.0,0.405,0.2,0.193
rs200494011,0.147,0.074,0.069,0.116,0.116,0.116,0.116,0.116,0.116,0.304,0.116,0.29,0.155,0.147,0.28,0.302,0.302,0.302,0.163,0.315,0.302,0.302,0.163,0.302,0.163,0.163,0.163,0.017,0.163,0.163,0.163,0.163,0.163,0.155,0.302,0.163,0.163,0.302,0.163,0.163,0.163,0.163,0.315,0.154,0.163,0.163,0.163,0.315,0.302,0.163,0.315,0.163,0.163,0.315,0.163,0.171,0.133,0.14,0.171,0.171,0.017,0.133,0.315,0.171,,,0.14,0.017,0.277,0.315,0.133,0.14,0.14,,0.328,0.375,0.275,0.704,0.017,0.688,0.336,0.312,0.327,0.303,0.327,0.327,0.543,0.543,0.543,0.69,1.0,1.0,1.0,1.0,1.0,1.0,0.451,1.0,1.0,1.0,0.405,0.2,0.193
rs58175255,0.147,0.074,0.069,0.116,0.116,0.116,0.116,0.116,0.116,0.304,0.116,0.29,0.155,0.147,0.28,0.302,0.302,0.302,0.163,0.315,0.302,0.302,0.163,0.302,0.163,0.163,0.163,0.017,0.163,0.163,0.163,0.163,0.163,0.155,0.302,0.163,0.163,0.302,0.163,0.163,0.163,0.163,0.315,0.154,0.163,0.163,0.163,0.315,0.302,0.163,0.315,0.163,0.163,0.315,0.163,0.171,0.133,0.14,0.171,0.171,0.017,0.133,0.315,0.171,,,0.14,0.017,0.277,0.315,0.133,0.14,0.14,,0.328,0.375,0.275,0.704,0.017,0.688,0.336,0.312,0.327,0.303,0.327,0.327,0.543,0.543,0.543,0.69,1.0,1.0,1.0,1.0,1.0,1.0,0.451,1.0,1.0,1.0,0.405,0.2,0.193
rs1596895748,0.147,0.074,0.069,0.116,0.116,0.116,0.116,0.116,0.116,0.304,0.116,0.29,0.155,0.147,0.28,0.302,0.302,0.302,0.163,0.315,0.302,0.302,0.163,0.302,0.163,0.163,0.163,0.017,0.163,0.163,0.163,0.163,0.163,0.155,0.302,0.163,0.163,0.302,0.163,0.163,0.163,0.163,0.315,0.154,0.163,0.163,0.163,0.315,0.302,0.163,0.315,0.163,0.163,0.315,0.163,0.171,0.133,0.14,0.171,0.171,0.017,0.133,0.315,0.171,,,0.14,0.017,0.277,0.315,0.133,0.14,0.14,,0.328,0.375,0.275,0.704,0.017,0.688,0.336,0.312,0.327,0.303,0.327,0.327,0.543,0.543,0.543,0.69,1.0,1.0,1.0,1.0,1.0,1.0,0.451,1.0,1.0,1.0,0.405,0.2,0.193
rs12443762,0.147,0.074,0.069,0.116,0.116,0.116,0.116,0.116,0.116,0.304,0.116,0.29,0.155,0.147,0.28,0.302,0.302,0.302,0.163,0.315,0.302,0.302,0.163,0.302,0.163,0.163,0.163,0.017,0.163,0.163,0.163,0.163,0.163,0.155,0.302,0.163,0.163,0.302,0.163,0.163,0.163,0.163,0.315,0.154,0.163,0.163,0.163,0.315,0.302,0.163,0.315,0.163,0.163,0.315,0.163,0.171,0.133,0.14,0.171,0.171,0.017,0.133,0.315,0.171,,,0.14,0.017,0.277,0.315,0.133,0.14,0.14,,0.328,0.375,0.275,0.704,0.017,0.688,0.336,0.312,0.327,0.303,0.327,0.327,0.543,0.543,0.543,0.69,1.0,1.0,1.0,1.0,1.0,1.0,0.451,1.0,1.0,1.0,0.405,0.2,0.193
rs7199462,0.147,0.074,0.069,0.116,0.116,0.116,0.116,0.116,0.116,0.304,0.116,0.29,0.155,0.147,0.28,0.302,0.302,0.302,0.163,0.315,0.302,0.302,0.163,0.302,0.163,0.163,0.163,0.017,0.163,0.163,0.163,0.163,0.163,0.155,0.302,0.163,0.163,0.302,0.163,0.163,0.163,0.163,0.315,0.154,0.163,0.163,0.163,0.315,0.302,0.163,0.315,0.163,0.163,0.315,0.163,0.171,0.133,0.14,0.171,0.171,0.017,0.133,0.315,0.171,,,0.14,0.017,0.277,0.315,0.133,0.14,0.14,,0.328,0.375,0.275,0.704,0.017,0.688,0.336,0.312,0.327,0.303,0.327,0.327,0.543,0.543,0.543,0.69,1.0,1.0,1.0,1.0,1.0,1.0,0.451,1.0,1.0,1.0,0.405,0.2,0.193
rs9319584,0.047,0.113,0.118,0.304,0.304,0.304,0.304,0.304,0.304,0.195,0.304,0.173,0.263,0.256,0.168,0.186,0.186,0.186,0.278,0.2,0.186,0.186,0.278,0.186,0.278,0.278,0.278,0.046,0.278,0.278,0.278,0.278,0.278,0.286,0.186,0.278,0.278,0.186,0.278,0.278,0.278,0.278,0.2,0.271,0.278,0.278,0.278,0.2,0.186,0.278,0.2,0.278,0.278,0.2,0.302,0.294,0.214,0.325,0.294,0.294,0.046,0.333,0.2,0.294,,,0.325,0.046,0.628,0.491,0.333,0.325,0.325,,0.215,0.571,0.452,0.43,0.046,0.412,0.708,0.708,0.726,0.687,0.726,0.726,0.453,0.453,0.453,0.403,0.451,0.451,0.451,0.451,0.451,0.451,1.0,0.451,0.451,0.451,0.933,0.508,0.49
rs56376319,0.147,0.074,0.069,0.116,0.116,0.116,0.116,0.116,0.116,0.304,0.116,0.29,0.155,0.147,0.28,0.302,0.302,0.302,0.163,0.315,0.302,0.302,0.163,0.302,0.163,0.163,0.163,0.017,0.163,0.163,0.163,0.163,0.163,0.155,0.302,0.163,0.163,0.302,0.163,0.163,0.163,0.163,0.315,0.154,0.163,0.163,0.163,0.315,0.302,0.163,0.315,0.163,0.163,0.315,0.163,0.171,0.133,0.14,0.171,0.171,0.017,0.133,0.315,0.171,,,0.14,0.017,0.277,0.315,0.133,0.14,0.14,,0.328,0.375,0.275,0.704,0.017,0.688,0.336,0.312,0.327,0.303,0.327,0.327,0.543,0.543,0.543,0.69,1.0,1.0,1.0,1.0,1.0,1.0,0.451,1.0,1.0,1.0,0.405,0.2,0.193
rs7206457,0.147,0.074,0.069,0.116,0.116,0.116,0.116,0.116,0.116,0.304,0.116,0.29,0.155,0.147,0.28,0.302,0.302,0.302,0.163,0.315,0.302,0.302,0.163,0.302,0.163,0.163,0.163,0.017,0.163,0.163,0.163,0.163,0.163,0.155,0.302,0.163,0.163,0.302,0.163,0.163,0.163,0.163,0.315,0.154,0.163,0.163,0.163,0.315,0.302,0.163,0.315,0.163,0.163,0.315,0.163,0.171,0.133,0.14,0.171,0.171,0.017,0.133,0.315,0.171,,,0.14,0.017,0.277,0.315,0.133,0.14,0.14,,0.328,0.375,0.275,0.704,0.017,0.688,0.336,0.312,0.327,0.303,0.327,0.327,0.543,0.543,0.543,0.69,1.0,1.0,1.0,1.0,1.0,1.0,0.451,1.0,1.0,1.0,0.405,0.2,0.193
rs8050401,0.147,0.074,0.069,0.116,0.116,0.116,0.116,0.116,0.116,0.304,0.116,0.29,0.155,0.147,0.28,0.302,0.302,0.302,0.163,0.315,0.302,0.302,0.163,0.302,0.163,0.163,0.163,0.017,0.163,0.163,0.163,0.163,0.163,0.155,0.302,0.163,0.163,0.302,0.163,0.163,0.163,0.163,0.315,0.154,0.163,0.163,0.163,0.315,0.302,0.163,0.315,0.163,0.163,0.315,0.163,0.171,0.133,0.14,0.171,0.171,0.017,0.133,0.315,0.171,,,0.14,0.017,0.277,0.315,0.133,0.14,0.14,,0.328,0.375,0.275,0.704,0.017,0.688,0.336,0.312,0.327,0.303,0.327,0.327,0.543,0.543,0.543,0.69,1.0,1.0,1.0,1.0,1.0,1.0,0.451,1.0,1.0,1.0,0.405,0.2,0.193
rs7202714,0.033,0.092,0.097,0.268,0.268,0.268,0.268,0.268,0.268,0.163,0.268,0.144,0.229,0.222,0.139,0.156,0.156,0.156,0.243,0.168,0.156,0.156,0.243,0.156,0.243,0.243,0.243,0.045,0.243,0.243,0.243,0.243,0.243,0.25,0.156,0.243,0.243,0.156,0.243,0.243,0.243,0.243,0.168,0.236,0.243,0.243,0.243,0.168,0.156,0.243,0.168,0.243,0.243,0.168,0.265,0.258,0.184,0.287,0.258,0.258,0.045,0.295,0.168,0.258,,,0.287,0.045,0.576,0.445,0.295,0.287,0.287,,0.181,0.522,0.438,0.386,0.045,0.369,0.652,0.652,0.669,0.633,0.669,0.669,0.409,0.409,0.409,0.36,0.405,0.405,0.405,0.405,0.405,0.405,0.933,0.405,0.405,0.405,1.0,0.56,0.542
rs12446863,0.043,0.079,0.083,0.119,0.119,0.119,0.119,0.119,0.119,0.066,0.119,0.054,0.096,0.092,0.051,0.051,0.051,0.051,0.092,0.058,0.051,0.051,0.092,0.051,0.092,0.092,0.092,0.01,0.092,0.092,0.092,0.092,0.092,0.096,0.051,0.092,0.092,0.051,0.092,0.092,0.092,0.092,0.058,0.088,0.092,0.092,0.092,0.058,0.051,0.092,0.058,0.092,0.092,0.058,0.105,0.101,0.079,0.119,0.101,0.101,0.01,0.124,0.058,0.101,,,0.119,0.01,0.275,0.202,0.124,0.119,0.119,,0.066,0.269,0.251,0.206,0.01,0.193,0.361,0.361,0.373,0.373,0.373,0.373,0.219,0.219,0.219,0.186,0.2,0.2,0.2,0.2,0.2,0.2,0.508,0.2,0.2,0.2,0.56,1.0,0.977
rs6565177,0.04,0.073,0.077,0.112,0.112,0.112,0.112,0.112,0.112,0.062,0.112,0.05,0.09,0.086,0.047,0.047,0.047,0.047,0.086,0.055,0.047,0.047,0.086,0.047,0.086,0.086,0.086,0.011,0.086,0.086,0.086,0.086,0.086,0.09,0.047,0.086,0.086,0.047,0.086,0.086,0.086,0.086,0.055,0.082,0.086,0.086,0.086,0.055,0.047,0.086,0.055,0.086,0.086,0.055,0.1,0.095,0.073,0.113,0.095,0.095,0.011,0.118,0.055,0.095,,,0.113,0.011,0.261,0.192,0.118,0.113,0.113,,0.062,0.257,0.238,0.198,0.011,0.185,0.346,0.346,0.358,0.358,0.358,0.358,0.21,0.21,0.21,0.178,0.193,0.193,0.193,0.193,0.193,0.193,0.49,0.193,0.193,0.193,0.542,0.977,1.0
