,rs237886,rs237887,rs53576,rs237892,rs151463,rs7652281,rs237893,rs237894,rs237895,rs237897,rs1708616969,rs34880121,rs237898,rs237899,rs237900,rs237902,rs2228485,rs237913,rs237915,rs4564970,rs62243375,rs35413809,rs73132856,rs2301261,rs968389,rs3806675,rs2268497,rs2268498,rs180789,rs401015,rs237922,rs6443206,rs237925,rs443537,rs10428083,rs951197114,rs56274759,rs888565,rs888566,rs17365093,rs55679837,rs55676347,rs6443207,rs6791619,rs237857,rs237856,rs6443208,rs56276495,rs237855,rs73027838,rs237853,rs2287580,rs237852,rs9844525,rs237851,rs3864085,rs114322890,rs3901927,rs77238791,rs56253322,rs73029733,rs73029760,rs73012066,rs12185964,rs114345400,rs13070119,rs9810868,rs11131152,rs116802725,rs116338820
rs237886,1.0,0.919,0.064,0.067,0.12,0.031,0.12,0.053,0.05,0.05,0.061,0.061,0.02,0.02,0.02,0.062,0.0,0.067,0.061,0.051,0.009,0.051,0.051,0.051,0.04,0.045,0.084,0.084,0.052,0.052,0.02,0.068,0.022,0.022,0.068,0.042,0.042,0.055,0.055,0.034,0.034,0.034,0.055,0.019,0.001,0.001,0.061,0.035,0.001,0.035,0.001,0.034,0.001,0.068,0.001,0.061,0.002,0.028,0.035,0.041,0.041,0.029,0.029,0.029,0.029,0.029,0.001,0.023,0.008,0.005
rs237887,0.919,1.0,0.064,0.067,0.12,0.031,0.12,0.053,0.05,0.05,0.061,0.061,0.02,0.02,0.02,0.062,0.0,0.067,0.061,0.051,0.009,0.051,0.051,0.051,0.04,0.045,0.084,0.084,0.063,0.063,0.027,0.068,0.029,0.029,0.068,0.042,0.042,0.055,0.055,0.034,0.034,0.034,0.055,0.019,0.001,0.001,0.061,0.035,0.001,0.035,0.001,0.034,0.001,0.068,0.001,0.061,0.002,0.028,0.035,0.041,0.041,0.029,0.029,0.029,0.029,0.029,0.001,0.023,0.008,0.005
rs53576,0.064,0.064,1.0,0.243,0.405,0.222,0.405,0.215,0.659,0.659,0.631,0.631,0.282,0.282,0.282,0.27,0.098,0.22,0.226,0.023,0.313,0.023,0.023,0.023,0.566,0.636,0.279,0.279,0.198,0.198,0.158,0.017,0.162,0.162,0.017,0.122,0.122,0.013,0.013,0.03,0.032,0.032,0.011,0.086,0.011,0.012,0.017,0.11,0.012,0.11,0.011,0.032,0.011,0.02,0.015,0.017,0.019,0.098,0.11,0.122,0.122,0.013,0.013,0.013,0.013,0.013,0.005,0.007,0.0,0.001
rs237892,0.067,0.067,0.243,1.0,0.56,0.188,0.56,0.936,0.348,0.348,0.364,0.364,0.792,0.792,0.792,0.825,0.131,0.957,0.978,0.03,0.094,0.03,0.03,0.03,0.404,0.341,0.197,0.197,0.662,0.662,0.271,0.041,0.284,0.284,0.041,0.051,0.051,0.028,0.028,0.054,0.049,0.049,0.031,0.062,0.059,0.066,0.032,0.04,0.066,0.04,0.059,0.049,0.059,0.039,0.058,0.032,0.007,0.068,0.04,0.043,0.043,0.004,0.004,0.004,0.004,0.004,0.034,0.008,0.003,0.021
rs151463,0.12,0.12,0.405,0.56,1.0,0.336,1.0,0.548,0.622,0.622,0.584,0.584,0.405,0.405,0.405,0.435,0.046,0.56,0.572,0.054,0.168,0.054,0.054,0.054,0.721,0.609,0.435,0.435,0.374,0.374,0.139,0.05,0.146,0.146,0.05,0.062,0.062,0.039,0.039,0.048,0.046,0.046,0.04,0.095,0.0,0.001,0.037,0.052,0.001,0.052,0.0,0.046,0.0,0.043,0.0,0.037,0.002,0.093,0.052,0.058,0.058,0.002,0.002,0.002,0.002,0.002,0.001,0.005,0.0,0.009
rs7652281,0.031,0.031,0.222,0.188,0.336,1.0,0.336,0.184,0.539,0.539,0.517,0.517,0.237,0.237,0.237,0.228,0.076,0.188,0.192,0.017,0.04,0.017,0.017,0.017,0.433,0.482,0.353,0.353,0.153,0.153,0.071,0.038,0.074,0.074,0.038,0.015,0.015,0.042,0.042,0.019,0.014,0.014,0.027,0.017,0.086,0.083,0.022,0.003,0.083,0.003,0.086,0.014,0.086,0.02,0.076,0.022,0.013,0.017,0.003,0.001,0.001,0.003,0.003,0.003,0.003,0.003,0.026,0.004,0.011,0.009
rs237893,0.12,0.12,0.405,0.56,1.0,0.336,1.0,0.548,0.622,0.622,0.584,0.584,0.405,0.405,0.405,0.435,0.046,0.56,0.572,0.054,0.168,0.054,0.054,0.054,0.721,0.609,0.435,0.435,0.374,0.374,0.139,0.05,0.146,0.146,0.05,0.062,0.062,0.039,0.039,0.048,0.046,0.046,0.04,0.095,0.0,0.001,0.037,0.052,0.001,0.052,0.0,0.046,0.0,0.043,0.0,0.037,0.002,0.093,0.052,0.058,0.058,0.002,0.002,0.002,0.002,0.002,0.001,0.005,0.0,0.009
rs237894,0.053,0.053,0.215,0.936,0.548,0.184,0.548,1.0,0.341,0.341,0.356,0.356,0.775,0.775,0.775,0.808,0.128,0.936,0.957,0.03,0.092,0.03,0.03,0.03,0.395,0.334,0.172,0.172,0.605,0.605,0.257,0.039,0.269,0.269,0.039,0.05,0.05,0.026,0.026,0.052,0.047,0.047,0.029,0.059,0.045,0.051,0.03,0.039,0.051,0.039,0.045,0.047,0.045,0.037,0.044,0.03,0.007,0.065,0.039,0.042,0.042,0.003,0.003,0.003,0.003,0.003,0.024,0.008,0.003,0.022
rs237895,0.05,0.05,0.659,0.348,0.622,0.539,0.622,0.341,1.0,1.0,0.958,0.958,0.44,0.44,0.44,0.422,0.14,0.348,0.356,0.032,0.24,0.032,0.032,0.032,0.824,0.937,0.44,0.44,0.285,0.285,0.159,0.003,0.165,0.165,0.003,0.094,0.094,0.002,0.002,0.013,0.014,0.014,0.001,0.037,0.004,0.003,0.004,0.082,0.003,0.082,0.004,0.014,0.004,0.005,0.001,0.004,0.031,0.048,0.082,0.091,0.091,0.011,0.011,0.011,0.011,0.011,0.0,0.017,0.002,0.004
rs237897,0.05,0.05,0.659,0.348,0.622,0.539,0.622,0.341,1.0,1.0,0.958,0.958,0.44,0.44,0.44,0.422,0.14,0.348,0.356,0.032,0.24,0.032,0.032,0.032,0.824,0.937,0.44,0.44,0.285,0.285,0.159,0.003,0.165,0.165,0.003,0.094,0.094,0.002,0.002,0.013,0.014,0.014,0.001,0.037,0.004,0.003,0.004,0.082,0.003,0.082,0.004,0.014,0.004,0.005,0.001,0.004,0.031,0.048,0.082,0.091,0.091,0.011,0.011,0.011,0.011,0.011,0.0,0.017,0.002,0.004
rs1708616969,0.061,0.061,0.631,0.364,0.584,0.517,0.584,0.356,0.958,0.958,1.0,1.0,0.459,0.459,0.459,0.441,0.108,0.364,0.372,0.034,0.229,0.034,0.034,0.034,0.784,0.897,0.412,0.412,0.297,0.297,0.169,0.009,0.175,0.175,0.009,0.088,0.088,0.006,0.006,0.025,0.026,0.026,0.005,0.051,0.002,0.001,0.011,0.077,0.001,0.077,0.002,0.026,0.002,0.013,0.0,0.011,0.01,0.064,0.077,0.086,0.086,0.01,0.01,0.01,0.01,0.01,0.0,0.015,0.002,0.004
rs34880121,0.061,0.061,0.631,0.364,0.584,0.517,0.584,0.356,0.958,0.958,1.0,1.0,0.459,0.459,0.459,0.441,0.108,0.364,0.372,0.034,0.229,0.034,0.034,0.034,0.784,0.897,0.412,0.412,0.297,0.297,0.169,0.009,0.175,0.175,0.009,0.088,0.088,0.006,0.006,0.025,0.026,0.026,0.005,0.051,0.002,0.001,0.011,0.077,0.001,0.077,0.002,0.026,0.002,0.013,0.0,0.011,0.01,0.064,0.077,0.086,0.086,0.01,0.01,0.01,0.01,0.01,0.0,0.015,0.002,0.004
rs237898,0.02,0.02,0.282,0.792,0.405,0.237,0.405,0.775,0.44,0.44,0.459,0.459,1.0,1.0,1.0,0.661,0.021,0.792,0.809,0.074,0.119,0.074,0.074,0.074,0.51,0.431,0.263,0.263,0.612,0.612,0.368,0.043,0.38,0.38,0.043,0.067,0.067,0.031,0.031,0.077,0.072,0.072,0.034,0.072,0.08,0.087,0.033,0.055,0.087,0.055,0.08,0.072,0.08,0.039,0.078,0.033,0.013,0.075,0.055,0.06,0.06,0.008,0.008,0.008,0.008,0.008,0.058,0.014,0.001,0.015
rs237899,0.02,0.02,0.282,0.792,0.405,0.237,0.405,0.775,0.44,0.44,0.459,0.459,1.0,1.0,1.0,0.661,0.021,0.792,0.809,0.074,0.119,0.074,0.074,0.074,0.51,0.431,0.263,0.263,0.612,0.612,0.368,0.043,0.38,0.38,0.043,0.067,0.067,0.031,0.031,0.077,0.072,0.072,0.034,0.072,0.08,0.087,0.033,0.055,0.087,0.055,0.08,0.072,0.08,0.039,0.078,0.033,0.013,0.075,0.055,0.06,0.06,0.008,0.008,0.008,0.008,0.008,0.058,0.014,0.001,0.015
rs237900,0.02,0.02,0.282,0.792,0.405,0.237,0.405,0.775,0.44,0.44,0.459,0.459,1.0,1.0,1.0,0.661,0.021,0.792,0.809,0.074,0.119,0.074,0.074,0.074,0.51,0.431,0.263,0.263,0.612,0.612,0.368,0.043,0.38,0.38,0.043,0.067,0.067,0.031,0.031,0.077,0.072,0.072,0.034,0.072,0.08,0.087,0.033,0.055,0.087,0.055,0.08,0.072,0.08,0.039,0.078,0.033,0.013,0.075,0.055,0.06,0.06,0.008,0.008,0.008,0.008,0.008,0.058,0.014,0.001,0.015
rs237902,0.062,0.062,0.27,0.825,0.435,0.228,0.435,0.808,0.422,0.422,0.441,0.441,0.661,0.661,0.661,1.0,0.159,0.825,0.844,0.037,0.095,0.037,0.037,0.037,0.284,0.386,0.109,0.109,0.537,0.537,0.199,0.002,0.209,0.209,0.002,0.048,0.048,0.0,0.0,0.003,0.002,0.002,0.001,0.015,0.02,0.024,0.0,0.038,0.024,0.038,0.02,0.002,0.02,0.001,0.019,0.0,0.029,0.015,0.038,0.042,0.042,0.007,0.007,0.007,0.007,0.007,0.009,0.013,0.001,0.016
rs2228485,0.0,0.0,0.098,0.131,0.046,0.076,0.046,0.128,0.14,0.14,0.108,0.108,0.021,0.021,0.021,0.159,1.0,0.131,0.134,0.231,0.038,0.231,0.231,0.231,0.162,0.137,0.184,0.184,0.047,0.047,0.0,0.001,0.001,0.001,0.001,0.007,0.007,0.002,0.002,0.002,0.003,0.003,0.001,0.011,0.035,0.037,0.0,0.008,0.037,0.008,0.035,0.003,0.035,0.0,0.041,0.0,0.0,0.006,0.008,0.009,0.009,0.0,0.0,0.0,0.0,0.0,0.023,0.0,0.007,0.006
rs237913,0.067,0.067,0.22,0.957,0.56,0.188,0.56,0.936,0.348,0.348,0.364,0.364,0.792,0.792,0.792,0.825,0.131,1.0,0.978,0.03,0.094,0.03,0.03,0.03,0.404,0.341,0.179,0.179,0.626,0.626,0.248,0.041,0.26,0.26,0.041,0.051,0.051,0.028,0.028,0.054,0.049,0.049,0.031,0.062,0.049,0.055,0.032,0.04,0.055,0.04,0.049,0.049,0.049,0.039,0.048,0.032,0.007,0.068,0.04,0.043,0.043,0.004,0.004,0.004,0.004,0.004,0.027,0.008,0.003,0.021
rs237915,0.061,0.061,0.226,0.978,0.572,0.192,0.572,0.957,0.356,0.356,0.372,0.372,0.809,0.809,0.809,0.844,0.134,0.978,1.0,0.031,0.096,0.031,0.031,0.031,0.413,0.349,0.186,0.186,0.646,0.646,0.262,0.043,0.274,0.274,0.043,0.053,0.053,0.03,0.03,0.056,0.05,0.05,0.033,0.065,0.053,0.06,0.034,0.041,0.06,0.041,0.053,0.05,0.053,0.041,0.053,0.034,0.008,0.071,0.041,0.045,0.045,0.004,0.004,0.004,0.004,0.004,0.029,0.009,0.002,0.021
rs4564970,0.051,0.051,0.023,0.03,0.054,0.017,0.054,0.03,0.032,0.032,0.034,0.034,0.074,0.074,0.074,0.037,0.231,0.03,0.031,1.0,0.009,1.0,1.0,1.0,0.038,0.032,0.043,0.043,0.0,0.0,0.057,0.0,0.055,0.055,0.0,0.006,0.006,0.0,0.0,0.011,0.012,0.012,0.0,0.002,0.017,0.016,0.0,0.007,0.016,0.007,0.017,0.012,0.017,0.0,0.015,0.0,0.004,0.001,0.007,0.007,0.007,0.003,0.003,0.003,0.003,0.003,0.027,0.003,0.002,0.001
rs62243375,0.009,0.009,0.313,0.094,0.168,0.04,0.168,0.092,0.24,0.24,0.229,0.229,0.119,0.119,0.119,0.095,0.038,0.094,0.096,0.009,1.0,0.009,0.009,0.009,0.233,0.276,0.049,0.049,0.077,0.077,0.061,0.141,0.062,0.062,0.141,0.436,0.436,0.13,0.13,0.153,0.139,0.139,0.094,0.229,0.094,0.097,0.108,0.301,0.097,0.301,0.094,0.139,0.094,0.114,0.102,0.108,0.013,0.266,0.301,0.282,0.282,0.02,0.02,0.02,0.02,0.02,0.04,0.024,0.005,0.001
rs35413809,0.051,0.051,0.023,0.03,0.054,0.017,0.054,0.03,0.032,0.032,0.034,0.034,0.074,0.074,0.074,0.037,0.231,0.03,0.031,1.0,0.009,1.0,1.0,1.0,0.038,0.032,0.043,0.043,0.0,0.0,0.057,0.0,0.055,0.055,0.0,0.006,0.006,0.0,0.0,0.011,0.012,0.012,0.0,0.002,0.017,0.016,0.0,0.007,0.016,0.007,0.017,0.012,0.017,0.0,0.015,0.0,0.004,0.001,0.007,0.007,0.007,0.003,0.003,0.003,0.003,0.003,0.027,0.003,0.002,0.001
rs73132856,0.051,0.051,0.023,0.03,0.054,0.017,0.054,0.03,0.032,0.032,0.034,0.034,0.074,0.074,0.074,0.037,0.231,0.03,0.031,1.0,0.009,1.0,1.0,1.0,0.038,0.032,0.043,0.043,0.0,0.0,0.057,0.0,0.055,0.055,0.0,0.006,0.006,0.0,0.0,0.011,0.012,0.012,0.0,0.002,0.017,0.016,0.0,0.007,0.016,0.007,0.017,0.012,0.017,0.0,0.015,0.0,0.004,0.001,0.007,0.007,0.007,0.003,0.003,0.003,0.003,0.003,0.027,0.003,0.002,0.001
rs2301261,0.051,0.051,0.023,0.03,0.054,0.017,0.054,0.03,0.032,0.032,0.034,0.034,0.074,0.074,0.074,0.037,0.231,0.03,0.031,1.0,0.009,1.0,1.0,1.0,0.038,0.032,0.043,0.043,0.0,0.0,0.057,0.0,0.055,0.055,0.0,0.006,0.006,0.0,0.0,0.011,0.012,0.012,0.0,0.002,0.017,0.016,0.0,0.007,0.016,0.007,0.017,0.012,0.017,0.0,0.015,0.0,0.004,0.001,0.007,0.007,0.007,0.003,0.003,0.003,0.003,0.003,0.027,0.003,0.002,0.001
rs968389,0.04,0.04,0.566,0.404,0.721,0.433,0.721,0.395,0.824,0.824,0.784,0.784,0.51,0.51,0.51,0.284,0.162,0.404,0.413,0.038,0.233,0.038,0.038,0.038,1.0,0.844,0.569,0.569,0.33,0.33,0.216,0.047,0.222,0.222,0.047,0.096,0.096,0.037,0.037,0.088,0.087,0.087,0.037,0.106,0.001,0.002,0.052,0.084,0.002,0.084,0.001,0.087,0.001,0.058,0.004,0.052,0.008,0.13,0.084,0.092,0.092,0.008,0.008,0.008,0.008,0.008,0.005,0.012,0.001,0.005
rs3806675,0.045,0.045,0.636,0.341,0.609,0.482,0.609,0.334,0.937,0.937,0.897,0.897,0.431,0.431,0.431,0.386,0.137,0.341,0.349,0.032,0.276,0.032,0.032,0.032,0.844,1.0,0.484,0.484,0.278,0.278,0.173,0.008,0.178,0.178,0.008,0.118,0.118,0.005,0.005,0.021,0.023,0.023,0.004,0.04,0.003,0.002,0.009,0.105,0.002,0.105,0.003,0.023,0.003,0.011,0.001,0.009,0.03,0.051,0.105,0.115,0.115,0.012,0.012,0.012,0.012,0.012,0.001,0.017,0.002,0.003
rs2268497,0.084,0.084,0.279,0.197,0.435,0.353,0.435,0.172,0.44,0.44,0.412,0.412,0.263,0.263,0.263,0.109,0.184,0.179,0.186,0.043,0.049,0.043,0.043,0.043,0.569,0.484,1.0,1.0,0.373,0.373,0.252,0.065,0.26,0.26,0.065,0.082,0.082,0.053,0.053,0.071,0.069,0.069,0.053,0.022,0.003,0.004,0.038,0.071,0.004,0.071,0.003,0.069,0.003,0.043,0.001,0.038,0.005,0.013,0.071,0.078,0.078,0.005,0.005,0.005,0.005,0.005,0.002,0.009,0.006,0.003
rs2268498,0.084,0.084,0.279,0.197,0.435,0.353,0.435,0.172,0.44,0.44,0.412,0.412,0.263,0.263,0.263,0.109,0.184,0.179,0.186,0.043,0.049,0.043,0.043,0.043,0.569,0.484,1.0,1.0,0.373,0.373,0.252,0.065,0.26,0.26,0.065,0.082,0.082,0.053,0.053,0.071,0.069,0.069,0.053,0.022,0.003,0.004,0.038,0.071,0.004,0.071,0.003,0.069,0.003,0.043,0.001,0.038,0.005,0.013,0.071,0.078,0.078,0.005,0.005,0.005,0.005,0.005,0.002,0.009,0.006,0.003
rs180789,0.052,0.063,0.198,0.662,0.374,0.153,0.374,0.605,0.285,0.285,0.297,0.297,0.612,0.612,0.612,0.537,0.047,0.626,0.646,0.0,0.077,0.0,0.0,0.0,0.33,0.278,0.373,0.373,1.0,1.0,0.424,0.017,0.441,0.441,0.017,0.04,0.04,0.009,0.009,0.038,0.033,0.033,0.011,0.038,0.109,0.119,0.007,0.03,0.119,0.03,0.109,0.033,0.109,0.01,0.096,0.007,0.004,0.026,0.03,0.032,0.032,0.001,0.001,0.001,0.001,0.001,0.093,0.005,0.0,0.001
rs401015,0.052,0.063,0.198,0.662,0.374,0.153,0.374,0.605,0.285,0.285,0.297,0.297,0.612,0.612,0.612,0.537,0.047,0.626,0.646,0.0,0.077,0.0,0.0,0.0,0.33,0.278,0.373,0.373,1.0,1.0,0.424,0.017,0.441,0.441,0.017,0.04,0.04,0.009,0.009,0.038,0.033,0.033,0.011,0.038,0.109,0.119,0.007,0.03,0.119,0.03,0.109,0.033,0.109,0.01,0.096,0.007,0.004,0.026,0.03,0.032,0.032,0.001,0.001,0.001,0.001,0.001,0.093,0.005,0.0,0.001
rs237922,0.02,0.027,0.158,0.271,0.139,0.071,0.139,0.257,0.159,0.159,0.169,0.169,0.368,0.368,0.368,0.199,0.0,0.248,0.262,0.057,0.061,0.057,0.057,0.057,0.216,0.173,0.252,0.252,0.424,0.424,1.0,0.133,0.977,0.977,0.133,0.055,0.055,0.105,0.105,0.064,0.056,0.056,0.082,0.131,0.3,0.317,0.072,0.03,0.317,0.03,0.3,0.056,0.3,0.084,0.278,0.072,0.021,0.111,0.03,0.032,0.032,0.007,0.007,0.007,0.007,0.007,0.14,0.005,0.0,0.002
rs6443206,0.068,0.068,0.017,0.041,0.05,0.038,0.05,0.039,0.003,0.003,0.009,0.009,0.043,0.043,0.043,0.002,0.001,0.041,0.043,0.0,0.141,0.0,0.0,0.0,0.047,0.008,0.065,0.065,0.017,0.017,0.133,1.0,0.136,0.136,1.0,0.415,0.415,0.944,0.944,0.57,0.525,0.525,0.729,0.538,0.211,0.216,0.65,0.257,0.216,0.257,0.211,0.525,0.211,0.673,0.163,0.65,0.22,0.455,0.257,0.239,0.239,0.074,0.074,0.074,0.074,0.074,0.067,0.087,0.009,0.021
rs237925,0.022,0.029,0.162,0.284,0.146,0.074,0.146,0.269,0.165,0.165,0.175,0.175,0.38,0.38,0.38,0.209,0.001,0.26,0.274,0.055,0.062,0.055,0.055,0.055,0.222,0.178,0.26,0.26,0.441,0.441,0.977,0.136,1.0,1.0,0.136,0.057,0.057,0.108,0.108,0.066,0.058,0.058,0.085,0.135,0.309,0.326,0.075,0.031,0.326,0.031,0.309,0.058,0.309,0.086,0.287,0.075,0.022,0.115,0.031,0.034,0.034,0.007,0.007,0.007,0.007,0.007,0.145,0.005,0.0,0.002
rs443537,0.022,0.029,0.162,0.284,0.146,0.074,0.146,0.269,0.165,0.165,0.175,0.175,0.38,0.38,0.38,0.209,0.001,0.26,0.274,0.055,0.062,0.055,0.055,0.055,0.222,0.178,0.26,0.26,0.441,0.441,0.977,0.136,1.0,1.0,0.136,0.057,0.057,0.108,0.108,0.066,0.058,0.058,0.085,0.135,0.309,0.326,0.075,0.031,0.326,0.031,0.309,0.058,0.309,0.086,0.287,0.075,0.022,0.115,0.031,0.034,0.034,0.007,0.007,0.007,0.007,0.007,0.145,0.005,0.0,0.002
rs10428083,0.068,0.068,0.017,0.041,0.05,0.038,0.05,0.039,0.003,0.003,0.009,0.009,0.043,0.043,0.043,0.002,0.001,0.041,0.043,0.0,0.141,0.0,0.0,0.0,0.047,0.008,0.065,0.065,0.017,0.017,0.133,1.0,0.136,0.136,1.0,0.415,0.415,0.944,0.944,0.57,0.525,0.525,0.729,0.538,0.211,0.216,0.65,0.257,0.216,0.257,0.211,0.525,0.211,0.673,0.163,0.65,0.22,0.455,0.257,0.239,0.239,0.074,0.074,0.074,0.074,0.074,0.067,0.087,0.009,0.021
rs951197114,0.042,0.042,0.122,0.051,0.062,0.015,0.062,0.05,0.094,0.094,0.088,0.088,0.067,0.067,0.067,0.048,0.007,0.051,0.053,0.006,0.436,0.006,0.006,0.006,0.096,0.118,0.082,0.082,0.04,0.04,0.055,0.415,0.057,0.057,0.415,1.0,1.0,0.392,0.392,0.392,0.364,0.364,0.277,0.188,0.068,0.07,0.305,0.669,0.07,0.669,0.068,0.364,0.068,0.316,0.073,0.305,0.009,0.217,0.669,0.634,0.634,0.214,0.214,0.214,0.214,0.214,0.01,0.239,0.004,0.024
rs56274759,0.042,0.042,0.122,0.051,0.062,0.015,0.062,0.05,0.094,0.094,0.088,0.088,0.067,0.067,0.067,0.048,0.007,0.051,0.053,0.006,0.436,0.006,0.006,0.006,0.096,0.118,0.082,0.082,0.04,0.04,0.055,0.415,0.057,0.057,0.415,1.0,1.0,0.392,0.392,0.392,0.364,0.364,0.277,0.188,0.068,0.07,0.305,0.669,0.07,0.669,0.068,0.364,0.068,0.316,0.073,0.305,0.009,0.217,0.669,0.634,0.634,0.214,0.214,0.214,0.214,0.214,0.01,0.239,0.004,0.024
rs888565,0.055,0.055,0.013,0.028,0.039,0.042,0.039,0.026,0.002,0.002,0.006,0.006,0.031,0.031,0.031,0.0,0.002,0.028,0.03,0.0,0.13,0.0,0.0,0.0,0.037,0.005,0.053,0.053,0.009,0.009,0.105,0.944,0.108,0.108,0.944,0.392,0.392,1.0,1.0,0.584,0.537,0.537,0.734,0.538,0.205,0.189,0.658,0.241,0.189,0.241,0.205,0.537,0.205,0.633,0.159,0.658,0.251,0.459,0.241,0.223,0.223,0.068,0.068,0.068,0.068,0.068,0.057,0.081,0.009,0.02
rs888566,0.055,0.055,0.013,0.028,0.039,0.042,0.039,0.026,0.002,0.002,0.006,0.006,0.031,0.031,0.031,0.0,0.002,0.028,0.03,0.0,0.13,0.0,0.0,0.0,0.037,0.005,0.053,0.053,0.009,0.009,0.105,0.944,0.108,0.108,0.944,0.392,0.392,1.0,1.0,0.584,0.537,0.537,0.734,0.538,0.205,0.189,0.658,0.241,0.189,0.241,0.205,0.537,0.205,0.633,0.159,0.658,0.251,0.459,0.241,0.223,0.223,0.068,0.068,0.068,0.068,0.068,0.057,0.081,0.009,0.02
rs17365093,0.034,0.034,0.03,0.054,0.048,0.019,0.048,0.052,0.013,0.013,0.025,0.025,0.077,0.077,0.077,0.003,0.002,0.054,0.056,0.011,0.153,0.011,0.011,0.011,0.088,0.021,0.071,0.071,0.038,0.038,0.064,0.57,0.066,0.066,0.57,0.392,0.392,0.584,0.584,1.0,0.933,0.933,0.726,0.513,0.225,0.204,0.794,0.478,0.204,0.478,0.225,0.933,0.225,0.76,0.239,0.794,0.367,0.582,0.478,0.45,0.45,0.152,0.152,0.152,0.152,0.152,0.106,0.173,0.006,0.009
rs55679837,0.034,0.034,0.032,0.049,0.046,0.014,0.046,0.047,0.014,0.014,0.026,0.026,0.072,0.072,0.072,0.002,0.003,0.049,0.05,0.012,0.139,0.012,0.012,0.012,0.087,0.023,0.069,0.069,0.033,0.033,0.056,0.525,0.058,0.058,0.525,0.364,0.364,0.537,0.537,0.933,1.0,1.0,0.778,0.55,0.241,0.221,0.851,0.562,0.221,0.562,0.241,1.0,0.241,0.818,0.256,0.851,0.342,0.624,0.562,0.53,0.53,0.184,0.184,0.184,0.184,0.184,0.09,0.16,0.007,0.008
rs55676347,0.034,0.034,0.032,0.049,0.046,0.014,0.046,0.047,0.014,0.014,0.026,0.026,0.072,0.072,0.072,0.002,0.003,0.049,0.05,0.012,0.139,0.012,0.012,0.012,0.087,0.023,0.069,0.069,0.033,0.033,0.056,0.525,0.058,0.058,0.525,0.364,0.364,0.537,0.537,0.933,1.0,1.0,0.778,0.55,0.241,0.221,0.851,0.562,0.221,0.562,0.241,1.0,0.241,0.818,0.256,0.851,0.342,0.624,0.562,0.53,0.53,0.184,0.184,0.184,0.184,0.184,0.09,0.16,0.007,0.008
rs6443207,0.055,0.055,0.011,0.031,0.04,0.027,0.04,0.029,0.001,0.001,0.005,0.005,0.034,0.034,0.034,0.001,0.001,0.031,0.033,0.0,0.094,0.0,0.0,0.0,0.037,0.004,0.053,0.053,0.011,0.011,0.082,0.729,0.085,0.085,0.729,0.277,0.277,0.734,0.734,0.726,0.778,0.778,1.0,0.707,0.31,0.289,0.914,0.438,0.289,0.438,0.31,0.778,0.31,0.886,0.251,0.914,0.266,0.661,0.438,0.41,0.41,0.139,0.139,0.139,0.139,0.139,0.067,0.121,0.009,0.021
rs6791619,0.019,0.019,0.086,0.062,0.095,0.017,0.095,0.059,0.037,0.037,0.051,0.051,0.072,0.072,0.072,0.015,0.011,0.062,0.065,0.002,0.229,0.002,0.002,0.002,0.106,0.04,0.022,0.022,0.038,0.038,0.131,0.538,0.135,0.135,0.538,0.188,0.188,0.538,0.538,0.513,0.55,0.55,0.707,1.0,0.438,0.418,0.646,0.309,0.418,0.309,0.438,0.55,0.438,0.626,0.379,0.646,0.188,0.881,0.309,0.287,0.287,0.094,0.094,0.094,0.094,0.094,0.137,0.081,0.013,0.012
rs237857,0.001,0.001,0.011,0.059,0.0,0.086,0.0,0.045,0.004,0.004,0.002,0.002,0.08,0.08,0.08,0.02,0.035,0.049,0.053,0.017,0.094,0.017,0.017,0.017,0.001,0.003,0.003,0.003,0.109,0.109,0.3,0.211,0.309,0.309,0.211,0.068,0.068,0.205,0.205,0.225,0.241,0.241,0.31,0.438,1.0,0.98,0.283,0.136,0.98,0.136,1.0,0.241,1.0,0.274,0.941,0.283,0.082,0.386,0.136,0.12,0.12,0.049,0.049,0.049,0.049,0.049,0.435,0.043,0.012,0.011
rs237856,0.001,0.001,0.012,0.066,0.001,0.083,0.001,0.051,0.003,0.003,0.001,0.001,0.087,0.087,0.087,0.024,0.037,0.055,0.06,0.016,0.097,0.016,0.016,0.016,0.002,0.002,0.004,0.004,0.119,0.119,0.317,0.216,0.326,0.326,0.216,0.07,0.07,0.189,0.189,0.204,0.221,0.221,0.289,0.418,0.98,1.0,0.263,0.138,1.0,0.138,0.98,0.221,0.98,0.28,0.921,0.263,0.063,0.366,0.138,0.122,0.122,0.051,0.051,0.051,0.051,0.051,0.445,0.045,0.012,0.011
rs6443208,0.061,0.061,0.017,0.032,0.037,0.022,0.037,0.03,0.004,0.004,0.011,0.011,0.033,0.033,0.033,0.0,0.0,0.032,0.034,0.0,0.108,0.0,0.0,0.0,0.052,0.009,0.038,0.038,0.007,0.007,0.072,0.65,0.075,0.075,0.65,0.305,0.305,0.658,0.658,0.794,0.851,0.851,0.914,0.646,0.283,0.263,1.0,0.479,0.263,0.479,0.283,0.851,0.283,0.969,0.301,1.0,0.291,0.733,0.479,0.45,0.45,0.154,0.154,0.154,0.154,0.154,0.058,0.134,0.008,0.006
rs56276495,0.035,0.035,0.11,0.04,0.052,0.003,0.052,0.039,0.082,0.082,0.077,0.077,0.055,0.055,0.055,0.038,0.008,0.04,0.041,0.007,0.301,0.007,0.007,0.007,0.084,0.105,0.071,0.071,0.03,0.03,0.03,0.257,0.031,0.031,0.257,0.669,0.669,0.241,0.241,0.478,0.562,0.562,0.438,0.309,0.136,0.138,0.479,1.0,0.138,1.0,0.136,0.562,0.136,0.494,0.144,0.479,0.01,0.351,1.0,0.951,0.951,0.341,0.341,0.341,0.341,0.341,0.015,0.298,0.004,0.022
rs237855,0.001,0.001,0.012,0.066,0.001,0.083,0.001,0.051,0.003,0.003,0.001,0.001,0.087,0.087,0.087,0.024,0.037,0.055,0.06,0.016,0.097,0.016,0.016,0.016,0.002,0.002,0.004,0.004,0.119,0.119,0.317,0.216,0.326,0.326,0.216,0.07,0.07,0.189,0.189,0.204,0.221,0.221,0.289,0.418,0.98,1.0,0.263,0.138,1.0,0.138,0.98,0.221,0.98,0.28,0.921,0.263,0.063,0.366,0.138,0.122,0.122,0.051,0.051,0.051,0.051,0.051,0.445,0.045,0.012,0.011
rs73027838,0.035,0.035,0.11,0.04,0.052,0.003,0.052,0.039,0.082,0.082,0.077,0.077,0.055,0.055,0.055,0.038,0.008,0.04,0.041,0.007,0.301,0.007,0.007,0.007,0.084,0.105,0.071,0.071,0.03,0.03,0.03,0.257,0.031,0.031,0.257,0.669,0.669,0.241,0.241,0.478,0.562,0.562,0.438,0.309,0.136,0.138,0.479,1.0,0.138,1.0,0.136,0.562,0.136,0.494,0.144,0.479,0.01,0.351,1.0,0.951,0.951,0.341,0.341,0.341,0.341,0.341,0.015,0.298,0.004,0.022
rs237853,0.001,0.001,0.011,0.059,0.0,0.086,0.0,0.045,0.004,0.004,0.002,0.002,0.08,0.08,0.08,0.02,0.035,0.049,0.053,0.017,0.094,0.017,0.017,0.017,0.001,0.003,0.003,0.003,0.109,0.109,0.3,0.211,0.309,0.309,0.211,0.068,0.068,0.205,0.205,0.225,0.241,0.241,0.31,0.438,1.0,0.98,0.283,0.136,0.98,0.136,1.0,0.241,1.0,0.274,0.941,0.283,0.082,0.386,0.136,0.12,0.12,0.049,0.049,0.049,0.049,0.049,0.435,0.043,0.012,0.011
rs2287580,0.034,0.034,0.032,0.049,0.046,0.014,0.046,0.047,0.014,0.014,0.026,0.026,0.072,0.072,0.072,0.002,0.003,0.049,0.05,0.012,0.139,0.012,0.012,0.012,0.087,0.023,0.069,0.069,0.033,0.033,0.056,0.525,0.058,0.058,0.525,0.364,0.364,0.537,0.537,0.933,1.0,1.0,0.778,0.55,0.241,0.221,0.851,0.562,0.221,0.562,0.241,1.0,0.241,0.818,0.256,0.851,0.342,0.624,0.562,0.53,0.53,0.184,0.184,0.184,0.184,0.184,0.09,0.16,0.007,0.008
rs237852,0.001,0.001,0.011,0.059,0.0,0.086,0.0,0.045,0.004,0.004,0.002,0.002,0.08,0.08,0.08,0.02,0.035,0.049,0.053,0.017,0.094,0.017,0.017,0.017,0.001,0.003,0.003,0.003,0.109,0.109,0.3,0.211,0.309,0.309,0.211,0.068,0.068,0.205,0.205,0.225,0.241,0.241,0.31,0.438,1.0,0.98,0.283,0.136,0.98,0.136,1.0,0.241,1.0,0.274,0.941,0.283,0.082,0.386,0.136,0.12,0.12,0.049,0.049,0.049,0.049,0.049,0.435,0.043,0.012,0.011
rs9844525,0.068,0.068,0.02,0.039,0.043,0.02,0.043,0.037,0.005,0.005,0.013,0.013,0.039,0.039,0.039,0.001,0.0,0.039,0.041,0.0,0.114,0.0,0.0,0.0,0.058,0.011,0.043,0.043,0.01,0.01,0.084,0.673,0.086,0.086,0.673,0.316,0.316,0.633,0.633,0.76,0.818,0.818,0.886,0.626,0.274,0.28,0.969,0.494,0.28,0.494,0.274,0.818,0.274,1.0,0.292,0.969,0.249,0.711,0.494,0.464,0.464,0.16,0.16,0.16,0.16,0.16,0.063,0.139,0.008,0.006
rs237851,0.001,0.001,0.015,0.058,0.0,0.076,0.0,0.044,0.001,0.001,0.0,0.0,0.078,0.078,0.078,0.019,0.041,0.048,0.053,0.015,0.102,0.015,0.015,0.015,0.004,0.001,0.001,0.001,0.096,0.096,0.278,0.163,0.287,0.287,0.163,0.073,0.073,0.159,0.159,0.239,0.256,0.256,0.251,0.379,0.941,0.921,0.301,0.144,0.921,0.144,0.941,0.256,0.941,0.292,1.0,0.301,0.088,0.41,0.144,0.128,0.128,0.053,0.053,0.053,0.053,0.053,0.409,0.047,0.011,0.002
rs3864085,0.061,0.061,0.017,0.032,0.037,0.022,0.037,0.03,0.004,0.004,0.011,0.011,0.033,0.033,0.033,0.0,0.0,0.032,0.034,0.0,0.108,0.0,0.0,0.0,0.052,0.009,0.038,0.038,0.007,0.007,0.072,0.65,0.075,0.075,0.65,0.305,0.305,0.658,0.658,0.794,0.851,0.851,0.914,0.646,0.283,0.263,1.0,0.479,0.263,0.479,0.283,0.851,0.283,0.969,0.301,1.0,0.291,0.733,0.479,0.45,0.45,0.154,0.154,0.154,0.154,0.154,0.058,0.134,0.008,0.006
rs114322890,0.002,0.002,0.019,0.007,0.002,0.013,0.002,0.007,0.031,0.031,0.01,0.01,0.013,0.013,0.013,0.029,0.0,0.007,0.008,0.004,0.013,0.004,0.004,0.004,0.008,0.03,0.005,0.005,0.004,0.004,0.021,0.22,0.022,0.022,0.22,0.009,0.009,0.251,0.251,0.367,0.342,0.342,0.266,0.188,0.082,0.063,0.291,0.01,0.063,0.01,0.082,0.342,0.082,0.249,0.088,0.291,1.0,0.214,0.01,0.01,0.01,0.005,0.005,0.005,0.005,0.005,0.091,0.004,0.002,0.002
rs3901927,0.028,0.028,0.098,0.068,0.093,0.017,0.093,0.065,0.048,0.048,0.064,0.064,0.075,0.075,0.075,0.015,0.006,0.068,0.071,0.001,0.266,0.001,0.001,0.001,0.13,0.051,0.013,0.013,0.026,0.026,0.111,0.455,0.115,0.115,0.455,0.217,0.217,0.459,0.459,0.582,0.624,0.624,0.661,0.881,0.386,0.366,0.733,0.351,0.366,0.351,0.386,0.624,0.386,0.711,0.41,0.733,0.214,1.0,0.351,0.327,0.327,0.109,0.109,0.109,0.109,0.109,0.122,0.094,0.011,0.003
rs77238791,0.035,0.035,0.11,0.04,0.052,0.003,0.052,0.039,0.082,0.082,0.077,0.077,0.055,0.055,0.055,0.038,0.008,0.04,0.041,0.007,0.301,0.007,0.007,0.007,0.084,0.105,0.071,0.071,0.03,0.03,0.03,0.257,0.031,0.031,0.257,0.669,0.669,0.241,0.241,0.478,0.562,0.562,0.438,0.309,0.136,0.138,0.479,1.0,0.138,1.0,0.136,0.562,0.136,0.494,0.144,0.479,0.01,0.351,1.0,0.951,0.951,0.341,0.341,0.341,0.341,0.341,0.015,0.298,0.004,0.022
rs56253322,0.041,0.041,0.122,0.043,0.058,0.001,0.058,0.042,0.091,0.091,0.086,0.086,0.06,0.06,0.06,0.042,0.009,0.043,0.045,0.007,0.282,0.007,0.007,0.007,0.092,0.115,0.078,0.078,0.032,0.032,0.032,0.239,0.034,0.034,0.239,0.634,0.634,0.223,0.223,0.45,0.53,0.53,0.41,0.287,0.12,0.122,0.45,0.951,0.122,0.951,0.12,0.53,0.12,0.464,0.128,0.45,0.01,0.327,0.951,1.0,1.0,0.403,0.403,0.403,0.403,0.403,0.011,0.282,0.004,0.02
rs73029733,0.041,0.041,0.122,0.043,0.058,0.001,0.058,0.042,0.091,0.091,0.086,0.086,0.06,0.06,0.06,0.042,0.009,0.043,0.045,0.007,0.282,0.007,0.007,0.007,0.092,0.115,0.078,0.078,0.032,0.032,0.032,0.239,0.034,0.034,0.239,0.634,0.634,0.223,0.223,0.45,0.53,0.53,0.41,0.287,0.12,0.122,0.45,0.951,0.122,0.951,0.12,0.53,0.12,0.464,0.128,0.45,0.01,0.327,0.951,1.0,1.0,0.403,0.403,0.403,0.403,0.403,0.011,0.282,0.004,0.02
rs73029760,0.029,0.029,0.013,0.004,0.002,0.003,0.002,0.003,0.011,0.011,0.01,0.01,0.008,0.008,0.008,0.007,0.0,0.004,0.004,0.003,0.02,0.003,0.003,0.003,0.008,0.012,0.005,0.005,0.001,0.001,0.007,0.074,0.007,0.007,0.074,0.214,0.214,0.068,0.068,0.152,0.184,0.184,0.139,0.094,0.049,0.051,0.154,0.341,0.051,0.341,0.049,0.184,0.049,0.16,0.053,0.154,0.005,0.109,0.341,0.403,0.403,1.0,1.0,1.0,1.0,1.0,0.071,0.744,0.002,0.009
rs73012066,0.029,0.029,0.013,0.004,0.002,0.003,0.002,0.003,0.011,0.011,0.01,0.01,0.008,0.008,0.008,0.007,0.0,0.004,0.004,0.003,0.02,0.003,0.003,0.003,0.008,0.012,0.005,0.005,0.001,0.001,0.007,0.074,0.007,0.007,0.074,0.214,0.214,0.068,0.068,0.152,0.184,0.184,0.139,0.094,0.049,0.051,0.154,0.341,0.051,0.341,0.049,0.184,0.049,0.16,0.053,0.154,0.005,0.109,0.341,0.403,0.403,1.0,1.0,1.0,1.0,1.0,0.071,0.744,0.002,0.009
rs12185964,0.029,0.029,0.013,0.004,0.002,0.003,0.002,0.003,0.011,0.011,0.01,0.01,0.008,0.008,0.008,0.007,0.0,0.004,0.004,0.003,0.02,0.003,0.003,0.003,0.008,0.012,0.005,0.005,0.001,0.001,0.007,0.074,0.007,0.007,0.074,0.214,0.214,0.068,0.068,0.152,0.184,0.184,0.139,0.094,0.049,0.051,0.154,0.341,0.051,0.341,0.049,0.184,0.049,0.16,0.053,0.154,0.005,0.109,0.341,0.403,0.403,1.0,1.0,1.0,1.0,1.0,0.071,0.744,0.002,0.009
rs114345400,0.029,0.029,0.013,0.004,0.002,0.003,0.002,0.003,0.011,0.011,0.01,0.01,0.008,0.008,0.008,0.007,0.0,0.004,0.004,0.003,0.02,0.003,0.003,0.003,0.008,0.012,0.005,0.005,0.001,0.001,0.007,0.074,0.007,0.007,0.074,0.214,0.214,0.068,0.068,0.152,0.184,0.184,0.139,0.094,0.049,0.051,0.154,0.341,0.051,0.341,0.049,0.184,0.049,0.16,0.053,0.154,0.005,0.109,0.341,0.403,0.403,1.0,1.0,1.0,1.0,1.0,0.071,0.744,0.002,0.009
rs13070119,0.029,0.029,0.013,0.004,0.002,0.003,0.002,0.003,0.011,0.011,0.01,0.01,0.008,0.008,0.008,0.007,0.0,0.004,0.004,0.003,0.02,0.003,0.003,0.003,0.008,0.012,0.005,0.005,0.001,0.001,0.007,0.074,0.007,0.007,0.074,0.214,0.214,0.068,0.068,0.152,0.184,0.184,0.139,0.094,0.049,0.051,0.154,0.341,0.051,0.341,0.049,0.184,0.049,0.16,0.053,0.154,0.005,0.109,0.341,0.403,0.403,1.0,1.0,1.0,1.0,1.0,0.071,0.744,0.002,0.009
rs9810868,0.001,0.001,0.005,0.034,0.001,0.026,0.001,0.024,0.0,0.0,0.0,0.0,0.058,0.058,0.058,0.009,0.023,0.027,0.029,0.027,0.04,0.027,0.027,0.027,0.005,0.001,0.002,0.002,0.093,0.093,0.14,0.067,0.145,0.145,0.067,0.01,0.01,0.057,0.057,0.106,0.09,0.09,0.067,0.137,0.435,0.445,0.058,0.015,0.445,0.015,0.435,0.09,0.435,0.063,0.409,0.058,0.091,0.122,0.015,0.011,0.011,0.071,0.071,0.071,0.071,0.071,1.0,0.115,0.004,0.025
rs11131152,0.023,0.023,0.007,0.008,0.005,0.004,0.005,0.008,0.017,0.017,0.015,0.015,0.014,0.014,0.014,0.013,0.0,0.008,0.009,0.003,0.024,0.003,0.003,0.003,0.012,0.017,0.009,0.009,0.005,0.005,0.005,0.087,0.005,0.005,0.087,0.239,0.239,0.081,0.081,0.173,0.16,0.16,0.121,0.081,0.043,0.045,0.134,0.298,0.045,0.298,0.043,0.16,0.043,0.139,0.047,0.134,0.004,0.094,0.298,0.282,0.282,0.744,0.744,0.744,0.744,0.744,0.115,1.0,0.002,0.01
rs116802725,0.008,0.008,0.0,0.003,0.0,0.011,0.0,0.003,0.002,0.002,0.002,0.002,0.001,0.001,0.001,0.001,0.007,0.003,0.002,0.002,0.005,0.002,0.002,0.002,0.001,0.002,0.006,0.006,0.0,0.0,0.0,0.009,0.0,0.0,0.009,0.004,0.004,0.009,0.009,0.006,0.007,0.007,0.009,0.013,0.012,0.012,0.008,0.004,0.012,0.004,0.012,0.007,0.012,0.008,0.011,0.008,0.002,0.011,0.004,0.004,0.004,0.002,0.002,0.002,0.002,0.002,0.004,0.002,1.0,0.001
rs116338820,0.005,0.005,0.001,0.021,0.009,0.009,0.009,0.022,0.004,0.004,0.004,0.004,0.015,0.015,0.015,0.016,0.006,0.021,0.021,0.001,0.001,0.001,0.001,0.001,0.005,0.003,0.003,0.003,0.001,0.001,0.002,0.021,0.002,0.002,0.021,0.024,0.024,0.02,0.02,0.009,0.008,0.008,0.021,0.012,0.011,0.011,0.006,0.022,0.011,0.022,0.011,0.008,0.011,0.006,0.002,0.006,0.002,0.003,0.022,0.02,0.02,0.009,0.009,0.009,0.009,0.009,0.025,0.01,0.001,1.0
