,rs2319817,rs72680704,rs55904172,rs192979856,rs61746713,rs17197086,rs17197100,rs7350752,rs17197107,rs142017737,rs17792659,rs111239815,rs17792664,rs7148741,rs17197114,rs112460729,rs113946439,rs141327876,rs76282988
rs2319817,1.0,0.752,0.333,,0.66,0.66,0.66,0.66,0.66,0.66,,0.496,0.429,0.221,0.289,0.429,0.449,0.449,0.429
rs72680704,0.752,1.0,0.266,,0.717,0.717,0.717,0.717,0.717,0.717,,0.537,0.472,0.241,0.364,0.472,0.493,0.493,0.472
rs55904172,0.333,0.266,1.0,,0.266,0.266,0.266,0.266,0.266,0.266,,0.176,0.176,0.165,0.092,0.176,0.158,0.158,0.176
rs192979856,,,,,,,,,,,,,,,,,,,
rs61746713,0.66,0.717,0.266,,1.0,1.0,1.0,1.0,1.0,1.0,,0.759,0.681,0.366,0.469,0.681,0.711,0.711,0.681
rs17197086,0.66,0.717,0.266,,1.0,1.0,1.0,1.0,1.0,1.0,,0.759,0.681,0.366,0.469,0.681,0.711,0.711,0.681
rs17197100,0.66,0.717,0.266,,1.0,1.0,1.0,1.0,1.0,1.0,,0.759,0.681,0.366,0.469,0.681,0.711,0.711,0.681
rs7350752,0.66,0.717,0.266,,1.0,1.0,1.0,1.0,1.0,1.0,,0.759,0.681,0.366,0.469,0.681,0.711,0.711,0.681
rs17197107,0.66,0.717,0.266,,1.0,1.0,1.0,1.0,1.0,1.0,,0.759,0.681,0.366,0.469,0.681,0.711,0.711,0.681
rs142017737,0.66,0.717,0.266,,1.0,1.0,1.0,1.0,1.0,1.0,,0.759,0.681,0.366,0.469,0.681,0.711,0.711,0.681
rs17792659,,,,,,,,,,,,,,,,,,,
rs111239815,0.496,0.537,0.176,,0.759,0.759,0.759,0.759,0.759,0.759,,1.0,0.919,0.495,0.374,0.919,0.959,0.959,0.919
rs17792664,0.429,0.472,0.176,,0.681,0.681,0.681,0.681,0.681,0.681,,0.919,1.0,0.544,0.374,1.0,0.959,0.959,1.0
rs7148741,0.221,0.241,0.165,,0.366,0.366,0.366,0.366,0.366,0.366,,0.495,0.544,1.0,0.16,0.544,0.522,0.522,0.544
rs17197114,0.289,0.364,0.092,,0.469,0.469,0.469,0.469,0.469,0.469,,0.374,0.374,0.16,1.0,0.374,0.395,0.395,0.374
rs112460729,0.429,0.472,0.176,,0.681,0.681,0.681,0.681,0.681,0.681,,0.919,1.0,0.544,0.374,1.0,0.959,0.959,1.0
rs113946439,0.449,0.493,0.158,,0.711,0.711,0.711,0.711,0.711,0.711,,0.959,0.959,0.522,0.395,0.959,1.0,1.0,0.959
rs141327876,0.449,0.493,0.158,,0.711,0.711,0.711,0.711,0.711,0.711,,0.959,0.959,0.522,0.395,0.959,1.0,1.0,0.959
rs76282988,0.429,0.472,0.176,,0.681,0.681,0.681,0.681,0.681,0.681,,0.919,1.0,0.544,0.374,1.0,0.959,0.959,1.0
