,rs137878955,rs138205059,rs140709228,rs9648824,rs543661842,rs143102703,rs1990348,rs183325502,rs148229275,rs186084211,rs1051379153,rs147592276,rs183424552,rs77794618,rs187795813,rs180763338,rs28512358,rs6958305,rs1301258433,rs186306506,rs62503559,rs62483355,rs62483356,rs62483357,rs1554441822,rs1608958,rs801943,rs802002,rs811910,rs1405176,rs1405175,rs1405174,rs1405173,rs2533527,rs2693401,rs2693400,rs2693399,rs2693398,rs940965,rs181471483,rs344481,rs344489,rs190290849
rs137878955,1.0,1.0,0.0,0.325,0.0,0.663,0.325,0.325,0.325,0.438,0.325,0.438,0.0,0.0,0.0,0.0,0.0,0.0,0.0,0.0,,0.014,0.014,0.014,,0.015,0.0,,,,,,,,,,,,,0.0,,,0.0
rs138205059,1.0,1.0,0.0,0.325,0.0,0.663,0.325,0.325,0.325,0.438,0.325,0.438,0.0,0.0,0.0,0.0,0.0,0.0,0.0,0.0,,0.014,0.014,0.014,,0.015,0.0,,,,,,,,,,,,,0.0,,,0.0
rs140709228,0.0,0.0,1.0,0.0,1.0,0.0,0.0,0.0,0.0,0.0,0.0,0.0,0.0,0.0,0.0,0.0,0.0,0.0,0.0,0.0,,0.003,0.003,0.003,,0.003,0.0,,,,,,,,,,,,,0.0,,,0.0
rs9648824,0.325,0.325,0.0,1.0,0.0,0.495,1.0,1.0,0.24,0.325,0.24,0.325,0.001,0.001,0.0,0.0,0.0,0.0,0.0,0.0,,0.027,0.027,0.027,,0.028,0.0,,,,,,,,,,,,,0.0,,,0.0
rs543661842,0.0,0.0,1.0,0.0,1.0,0.0,0.0,0.0,0.0,0.0,0.0,0.0,0.0,0.0,0.0,0.0,0.0,0.0,0.0,0.0,,0.003,0.003,0.003,,0.003,0.0,,,,,,,,,,,,,0.0,,,0.0
rs143102703,0.663,0.663,0.0,0.495,0.0,1.0,0.495,0.495,0.495,0.663,0.495,0.663,0.0,0.0,0.0,0.0,0.0,0.0,0.0,0.0,,0.03,0.03,0.03,,0.031,0.0,,,,,,,,,,,,,0.0,,,0.0
rs1990348,0.325,0.325,0.0,1.0,0.0,0.495,1.0,1.0,0.24,0.325,0.24,0.325,0.001,0.001,0.0,0.0,0.0,0.0,0.0,0.0,,0.027,0.027,0.027,,0.028,0.0,,,,,,,,,,,,,0.0,,,0.0
rs183325502,0.325,0.325,0.0,1.0,0.0,0.495,1.0,1.0,0.24,0.325,0.24,0.325,0.001,0.001,0.0,0.0,0.0,0.0,0.0,0.0,,0.027,0.027,0.027,,0.028,0.0,,,,,,,,,,,,,0.0,,,0.0
rs148229275,0.325,0.325,0.0,0.24,0.0,0.495,0.24,0.24,1.0,0.746,1.0,0.746,0.042,0.042,0.055,0.055,0.0,0.0,0.0,0.0,,0.027,0.027,0.027,,0.028,0.0,,,,,,,,,,,,,0.0,,,0.0
rs186084211,0.438,0.438,0.0,0.325,0.0,0.663,0.325,0.325,0.746,1.0,0.746,1.0,0.0,0.0,0.0,0.0,0.0,0.0,0.0,0.0,,0.014,0.014,0.014,,0.015,0.0,,,,,,,,,,,,,0.0,,,0.0
rs1051379153,0.325,0.325,0.0,0.24,0.0,0.495,0.24,0.24,1.0,0.746,1.0,0.746,0.042,0.042,0.055,0.055,0.0,0.0,0.0,0.0,,0.027,0.027,0.027,,0.028,0.0,,,,,,,,,,,,,0.0,,,0.0
rs147592276,0.438,0.438,0.0,0.325,0.0,0.663,0.325,0.325,0.746,1.0,0.746,1.0,0.0,0.0,0.0,0.0,0.0,0.0,0.0,0.0,,0.014,0.014,0.014,,0.015,0.0,,,,,,,,,,,,,0.0,,,0.0
rs183424552,0.0,0.0,0.0,0.001,0.0,0.0,0.001,0.001,0.042,0.0,0.042,0.0,1.0,1.0,0.44,0.44,0.0,0.0,0.257,0.257,,0.0,0.0,0.0,,0.0,0.001,,,,,,,,,,,,,0.257,,,0.257
rs77794618,0.0,0.0,0.0,0.001,0.0,0.0,0.001,0.001,0.042,0.0,0.042,0.0,1.0,1.0,0.44,0.44,0.0,0.0,0.257,0.257,,0.0,0.0,0.0,,0.0,0.001,,,,,,,,,,,,,0.257,,,0.257
rs187795813,0.0,0.0,0.0,0.0,0.0,0.0,0.0,0.0,0.055,0.0,0.055,0.0,0.44,0.44,1.0,1.0,0.0,0.0,0.746,0.746,,0.0,0.0,0.0,,0.0,0.0,,,,,,,,,,,,,0.746,,,0.746
rs180763338,0.0,0.0,0.0,0.0,0.0,0.0,0.0,0.0,0.055,0.0,0.055,0.0,0.44,0.44,1.0,1.0,0.0,0.0,0.746,0.746,,0.0,0.0,0.0,,0.0,0.0,,,,,,,,,,,,,0.746,,,0.746
rs28512358,0.0,0.0,0.0,0.0,0.0,0.0,0.0,0.0,0.0,0.0,0.0,0.0,0.0,0.0,0.0,0.0,1.0,1.0,0.0,0.0,,0.002,0.002,0.002,,0.002,0.246,,,,,,,,,,,,,0.0,,,0.0
rs6958305,0.0,0.0,0.0,0.0,0.0,0.0,0.0,0.0,0.0,0.0,0.0,0.0,0.0,0.0,0.0,0.0,1.0,1.0,0.0,0.0,,0.002,0.002,0.002,,0.002,0.246,,,,,,,,,,,,,0.0,,,0.0
rs1301258433,0.0,0.0,0.0,0.0,0.0,0.0,0.0,0.0,0.0,0.0,0.0,0.0,0.257,0.257,0.746,0.746,0.0,0.0,1.0,1.0,,0.005,0.005,0.005,,0.005,0.0,,,,,,,,,,,,,1.0,,,1.0
rs186306506,0.0,0.0,0.0,0.0,0.0,0.0,0.0,0.0,0.0,0.0,0.0,0.0,0.257,0.257,0.746,0.746,0.0,0.0,1.0,1.0,,0.005,0.005,0.005,,0.005,0.0,,,,,,,,,,,,,1.0,,,1.0
rs62503559,,,,,,,,,,,,,,,,,,,,,,,,,,,,,,,,,,,,,,,,,,,
rs62483355,0.014,0.014,0.003,0.027,0.003,0.03,0.027,0.027,0.027,0.014,0.027,0.014,0.0,0.0,0.0,0.0,0.002,0.002,0.005,0.005,,1.0,1.0,1.0,,0.973,0.007,,,,,,,,,,,,,0.005,,,0.005
rs62483356,0.014,0.014,0.003,0.027,0.003,0.03,0.027,0.027,0.027,0.014,0.027,0.014,0.0,0.0,0.0,0.0,0.002,0.002,0.005,0.005,,1.0,1.0,1.0,,0.973,0.007,,,,,,,,,,,,,0.005,,,0.005
rs62483357,0.014,0.014,0.003,0.027,0.003,0.03,0.027,0.027,0.027,0.014,0.027,0.014,0.0,0.0,0.0,0.0,0.002,0.002,0.005,0.005,,1.0,1.0,1.0,,0.973,0.007,,,,,,,,,,,,,0.005,,,0.005
rs1554441822,,,,,,,,,,,,,,,,,,,,,,,,,,,,,,,,,,,,,,,,,,,
rs1608958,0.015,0.015,0.003,0.028,0.003,0.031,0.028,0.028,0.028,0.015,0.028,0.015,0.0,0.0,0.0,0.0,0.002,0.002,0.005,0.005,,0.973,0.973,0.973,,1.0,0.007,,,,,,,,,,,,,0.005,,,0.005
rs801943,0.0,0.0,0.0,0.0,0.0,0.0,0.0,0.0,0.0,0.0,0.0,0.0,0.001,0.001,0.0,0.0,0.246,0.246,0.0,0.0,,0.007,0.007,0.007,,0.007,1.0,,,,,,,,,,,,,0.0,,,0.0
rs802002,,,,,,,,,,,,,,,,,,,,,,,,,,,,,,,,,,,,,,,,,,,
rs811910,,,,,,,,,,,,,,,,,,,,,,,,,,,,,,,,,,,,,,,,,,,
rs1405176,,,,,,,,,,,,,,,,,,,,,,,,,,,,,,,,,,,,,,,,,,,
rs1405175,,,,,,,,,,,,,,,,,,,,,,,,,,,,,,,,,,,,,,,,,,,
rs1405174,,,,,,,,,,,,,,,,,,,,,,,,,,,,,,,,,,,,,,,,,,,
rs1405173,,,,,,,,,,,,,,,,,,,,,,,,,,,,,,,,,,,,,,,,,,,
rs2533527,,,,,,,,,,,,,,,,,,,,,,,,,,,,,,,,,,,,,,,,,,,
rs2693401,,,,,,,,,,,,,,,,,,,,,,,,,,,,,,,,,,,,,,,,,,,
rs2693400,,,,,,,,,,,,,,,,,,,,,,,,,,,,,,,,,,,,,,,,,,,
rs2693399,,,,,,,,,,,,,,,,,,,,,,,,,,,,,,,,,,,,,,,,,,,
rs2693398,,,,,,,,,,,,,,,,,,,,,,,,,,,,,,,,,,,,,,,,,,,
rs940965,,,,,,,,,,,,,,,,,,,,,,,,,,,,,,,,,,,,,,,,,,,
rs181471483,0.0,0.0,0.0,0.0,0.0,0.0,0.0,0.0,0.0,0.0,0.0,0.0,0.257,0.257,0.746,0.746,0.0,0.0,1.0,1.0,,0.005,0.005,0.005,,0.005,0.0,,,,,,,,,,,,,1.0,,,1.0
rs344481,,,,,,,,,,,,,,,,,,,,,,,,,,,,,,,,,,,,,,,,,,,
rs344489,,,,,,,,,,,,,,,,,,,,,,,,,,,,,,,,,,,,,,,,,,,
rs190290849,0.0,0.0,0.0,0.0,0.0,0.0,0.0,0.0,0.0,0.0,0.0,0.0,0.257,0.257,0.746,0.746,0.0,0.0,1.0,1.0,,0.005,0.005,0.005,,0.005,0.0,,,,,,,,,,,,,1.0,,,1.0
