,rs8048433,rs8054556,rs8056535,rs4788195,rs7190185,rs7193532,rs12918652,rs11150576,rs11646127,rs4788196,rs7204797,rs4788197,rs4788198,rs4788199,rs4788200,rs4788201,rs6565173,rs4787486,rs4788202,rs4788203,rs55754409,rs12445982,rs9932702,rs9932196,rs9925102,rs11901,rs4318227,rs10871451,rs11150577,rs4283241,rs4583255,rs11642046,rs9925915,rs3814884,rs3814883,rs4788204,rs4787488,rs4787489,rs4077410,rs11150579,rs3814881,rs9924686,rs58217768,rs11649149,rs4788207,rs12921996,rs12931955,rs4788209,rs4788210,rs11150580,rs4787491,rs4788211,rs12928610,rs3814880,rs3935873,rs12921753,rs9972866,rs11863174,rs1140239,rs12933575,rs7191849,rs12325400,rs11649274,rs12935701,rs12444108,rs12596543,rs12598856,rs11642612,rs11150581,rs35605010,rs12325539,rs11150583,rs4788212,rs4788213,rs11544328,rs4238959,rs4238960,rs11150584,rs7204852,rs3814878,rs3814877,rs12446378,rs8043883,rs11642430,rs28567715,rs8054507,rs4788215,rs4788216,rs35467921,rs66467443,rs67218159,rs4788217,rs4787492,rs4788218,rs35105141,rs11642399,rs11642740,rs4788219,rs4788220,rs9939774,rs9932193,rs9928448,rs9783783,rs7201518,rs12447915,rs12445768,rs9932605,rs2278557,rs11644459,rs1352768041,rs397840892,rs8060511,rs3809627,rs12444973,rs73530179,rs9922041,rs7205802,rs62057756,rs56369689
rs8048433,1.0,0.477,0.477,0.477,0.477,0.477,0.477,0.477,0.477,0.477,0.477,0.477,0.477,0.709,0.477,0.477,0.477,0.477,0.477,0.448,0.062,0.477,0.477,0.477,0.477,0.477,0.477,0.477,0.477,0.477,0.477,0.477,0.477,0.477,0.489,0.477,0.709,0.477,0.709,0.477,0.477,0.477,0.709,0.709,0.709,0.477,0.709,0.477,0.477,0.477,0.709,0.709,0.709,0.477,0.477,0.364,0.006,0.709,0.336,0.5,0.519,0.354,0.329,0.329,0.329,0.489,0.321,0.329,0.329,0.489,0.329,0.489,0.489,0.489,0.489,0.489,0.489,0.489,0.489,0.471,0.329,0.489,0.489,0.329,0.489,0.489,0.489,0.489,0.321,0.479,0.489,0.489,0.489,0.321,0.329,0.489,0.321,0.489,0.489,0.321,0.46,0.479,0.359,0.408,0.479,0.479,0.391,0.321,0.479,,,0.408,0.515,0.391,0.408,0.408,,0.314,0.424
rs8054556,0.477,1.0,1.0,1.0,1.0,1.0,1.0,1.0,1.0,1.0,1.0,1.0,1.0,0.68,1.0,1.0,1.0,1.0,1.0,0.941,0.092,1.0,1.0,1.0,1.0,1.0,1.0,1.0,1.0,1.0,1.0,1.0,1.0,1.0,0.922,1.0,0.68,1.0,0.68,1.0,1.0,1.0,0.68,0.68,0.68,1.0,0.68,1.0,1.0,1.0,0.68,0.68,0.68,1.0,1.0,0.718,0.012,0.68,0.694,0.418,0.431,0.713,0.679,0.679,0.679,0.405,0.664,0.679,0.679,0.405,0.679,0.405,0.405,0.405,0.405,0.405,0.405,0.405,0.405,0.393,0.679,0.405,0.405,0.679,0.405,0.405,0.405,0.405,0.664,0.391,0.405,0.405,0.405,0.664,0.679,0.405,0.664,0.405,0.405,0.664,0.379,0.391,0.313,0.345,0.391,0.391,0.334,0.664,0.391,,,0.345,0.188,0.334,0.345,0.345,,0.649,0.161
rs8056535,0.477,1.0,1.0,1.0,1.0,1.0,1.0,1.0,1.0,1.0,1.0,1.0,1.0,0.68,1.0,1.0,1.0,1.0,1.0,0.941,0.092,1.0,1.0,1.0,1.0,1.0,1.0,1.0,1.0,1.0,1.0,1.0,1.0,1.0,0.922,1.0,0.68,1.0,0.68,1.0,1.0,1.0,0.68,0.68,0.68,1.0,0.68,1.0,1.0,1.0,0.68,0.68,0.68,1.0,1.0,0.718,0.012,0.68,0.694,0.418,0.431,0.713,0.679,0.679,0.679,0.405,0.664,0.679,0.679,0.405,0.679,0.405,0.405,0.405,0.405,0.405,0.405,0.405,0.405,0.393,0.679,0.405,0.405,0.679,0.405,0.405,0.405,0.405,0.664,0.391,0.405,0.405,0.405,0.664,0.679,0.405,0.664,0.405,0.405,0.664,0.379,0.391,0.313,0.345,0.391,0.391,0.334,0.664,0.391,,,0.345,0.188,0.334,0.345,0.345,,0.649,0.161
rs4788195,0.477,1.0,1.0,1.0,1.0,1.0,1.0,1.0,1.0,1.0,1.0,1.0,1.0,0.68,1.0,1.0,1.0,1.0,1.0,0.941,0.092,1.0,1.0,1.0,1.0,1.0,1.0,1.0,1.0,1.0,1.0,1.0,1.0,1.0,0.922,1.0,0.68,1.0,0.68,1.0,1.0,1.0,0.68,0.68,0.68,1.0,0.68,1.0,1.0,1.0,0.68,0.68,0.68,1.0,1.0,0.718,0.012,0.68,0.694,0.418,0.431,0.713,0.679,0.679,0.679,0.405,0.664,0.679,0.679,0.405,0.679,0.405,0.405,0.405,0.405,0.405,0.405,0.405,0.405,0.393,0.679,0.405,0.405,0.679,0.405,0.405,0.405,0.405,0.664,0.391,0.405,0.405,0.405,0.664,0.679,0.405,0.664,0.405,0.405,0.664,0.379,0.391,0.313,0.345,0.391,0.391,0.334,0.664,0.391,,,0.345,0.188,0.334,0.345,0.345,,0.649,0.161
rs7190185,0.477,1.0,1.0,1.0,1.0,1.0,1.0,1.0,1.0,1.0,1.0,1.0,1.0,0.68,1.0,1.0,1.0,1.0,1.0,0.941,0.092,1.0,1.0,1.0,1.0,1.0,1.0,1.0,1.0,1.0,1.0,1.0,1.0,1.0,0.922,1.0,0.68,1.0,0.68,1.0,1.0,1.0,0.68,0.68,0.68,1.0,0.68,1.0,1.0,1.0,0.68,0.68,0.68,1.0,1.0,0.718,0.012,0.68,0.694,0.418,0.431,0.713,0.679,0.679,0.679,0.405,0.664,0.679,0.679,0.405,0.679,0.405,0.405,0.405,0.405,0.405,0.405,0.405,0.405,0.393,0.679,0.405,0.405,0.679,0.405,0.405,0.405,0.405,0.664,0.391,0.405,0.405,0.405,0.664,0.679,0.405,0.664,0.405,0.405,0.664,0.379,0.391,0.313,0.345,0.391,0.391,0.334,0.664,0.391,,,0.345,0.188,0.334,0.345,0.345,,0.649,0.161
rs7193532,0.477,1.0,1.0,1.0,1.0,1.0,1.0,1.0,1.0,1.0,1.0,1.0,1.0,0.68,1.0,1.0,1.0,1.0,1.0,0.941,0.092,1.0,1.0,1.0,1.0,1.0,1.0,1.0,1.0,1.0,1.0,1.0,1.0,1.0,0.922,1.0,0.68,1.0,0.68,1.0,1.0,1.0,0.68,0.68,0.68,1.0,0.68,1.0,1.0,1.0,0.68,0.68,0.68,1.0,1.0,0.718,0.012,0.68,0.694,0.418,0.431,0.713,0.679,0.679,0.679,0.405,0.664,0.679,0.679,0.405,0.679,0.405,0.405,0.405,0.405,0.405,0.405,0.405,0.405,0.393,0.679,0.405,0.405,0.679,0.405,0.405,0.405,0.405,0.664,0.391,0.405,0.405,0.405,0.664,0.679,0.405,0.664,0.405,0.405,0.664,0.379,0.391,0.313,0.345,0.391,0.391,0.334,0.664,0.391,,,0.345,0.188,0.334,0.345,0.345,,0.649,0.161
rs12918652,0.477,1.0,1.0,1.0,1.0,1.0,1.0,1.0,1.0,1.0,1.0,1.0,1.0,0.68,1.0,1.0,1.0,1.0,1.0,0.941,0.092,1.0,1.0,1.0,1.0,1.0,1.0,1.0,1.0,1.0,1.0,1.0,1.0,1.0,0.922,1.0,0.68,1.0,0.68,1.0,1.0,1.0,0.68,0.68,0.68,1.0,0.68,1.0,1.0,1.0,0.68,0.68,0.68,1.0,1.0,0.718,0.012,0.68,0.694,0.418,0.431,0.713,0.679,0.679,0.679,0.405,0.664,0.679,0.679,0.405,0.679,0.405,0.405,0.405,0.405,0.405,0.405,0.405,0.405,0.393,0.679,0.405,0.405,0.679,0.405,0.405,0.405,0.405,0.664,0.391,0.405,0.405,0.405,0.664,0.679,0.405,0.664,0.405,0.405,0.664,0.379,0.391,0.313,0.345,0.391,0.391,0.334,0.664,0.391,,,0.345,0.188,0.334,0.345,0.345,,0.649,0.161
rs11150576,0.477,1.0,1.0,1.0,1.0,1.0,1.0,1.0,1.0,1.0,1.0,1.0,1.0,0.68,1.0,1.0,1.0,1.0,1.0,0.941,0.092,1.0,1.0,1.0,1.0,1.0,1.0,1.0,1.0,1.0,1.0,1.0,1.0,1.0,0.922,1.0,0.68,1.0,0.68,1.0,1.0,1.0,0.68,0.68,0.68,1.0,0.68,1.0,1.0,1.0,0.68,0.68,0.68,1.0,1.0,0.718,0.012,0.68,0.694,0.418,0.431,0.713,0.679,0.679,0.679,0.405,0.664,0.679,0.679,0.405,0.679,0.405,0.405,0.405,0.405,0.405,0.405,0.405,0.405,0.393,0.679,0.405,0.405,0.679,0.405,0.405,0.405,0.405,0.664,0.391,0.405,0.405,0.405,0.664,0.679,0.405,0.664,0.405,0.405,0.664,0.379,0.391,0.313,0.345,0.391,0.391,0.334,0.664,0.391,,,0.345,0.188,0.334,0.345,0.345,,0.649,0.161
rs11646127,0.477,1.0,1.0,1.0,1.0,1.0,1.0,1.0,1.0,1.0,1.0,1.0,1.0,0.68,1.0,1.0,1.0,1.0,1.0,0.941,0.092,1.0,1.0,1.0,1.0,1.0,1.0,1.0,1.0,1.0,1.0,1.0,1.0,1.0,0.922,1.0,0.68,1.0,0.68,1.0,1.0,1.0,0.68,0.68,0.68,1.0,0.68,1.0,1.0,1.0,0.68,0.68,0.68,1.0,1.0,0.718,0.012,0.68,0.694,0.418,0.431,0.713,0.679,0.679,0.679,0.405,0.664,0.679,0.679,0.405,0.679,0.405,0.405,0.405,0.405,0.405,0.405,0.405,0.405,0.393,0.679,0.405,0.405,0.679,0.405,0.405,0.405,0.405,0.664,0.391,0.405,0.405,0.405,0.664,0.679,0.405,0.664,0.405,0.405,0.664,0.379,0.391,0.313,0.345,0.391,0.391,0.334,0.664,0.391,,,0.345,0.188,0.334,0.345,0.345,,0.649,0.161
rs4788196,0.477,1.0,1.0,1.0,1.0,1.0,1.0,1.0,1.0,1.0,1.0,1.0,1.0,0.68,1.0,1.0,1.0,1.0,1.0,0.941,0.092,1.0,1.0,1.0,1.0,1.0,1.0,1.0,1.0,1.0,1.0,1.0,1.0,1.0,0.922,1.0,0.68,1.0,0.68,1.0,1.0,1.0,0.68,0.68,0.68,1.0,0.68,1.0,1.0,1.0,0.68,0.68,0.68,1.0,1.0,0.718,0.012,0.68,0.694,0.418,0.431,0.713,0.679,0.679,0.679,0.405,0.664,0.679,0.679,0.405,0.679,0.405,0.405,0.405,0.405,0.405,0.405,0.405,0.405,0.393,0.679,0.405,0.405,0.679,0.405,0.405,0.405,0.405,0.664,0.391,0.405,0.405,0.405,0.664,0.679,0.405,0.664,0.405,0.405,0.664,0.379,0.391,0.313,0.345,0.391,0.391,0.334,0.664,0.391,,,0.345,0.188,0.334,0.345,0.345,,0.649,0.161
rs7204797,0.477,1.0,1.0,1.0,1.0,1.0,1.0,1.0,1.0,1.0,1.0,1.0,1.0,0.68,1.0,1.0,1.0,1.0,1.0,0.941,0.092,1.0,1.0,1.0,1.0,1.0,1.0,1.0,1.0,1.0,1.0,1.0,1.0,1.0,0.922,1.0,0.68,1.0,0.68,1.0,1.0,1.0,0.68,0.68,0.68,1.0,0.68,1.0,1.0,1.0,0.68,0.68,0.68,1.0,1.0,0.718,0.012,0.68,0.694,0.418,0.431,0.713,0.679,0.679,0.679,0.405,0.664,0.679,0.679,0.405,0.679,0.405,0.405,0.405,0.405,0.405,0.405,0.405,0.405,0.393,0.679,0.405,0.405,0.679,0.405,0.405,0.405,0.405,0.664,0.391,0.405,0.405,0.405,0.664,0.679,0.405,0.664,0.405,0.405,0.664,0.379,0.391,0.313,0.345,0.391,0.391,0.334,0.664,0.391,,,0.345,0.188,0.334,0.345,0.345,,0.649,0.161
rs4788197,0.477,1.0,1.0,1.0,1.0,1.0,1.0,1.0,1.0,1.0,1.0,1.0,1.0,0.68,1.0,1.0,1.0,1.0,1.0,0.941,0.092,1.0,1.0,1.0,1.0,1.0,1.0,1.0,1.0,1.0,1.0,1.0,1.0,1.0,0.922,1.0,0.68,1.0,0.68,1.0,1.0,1.0,0.68,0.68,0.68,1.0,0.68,1.0,1.0,1.0,0.68,0.68,0.68,1.0,1.0,0.718,0.012,0.68,0.694,0.418,0.431,0.713,0.679,0.679,0.679,0.405,0.664,0.679,0.679,0.405,0.679,0.405,0.405,0.405,0.405,0.405,0.405,0.405,0.405,0.393,0.679,0.405,0.405,0.679,0.405,0.405,0.405,0.405,0.664,0.391,0.405,0.405,0.405,0.664,0.679,0.405,0.664,0.405,0.405,0.664,0.379,0.391,0.313,0.345,0.391,0.391,0.334,0.664,0.391,,,0.345,0.188,0.334,0.345,0.345,,0.649,0.161
rs4788198,0.477,1.0,1.0,1.0,1.0,1.0,1.0,1.0,1.0,1.0,1.0,1.0,1.0,0.68,1.0,1.0,1.0,1.0,1.0,0.941,0.092,1.0,1.0,1.0,1.0,1.0,1.0,1.0,1.0,1.0,1.0,1.0,1.0,1.0,0.922,1.0,0.68,1.0,0.68,1.0,1.0,1.0,0.68,0.68,0.68,1.0,0.68,1.0,1.0,1.0,0.68,0.68,0.68,1.0,1.0,0.718,0.012,0.68,0.694,0.418,0.431,0.713,0.679,0.679,0.679,0.405,0.664,0.679,0.679,0.405,0.679,0.405,0.405,0.405,0.405,0.405,0.405,0.405,0.405,0.393,0.679,0.405,0.405,0.679,0.405,0.405,0.405,0.405,0.664,0.391,0.405,0.405,0.405,0.664,0.679,0.405,0.664,0.405,0.405,0.664,0.379,0.391,0.313,0.345,0.391,0.391,0.334,0.664,0.391,,,0.345,0.188,0.334,0.345,0.345,,0.649,0.161
rs4788199,0.709,0.68,0.68,0.68,0.68,0.68,0.68,0.68,0.68,0.68,0.68,0.68,0.68,1.0,0.68,0.68,0.68,0.68,0.68,0.64,0.083,0.68,0.68,0.68,0.68,0.68,0.68,0.68,0.68,0.68,0.68,0.68,0.68,0.68,0.604,0.68,1.0,0.68,1.0,0.68,0.68,0.68,1.0,1.0,1.0,0.68,1.0,0.68,0.68,0.68,1.0,1.0,1.0,0.68,0.68,0.488,0.008,1.0,0.462,0.684,0.703,0.48,0.452,0.452,0.452,0.669,0.442,0.452,0.452,0.669,0.452,0.669,0.669,0.669,0.669,0.669,0.669,0.669,0.669,0.651,0.452,0.669,0.669,0.452,0.669,0.669,0.669,0.669,0.442,0.655,0.669,0.669,0.669,0.442,0.452,0.669,0.442,0.669,0.669,0.442,0.636,0.655,0.532,0.582,0.655,0.655,0.565,0.442,0.655,,,0.582,0.334,0.565,0.582,0.582,,0.432,0.277
rs4788200,0.477,1.0,1.0,1.0,1.0,1.0,1.0,1.0,1.0,1.0,1.0,1.0,1.0,0.68,1.0,1.0,1.0,1.0,1.0,0.941,0.092,1.0,1.0,1.0,1.0,1.0,1.0,1.0,1.0,1.0,1.0,1.0,1.0,1.0,0.922,1.0,0.68,1.0,0.68,1.0,1.0,1.0,0.68,0.68,0.68,1.0,0.68,1.0,1.0,1.0,0.68,0.68,0.68,1.0,1.0,0.718,0.012,0.68,0.694,0.418,0.431,0.713,0.679,0.679,0.679,0.405,0.664,0.679,0.679,0.405,0.679,0.405,0.405,0.405,0.405,0.405,0.405,0.405,0.405,0.393,0.679,0.405,0.405,0.679,0.405,0.405,0.405,0.405,0.664,0.391,0.405,0.405,0.405,0.664,0.679,0.405,0.664,0.405,0.405,0.664,0.379,0.391,0.313,0.345,0.391,0.391,0.334,0.664,0.391,,,0.345,0.188,0.334,0.345,0.345,,0.649,0.161
rs4788201,0.477,1.0,1.0,1.0,1.0,1.0,1.0,1.0,1.0,1.0,1.0,1.0,1.0,0.68,1.0,1.0,1.0,1.0,1.0,0.941,0.092,1.0,1.0,1.0,1.0,1.0,1.0,1.0,1.0,1.0,1.0,1.0,1.0,1.0,0.922,1.0,0.68,1.0,0.68,1.0,1.0,1.0,0.68,0.68,0.68,1.0,0.68,1.0,1.0,1.0,0.68,0.68,0.68,1.0,1.0,0.718,0.012,0.68,0.694,0.418,0.431,0.713,0.679,0.679,0.679,0.405,0.664,0.679,0.679,0.405,0.679,0.405,0.405,0.405,0.405,0.405,0.405,0.405,0.405,0.393,0.679,0.405,0.405,0.679,0.405,0.405,0.405,0.405,0.664,0.391,0.405,0.405,0.405,0.664,0.679,0.405,0.664,0.405,0.405,0.664,0.379,0.391,0.313,0.345,0.391,0.391,0.334,0.664,0.391,,,0.345,0.188,0.334,0.345,0.345,,0.649,0.161
rs6565173,0.477,1.0,1.0,1.0,1.0,1.0,1.0,1.0,1.0,1.0,1.0,1.0,1.0,0.68,1.0,1.0,1.0,1.0,1.0,0.941,0.092,1.0,1.0,1.0,1.0,1.0,1.0,1.0,1.0,1.0,1.0,1.0,1.0,1.0,0.922,1.0,0.68,1.0,0.68,1.0,1.0,1.0,0.68,0.68,0.68,1.0,0.68,1.0,1.0,1.0,0.68,0.68,0.68,1.0,1.0,0.718,0.012,0.68,0.694,0.418,0.431,0.713,0.679,0.679,0.679,0.405,0.664,0.679,0.679,0.405,0.679,0.405,0.405,0.405,0.405,0.405,0.405,0.405,0.405,0.393,0.679,0.405,0.405,0.679,0.405,0.405,0.405,0.405,0.664,0.391,0.405,0.405,0.405,0.664,0.679,0.405,0.664,0.405,0.405,0.664,0.379,0.391,0.313,0.345,0.391,0.391,0.334,0.664,0.391,,,0.345,0.188,0.334,0.345,0.345,,0.649,0.161
rs4787486,0.477,1.0,1.0,1.0,1.0,1.0,1.0,1.0,1.0,1.0,1.0,1.0,1.0,0.68,1.0,1.0,1.0,1.0,1.0,0.941,0.092,1.0,1.0,1.0,1.0,1.0,1.0,1.0,1.0,1.0,1.0,1.0,1.0,1.0,0.922,1.0,0.68,1.0,0.68,1.0,1.0,1.0,0.68,0.68,0.68,1.0,0.68,1.0,1.0,1.0,0.68,0.68,0.68,1.0,1.0,0.718,0.012,0.68,0.694,0.418,0.431,0.713,0.679,0.679,0.679,0.405,0.664,0.679,0.679,0.405,0.679,0.405,0.405,0.405,0.405,0.405,0.405,0.405,0.405,0.393,0.679,0.405,0.405,0.679,0.405,0.405,0.405,0.405,0.664,0.391,0.405,0.405,0.405,0.664,0.679,0.405,0.664,0.405,0.405,0.664,0.379,0.391,0.313,0.345,0.391,0.391,0.334,0.664,0.391,,,0.345,0.188,0.334,0.345,0.345,,0.649,0.161
rs4788202,0.477,1.0,1.0,1.0,1.0,1.0,1.0,1.0,1.0,1.0,1.0,1.0,1.0,0.68,1.0,1.0,1.0,1.0,1.0,0.941,0.092,1.0,1.0,1.0,1.0,1.0,1.0,1.0,1.0,1.0,1.0,1.0,1.0,1.0,0.922,1.0,0.68,1.0,0.68,1.0,1.0,1.0,0.68,0.68,0.68,1.0,0.68,1.0,1.0,1.0,0.68,0.68,0.68,1.0,1.0,0.718,0.012,0.68,0.694,0.418,0.431,0.713,0.679,0.679,0.679,0.405,0.664,0.679,0.679,0.405,0.679,0.405,0.405,0.405,0.405,0.405,0.405,0.405,0.405,0.393,0.679,0.405,0.405,0.679,0.405,0.405,0.405,0.405,0.664,0.391,0.405,0.405,0.405,0.664,0.679,0.405,0.664,0.405,0.405,0.664,0.379,0.391,0.313,0.345,0.391,0.391,0.334,0.664,0.391,,,0.345,0.188,0.334,0.345,0.345,,0.649,0.161
rs4788203,0.448,0.941,0.941,0.941,0.941,0.941,0.941,0.941,0.941,0.941,0.941,0.941,0.941,0.64,0.941,0.941,0.941,0.941,0.941,1.0,0.087,0.941,0.941,0.941,0.941,0.941,0.941,0.941,0.941,0.941,0.941,0.941,0.941,0.941,0.868,0.941,0.64,0.941,0.64,0.941,0.941,0.941,0.64,0.64,0.64,0.941,0.64,0.941,0.941,0.941,0.64,0.64,0.64,0.941,0.941,0.657,0.012,0.64,0.637,0.381,0.393,0.655,0.621,0.621,0.621,0.368,0.606,0.621,0.621,0.368,0.621,0.368,0.368,0.368,0.368,0.368,0.368,0.368,0.368,0.357,0.621,0.368,0.368,0.621,0.368,0.368,0.368,0.368,0.606,0.355,0.368,0.368,0.368,0.606,0.621,0.368,0.606,0.368,0.368,0.606,0.343,0.355,0.282,0.312,0.355,0.355,0.302,0.606,0.355,,,0.312,0.168,0.302,0.312,0.312,,0.591,0.144
rs55754409,0.062,0.092,0.092,0.092,0.092,0.092,0.092,0.092,0.092,0.092,0.092,0.092,0.092,0.083,0.092,0.092,0.092,0.092,0.092,0.087,1.0,0.092,0.092,0.092,0.092,0.092,0.092,0.092,0.092,0.092,0.092,0.092,0.092,0.092,0.1,0.092,0.083,0.092,0.083,0.092,0.092,0.092,0.083,0.083,0.083,0.092,0.083,0.092,0.092,0.092,0.083,0.083,0.083,0.092,0.092,0.066,0.001,0.083,0.07,0.089,0.091,0.069,0.069,0.069,0.069,0.091,0.068,0.069,0.069,0.091,0.069,0.091,0.091,0.091,0.091,0.091,0.091,0.091,0.091,0.089,0.069,0.091,0.091,0.069,0.091,0.091,0.091,0.091,0.068,0.093,0.091,0.091,0.091,0.068,0.069,0.091,0.068,0.091,0.091,0.068,0.091,0.093,0.079,0.085,0.093,0.093,0.083,0.068,0.093,,,0.085,0.057,0.083,0.085,0.085,,0.066,0.043
rs12445982,0.477,1.0,1.0,1.0,1.0,1.0,1.0,1.0,1.0,1.0,1.0,1.0,1.0,0.68,1.0,1.0,1.0,1.0,1.0,0.941,0.092,1.0,1.0,1.0,1.0,1.0,1.0,1.0,1.0,1.0,1.0,1.0,1.0,1.0,0.922,1.0,0.68,1.0,0.68,1.0,1.0,1.0,0.68,0.68,0.68,1.0,0.68,1.0,1.0,1.0,0.68,0.68,0.68,1.0,1.0,0.718,0.012,0.68,0.694,0.418,0.431,0.713,0.679,0.679,0.679,0.405,0.664,0.679,0.679,0.405,0.679,0.405,0.405,0.405,0.405,0.405,0.405,0.405,0.405,0.393,0.679,0.405,0.405,0.679,0.405,0.405,0.405,0.405,0.664,0.391,0.405,0.405,0.405,0.664,0.679,0.405,0.664,0.405,0.405,0.664,0.379,0.391,0.313,0.345,0.391,0.391,0.334,0.664,0.391,,,0.345,0.188,0.334,0.345,0.345,,0.649,0.161
rs9932702,0.477,1.0,1.0,1.0,1.0,1.0,1.0,1.0,1.0,1.0,1.0,1.0,1.0,0.68,1.0,1.0,1.0,1.0,1.0,0.941,0.092,1.0,1.0,1.0,1.0,1.0,1.0,1.0,1.0,1.0,1.0,1.0,1.0,1.0,0.922,1.0,0.68,1.0,0.68,1.0,1.0,1.0,0.68,0.68,0.68,1.0,0.68,1.0,1.0,1.0,0.68,0.68,0.68,1.0,1.0,0.718,0.012,0.68,0.694,0.418,0.431,0.713,0.679,0.679,0.679,0.405,0.664,0.679,0.679,0.405,0.679,0.405,0.405,0.405,0.405,0.405,0.405,0.405,0.405,0.393,0.679,0.405,0.405,0.679,0.405,0.405,0.405,0.405,0.664,0.391,0.405,0.405,0.405,0.664,0.679,0.405,0.664,0.405,0.405,0.664,0.379,0.391,0.313,0.345,0.391,0.391,0.334,0.664,0.391,,,0.345,0.188,0.334,0.345,0.345,,0.649,0.161
rs9932196,0.477,1.0,1.0,1.0,1.0,1.0,1.0,1.0,1.0,1.0,1.0,1.0,1.0,0.68,1.0,1.0,1.0,1.0,1.0,0.941,0.092,1.0,1.0,1.0,1.0,1.0,1.0,1.0,1.0,1.0,1.0,1.0,1.0,1.0,0.922,1.0,0.68,1.0,0.68,1.0,1.0,1.0,0.68,0.68,0.68,1.0,0.68,1.0,1.0,1.0,0.68,0.68,0.68,1.0,1.0,0.718,0.012,0.68,0.694,0.418,0.431,0.713,0.679,0.679,0.679,0.405,0.664,0.679,0.679,0.405,0.679,0.405,0.405,0.405,0.405,0.405,0.405,0.405,0.405,0.393,0.679,0.405,0.405,0.679,0.405,0.405,0.405,0.405,0.664,0.391,0.405,0.405,0.405,0.664,0.679,0.405,0.664,0.405,0.405,0.664,0.379,0.391,0.313,0.345,0.391,0.391,0.334,0.664,0.391,,,0.345,0.188,0.334,0.345,0.345,,0.649,0.161
rs9925102,0.477,1.0,1.0,1.0,1.0,1.0,1.0,1.0,1.0,1.0,1.0,1.0,1.0,0.68,1.0,1.0,1.0,1.0,1.0,0.941,0.092,1.0,1.0,1.0,1.0,1.0,1.0,1.0,1.0,1.0,1.0,1.0,1.0,1.0,0.922,1.0,0.68,1.0,0.68,1.0,1.0,1.0,0.68,0.68,0.68,1.0,0.68,1.0,1.0,1.0,0.68,0.68,0.68,1.0,1.0,0.718,0.012,0.68,0.694,0.418,0.431,0.713,0.679,0.679,0.679,0.405,0.664,0.679,0.679,0.405,0.679,0.405,0.405,0.405,0.405,0.405,0.405,0.405,0.405,0.393,0.679,0.405,0.405,0.679,0.405,0.405,0.405,0.405,0.664,0.391,0.405,0.405,0.405,0.664,0.679,0.405,0.664,0.405,0.405,0.664,0.379,0.391,0.313,0.345,0.391,0.391,0.334,0.664,0.391,,,0.345,0.188,0.334,0.345,0.345,,0.649,0.161
rs11901,0.477,1.0,1.0,1.0,1.0,1.0,1.0,1.0,1.0,1.0,1.0,1.0,1.0,0.68,1.0,1.0,1.0,1.0,1.0,0.941,0.092,1.0,1.0,1.0,1.0,1.0,1.0,1.0,1.0,1.0,1.0,1.0,1.0,1.0,0.922,1.0,0.68,1.0,0.68,1.0,1.0,1.0,0.68,0.68,0.68,1.0,0.68,1.0,1.0,1.0,0.68,0.68,0.68,1.0,1.0,0.718,0.012,0.68,0.694,0.418,0.431,0.713,0.679,0.679,0.679,0.405,0.664,0.679,0.679,0.405,0.679,0.405,0.405,0.405,0.405,0.405,0.405,0.405,0.405,0.393,0.679,0.405,0.405,0.679,0.405,0.405,0.405,0.405,0.664,0.391,0.405,0.405,0.405,0.664,0.679,0.405,0.664,0.405,0.405,0.664,0.379,0.391,0.313,0.345,0.391,0.391,0.334,0.664,0.391,,,0.345,0.188,0.334,0.345,0.345,,0.649,0.161
rs4318227,0.477,1.0,1.0,1.0,1.0,1.0,1.0,1.0,1.0,1.0,1.0,1.0,1.0,0.68,1.0,1.0,1.0,1.0,1.0,0.941,0.092,1.0,1.0,1.0,1.0,1.0,1.0,1.0,1.0,1.0,1.0,1.0,1.0,1.0,0.922,1.0,0.68,1.0,0.68,1.0,1.0,1.0,0.68,0.68,0.68,1.0,0.68,1.0,1.0,1.0,0.68,0.68,0.68,1.0,1.0,0.718,0.012,0.68,0.694,0.418,0.431,0.713,0.679,0.679,0.679,0.405,0.664,0.679,0.679,0.405,0.679,0.405,0.405,0.405,0.405,0.405,0.405,0.405,0.405,0.393,0.679,0.405,0.405,0.679,0.405,0.405,0.405,0.405,0.664,0.391,0.405,0.405,0.405,0.664,0.679,0.405,0.664,0.405,0.405,0.664,0.379,0.391,0.313,0.345,0.391,0.391,0.334,0.664,0.391,,,0.345,0.188,0.334,0.345,0.345,,0.649,0.161
rs10871451,0.477,1.0,1.0,1.0,1.0,1.0,1.0,1.0,1.0,1.0,1.0,1.0,1.0,0.68,1.0,1.0,1.0,1.0,1.0,0.941,0.092,1.0,1.0,1.0,1.0,1.0,1.0,1.0,1.0,1.0,1.0,1.0,1.0,1.0,0.922,1.0,0.68,1.0,0.68,1.0,1.0,1.0,0.68,0.68,0.68,1.0,0.68,1.0,1.0,1.0,0.68,0.68,0.68,1.0,1.0,0.718,0.012,0.68,0.694,0.418,0.431,0.713,0.679,0.679,0.679,0.405,0.664,0.679,0.679,0.405,0.679,0.405,0.405,0.405,0.405,0.405,0.405,0.405,0.405,0.393,0.679,0.405,0.405,0.679,0.405,0.405,0.405,0.405,0.664,0.391,0.405,0.405,0.405,0.664,0.679,0.405,0.664,0.405,0.405,0.664,0.379,0.391,0.313,0.345,0.391,0.391,0.334,0.664,0.391,,,0.345,0.188,0.334,0.345,0.345,,0.649,0.161
rs11150577,0.477,1.0,1.0,1.0,1.0,1.0,1.0,1.0,1.0,1.0,1.0,1.0,1.0,0.68,1.0,1.0,1.0,1.0,1.0,0.941,0.092,1.0,1.0,1.0,1.0,1.0,1.0,1.0,1.0,1.0,1.0,1.0,1.0,1.0,0.922,1.0,0.68,1.0,0.68,1.0,1.0,1.0,0.68,0.68,0.68,1.0,0.68,1.0,1.0,1.0,0.68,0.68,0.68,1.0,1.0,0.718,0.012,0.68,0.694,0.418,0.431,0.713,0.679,0.679,0.679,0.405,0.664,0.679,0.679,0.405,0.679,0.405,0.405,0.405,0.405,0.405,0.405,0.405,0.405,0.393,0.679,0.405,0.405,0.679,0.405,0.405,0.405,0.405,0.664,0.391,0.405,0.405,0.405,0.664,0.679,0.405,0.664,0.405,0.405,0.664,0.379,0.391,0.313,0.345,0.391,0.391,0.334,0.664,0.391,,,0.345,0.188,0.334,0.345,0.345,,0.649,0.161
rs4283241,0.477,1.0,1.0,1.0,1.0,1.0,1.0,1.0,1.0,1.0,1.0,1.0,1.0,0.68,1.0,1.0,1.0,1.0,1.0,0.941,0.092,1.0,1.0,1.0,1.0,1.0,1.0,1.0,1.0,1.0,1.0,1.0,1.0,1.0,0.922,1.0,0.68,1.0,0.68,1.0,1.0,1.0,0.68,0.68,0.68,1.0,0.68,1.0,1.0,1.0,0.68,0.68,0.68,1.0,1.0,0.718,0.012,0.68,0.694,0.418,0.431,0.713,0.679,0.679,0.679,0.405,0.664,0.679,0.679,0.405,0.679,0.405,0.405,0.405,0.405,0.405,0.405,0.405,0.405,0.393,0.679,0.405,0.405,0.679,0.405,0.405,0.405,0.405,0.664,0.391,0.405,0.405,0.405,0.664,0.679,0.405,0.664,0.405,0.405,0.664,0.379,0.391,0.313,0.345,0.391,0.391,0.334,0.664,0.391,,,0.345,0.188,0.334,0.345,0.345,,0.649,0.161
rs4583255,0.477,1.0,1.0,1.0,1.0,1.0,1.0,1.0,1.0,1.0,1.0,1.0,1.0,0.68,1.0,1.0,1.0,1.0,1.0,0.941,0.092,1.0,1.0,1.0,1.0,1.0,1.0,1.0,1.0,1.0,1.0,1.0,1.0,1.0,0.922,1.0,0.68,1.0,0.68,1.0,1.0,1.0,0.68,0.68,0.68,1.0,0.68,1.0,1.0,1.0,0.68,0.68,0.68,1.0,1.0,0.718,0.012,0.68,0.694,0.418,0.431,0.713,0.679,0.679,0.679,0.405,0.664,0.679,0.679,0.405,0.679,0.405,0.405,0.405,0.405,0.405,0.405,0.405,0.405,0.393,0.679,0.405,0.405,0.679,0.405,0.405,0.405,0.405,0.664,0.391,0.405,0.405,0.405,0.664,0.679,0.405,0.664,0.405,0.405,0.664,0.379,0.391,0.313,0.345,0.391,0.391,0.334,0.664,0.391,,,0.345,0.188,0.334,0.345,0.345,,0.649,0.161
rs11642046,0.477,1.0,1.0,1.0,1.0,1.0,1.0,1.0,1.0,1.0,1.0,1.0,1.0,0.68,1.0,1.0,1.0,1.0,1.0,0.941,0.092,1.0,1.0,1.0,1.0,1.0,1.0,1.0,1.0,1.0,1.0,1.0,1.0,1.0,0.922,1.0,0.68,1.0,0.68,1.0,1.0,1.0,0.68,0.68,0.68,1.0,0.68,1.0,1.0,1.0,0.68,0.68,0.68,1.0,1.0,0.718,0.012,0.68,0.694,0.418,0.431,0.713,0.679,0.679,0.679,0.405,0.664,0.679,0.679,0.405,0.679,0.405,0.405,0.405,0.405,0.405,0.405,0.405,0.405,0.393,0.679,0.405,0.405,0.679,0.405,0.405,0.405,0.405,0.664,0.391,0.405,0.405,0.405,0.664,0.679,0.405,0.664,0.405,0.405,0.664,0.379,0.391,0.313,0.345,0.391,0.391,0.334,0.664,0.391,,,0.345,0.188,0.334,0.345,0.345,,0.649,0.161
rs9925915,0.477,1.0,1.0,1.0,1.0,1.0,1.0,1.0,1.0,1.0,1.0,1.0,1.0,0.68,1.0,1.0,1.0,1.0,1.0,0.941,0.092,1.0,1.0,1.0,1.0,1.0,1.0,1.0,1.0,1.0,1.0,1.0,1.0,1.0,0.922,1.0,0.68,1.0,0.68,1.0,1.0,1.0,0.68,0.68,0.68,1.0,0.68,1.0,1.0,1.0,0.68,0.68,0.68,1.0,1.0,0.718,0.012,0.68,0.694,0.418,0.431,0.713,0.679,0.679,0.679,0.405,0.664,0.679,0.679,0.405,0.679,0.405,0.405,0.405,0.405,0.405,0.405,0.405,0.405,0.393,0.679,0.405,0.405,0.679,0.405,0.405,0.405,0.405,0.664,0.391,0.405,0.405,0.405,0.664,0.679,0.405,0.664,0.405,0.405,0.664,0.379,0.391,0.313,0.345,0.391,0.391,0.334,0.664,0.391,,,0.345,0.188,0.334,0.345,0.345,,0.649,0.161
rs3814884,0.477,1.0,1.0,1.0,1.0,1.0,1.0,1.0,1.0,1.0,1.0,1.0,1.0,0.68,1.0,1.0,1.0,1.0,1.0,0.941,0.092,1.0,1.0,1.0,1.0,1.0,1.0,1.0,1.0,1.0,1.0,1.0,1.0,1.0,0.922,1.0,0.68,1.0,0.68,1.0,1.0,1.0,0.68,0.68,0.68,1.0,0.68,1.0,1.0,1.0,0.68,0.68,0.68,1.0,1.0,0.718,0.012,0.68,0.694,0.418,0.431,0.713,0.679,0.679,0.679,0.405,0.664,0.679,0.679,0.405,0.679,0.405,0.405,0.405,0.405,0.405,0.405,0.405,0.405,0.393,0.679,0.405,0.405,0.679,0.405,0.405,0.405,0.405,0.664,0.391,0.405,0.405,0.405,0.664,0.679,0.405,0.664,0.405,0.405,0.664,0.379,0.391,0.313,0.345,0.391,0.391,0.334,0.664,0.391,,,0.345,0.188,0.334,0.345,0.345,,0.649,0.161
rs3814883,0.489,0.922,0.922,0.922,0.922,0.922,0.922,0.922,0.922,0.922,0.922,0.922,0.922,0.604,0.922,0.922,0.922,0.922,0.922,0.868,0.1,0.922,0.922,0.922,0.922,0.922,0.922,0.922,0.922,0.922,0.922,0.922,0.922,0.922,1.0,0.922,0.604,0.922,0.604,0.922,0.922,0.922,0.604,0.604,0.604,0.922,0.604,0.922,0.922,0.922,0.604,0.604,0.604,0.922,0.922,0.662,0.011,0.604,0.638,0.367,0.379,0.657,0.624,0.624,0.624,0.355,0.61,0.624,0.624,0.355,0.624,0.355,0.355,0.355,0.355,0.355,0.355,0.355,0.355,0.343,0.624,0.355,0.355,0.624,0.355,0.355,0.355,0.355,0.61,0.343,0.355,0.355,0.355,0.61,0.624,0.355,0.61,0.355,0.355,0.61,0.331,0.343,0.267,0.298,0.343,0.343,0.287,0.61,0.343,,,0.298,0.199,0.287,0.298,0.298,,0.596,0.168
rs4788204,0.477,1.0,1.0,1.0,1.0,1.0,1.0,1.0,1.0,1.0,1.0,1.0,1.0,0.68,1.0,1.0,1.0,1.0,1.0,0.941,0.092,1.0,1.0,1.0,1.0,1.0,1.0,1.0,1.0,1.0,1.0,1.0,1.0,1.0,0.922,1.0,0.68,1.0,0.68,1.0,1.0,1.0,0.68,0.68,0.68,1.0,0.68,1.0,1.0,1.0,0.68,0.68,0.68,1.0,1.0,0.718,0.012,0.68,0.694,0.418,0.431,0.713,0.679,0.679,0.679,0.405,0.664,0.679,0.679,0.405,0.679,0.405,0.405,0.405,0.405,0.405,0.405,0.405,0.405,0.393,0.679,0.405,0.405,0.679,0.405,0.405,0.405,0.405,0.664,0.391,0.405,0.405,0.405,0.664,0.679,0.405,0.664,0.405,0.405,0.664,0.379,0.391,0.313,0.345,0.391,0.391,0.334,0.664,0.391,,,0.345,0.188,0.334,0.345,0.345,,0.649,0.161
rs4787488,0.709,0.68,0.68,0.68,0.68,0.68,0.68,0.68,0.68,0.68,0.68,0.68,0.68,1.0,0.68,0.68,0.68,0.68,0.68,0.64,0.083,0.68,0.68,0.68,0.68,0.68,0.68,0.68,0.68,0.68,0.68,0.68,0.68,0.68,0.604,0.68,1.0,0.68,1.0,0.68,0.68,0.68,1.0,1.0,1.0,0.68,1.0,0.68,0.68,0.68,1.0,1.0,1.0,0.68,0.68,0.488,0.008,1.0,0.462,0.684,0.703,0.48,0.452,0.452,0.452,0.669,0.442,0.452,0.452,0.669,0.452,0.669,0.669,0.669,0.669,0.669,0.669,0.669,0.669,0.651,0.452,0.669,0.669,0.452,0.669,0.669,0.669,0.669,0.442,0.655,0.669,0.669,0.669,0.442,0.452,0.669,0.442,0.669,0.669,0.442,0.636,0.655,0.532,0.582,0.655,0.655,0.565,0.442,0.655,,,0.582,0.334,0.565,0.582,0.582,,0.432,0.277
rs4787489,0.477,1.0,1.0,1.0,1.0,1.0,1.0,1.0,1.0,1.0,1.0,1.0,1.0,0.68,1.0,1.0,1.0,1.0,1.0,0.941,0.092,1.0,1.0,1.0,1.0,1.0,1.0,1.0,1.0,1.0,1.0,1.0,1.0,1.0,0.922,1.0,0.68,1.0,0.68,1.0,1.0,1.0,0.68,0.68,0.68,1.0,0.68,1.0,1.0,1.0,0.68,0.68,0.68,1.0,1.0,0.718,0.012,0.68,0.694,0.418,0.431,0.713,0.679,0.679,0.679,0.405,0.664,0.679,0.679,0.405,0.679,0.405,0.405,0.405,0.405,0.405,0.405,0.405,0.405,0.393,0.679,0.405,0.405,0.679,0.405,0.405,0.405,0.405,0.664,0.391,0.405,0.405,0.405,0.664,0.679,0.405,0.664,0.405,0.405,0.664,0.379,0.391,0.313,0.345,0.391,0.391,0.334,0.664,0.391,,,0.345,0.188,0.334,0.345,0.345,,0.649,0.161
rs4077410,0.709,0.68,0.68,0.68,0.68,0.68,0.68,0.68,0.68,0.68,0.68,0.68,0.68,1.0,0.68,0.68,0.68,0.68,0.68,0.64,0.083,0.68,0.68,0.68,0.68,0.68,0.68,0.68,0.68,0.68,0.68,0.68,0.68,0.68,0.604,0.68,1.0,0.68,1.0,0.68,0.68,0.68,1.0,1.0,1.0,0.68,1.0,0.68,0.68,0.68,1.0,1.0,1.0,0.68,0.68,0.488,0.008,1.0,0.462,0.684,0.703,0.48,0.452,0.452,0.452,0.669,0.442,0.452,0.452,0.669,0.452,0.669,0.669,0.669,0.669,0.669,0.669,0.669,0.669,0.651,0.452,0.669,0.669,0.452,0.669,0.669,0.669,0.669,0.442,0.655,0.669,0.669,0.669,0.442,0.452,0.669,0.442,0.669,0.669,0.442,0.636,0.655,0.532,0.582,0.655,0.655,0.565,0.442,0.655,,,0.582,0.334,0.565,0.582,0.582,,0.432,0.277
rs11150579,0.477,1.0,1.0,1.0,1.0,1.0,1.0,1.0,1.0,1.0,1.0,1.0,1.0,0.68,1.0,1.0,1.0,1.0,1.0,0.941,0.092,1.0,1.0,1.0,1.0,1.0,1.0,1.0,1.0,1.0,1.0,1.0,1.0,1.0,0.922,1.0,0.68,1.0,0.68,1.0,1.0,1.0,0.68,0.68,0.68,1.0,0.68,1.0,1.0,1.0,0.68,0.68,0.68,1.0,1.0,0.718,0.012,0.68,0.694,0.418,0.431,0.713,0.679,0.679,0.679,0.405,0.664,0.679,0.679,0.405,0.679,0.405,0.405,0.405,0.405,0.405,0.405,0.405,0.405,0.393,0.679,0.405,0.405,0.679,0.405,0.405,0.405,0.405,0.664,0.391,0.405,0.405,0.405,0.664,0.679,0.405,0.664,0.405,0.405,0.664,0.379,0.391,0.313,0.345,0.391,0.391,0.334,0.664,0.391,,,0.345,0.188,0.334,0.345,0.345,,0.649,0.161
rs3814881,0.477,1.0,1.0,1.0,1.0,1.0,1.0,1.0,1.0,1.0,1.0,1.0,1.0,0.68,1.0,1.0,1.0,1.0,1.0,0.941,0.092,1.0,1.0,1.0,1.0,1.0,1.0,1.0,1.0,1.0,1.0,1.0,1.0,1.0,0.922,1.0,0.68,1.0,0.68,1.0,1.0,1.0,0.68,0.68,0.68,1.0,0.68,1.0,1.0,1.0,0.68,0.68,0.68,1.0,1.0,0.718,0.012,0.68,0.694,0.418,0.431,0.713,0.679,0.679,0.679,0.405,0.664,0.679,0.679,0.405,0.679,0.405,0.405,0.405,0.405,0.405,0.405,0.405,0.405,0.393,0.679,0.405,0.405,0.679,0.405,0.405,0.405,0.405,0.664,0.391,0.405,0.405,0.405,0.664,0.679,0.405,0.664,0.405,0.405,0.664,0.379,0.391,0.313,0.345,0.391,0.391,0.334,0.664,0.391,,,0.345,0.188,0.334,0.345,0.345,,0.649,0.161
rs9924686,0.477,1.0,1.0,1.0,1.0,1.0,1.0,1.0,1.0,1.0,1.0,1.0,1.0,0.68,1.0,1.0,1.0,1.0,1.0,0.941,0.092,1.0,1.0,1.0,1.0,1.0,1.0,1.0,1.0,1.0,1.0,1.0,1.0,1.0,0.922,1.0,0.68,1.0,0.68,1.0,1.0,1.0,0.68,0.68,0.68,1.0,0.68,1.0,1.0,1.0,0.68,0.68,0.68,1.0,1.0,0.718,0.012,0.68,0.694,0.418,0.431,0.713,0.679,0.679,0.679,0.405,0.664,0.679,0.679,0.405,0.679,0.405,0.405,0.405,0.405,0.405,0.405,0.405,0.405,0.393,0.679,0.405,0.405,0.679,0.405,0.405,0.405,0.405,0.664,0.391,0.405,0.405,0.405,0.664,0.679,0.405,0.664,0.405,0.405,0.664,0.379,0.391,0.313,0.345,0.391,0.391,0.334,0.664,0.391,,,0.345,0.188,0.334,0.345,0.345,,0.649,0.161
rs58217768,0.709,0.68,0.68,0.68,0.68,0.68,0.68,0.68,0.68,0.68,0.68,0.68,0.68,1.0,0.68,0.68,0.68,0.68,0.68,0.64,0.083,0.68,0.68,0.68,0.68,0.68,0.68,0.68,0.68,0.68,0.68,0.68,0.68,0.68,0.604,0.68,1.0,0.68,1.0,0.68,0.68,0.68,1.0,1.0,1.0,0.68,1.0,0.68,0.68,0.68,1.0,1.0,1.0,0.68,0.68,0.488,0.008,1.0,0.462,0.684,0.703,0.48,0.452,0.452,0.452,0.669,0.442,0.452,0.452,0.669,0.452,0.669,0.669,0.669,0.669,0.669,0.669,0.669,0.669,0.651,0.452,0.669,0.669,0.452,0.669,0.669,0.669,0.669,0.442,0.655,0.669,0.669,0.669,0.442,0.452,0.669,0.442,0.669,0.669,0.442,0.636,0.655,0.532,0.582,0.655,0.655,0.565,0.442,0.655,,,0.582,0.334,0.565,0.582,0.582,,0.432,0.277
rs11649149,0.709,0.68,0.68,0.68,0.68,0.68,0.68,0.68,0.68,0.68,0.68,0.68,0.68,1.0,0.68,0.68,0.68,0.68,0.68,0.64,0.083,0.68,0.68,0.68,0.68,0.68,0.68,0.68,0.68,0.68,0.68,0.68,0.68,0.68,0.604,0.68,1.0,0.68,1.0,0.68,0.68,0.68,1.0,1.0,1.0,0.68,1.0,0.68,0.68,0.68,1.0,1.0,1.0,0.68,0.68,0.488,0.008,1.0,0.462,0.684,0.703,0.48,0.452,0.452,0.452,0.669,0.442,0.452,0.452,0.669,0.452,0.669,0.669,0.669,0.669,0.669,0.669,0.669,0.669,0.651,0.452,0.669,0.669,0.452,0.669,0.669,0.669,0.669,0.442,0.655,0.669,0.669,0.669,0.442,0.452,0.669,0.442,0.669,0.669,0.442,0.636,0.655,0.532,0.582,0.655,0.655,0.565,0.442,0.655,,,0.582,0.334,0.565,0.582,0.582,,0.432,0.277
rs4788207,0.709,0.68,0.68,0.68,0.68,0.68,0.68,0.68,0.68,0.68,0.68,0.68,0.68,1.0,0.68,0.68,0.68,0.68,0.68,0.64,0.083,0.68,0.68,0.68,0.68,0.68,0.68,0.68,0.68,0.68,0.68,0.68,0.68,0.68,0.604,0.68,1.0,0.68,1.0,0.68,0.68,0.68,1.0,1.0,1.0,0.68,1.0,0.68,0.68,0.68,1.0,1.0,1.0,0.68,0.68,0.488,0.008,1.0,0.462,0.684,0.703,0.48,0.452,0.452,0.452,0.669,0.442,0.452,0.452,0.669,0.452,0.669,0.669,0.669,0.669,0.669,0.669,0.669,0.669,0.651,0.452,0.669,0.669,0.452,0.669,0.669,0.669,0.669,0.442,0.655,0.669,0.669,0.669,0.442,0.452,0.669,0.442,0.669,0.669,0.442,0.636,0.655,0.532,0.582,0.655,0.655,0.565,0.442,0.655,,,0.582,0.334,0.565,0.582,0.582,,0.432,0.277
rs12921996,0.477,1.0,1.0,1.0,1.0,1.0,1.0,1.0,1.0,1.0,1.0,1.0,1.0,0.68,1.0,1.0,1.0,1.0,1.0,0.941,0.092,1.0,1.0,1.0,1.0,1.0,1.0,1.0,1.0,1.0,1.0,1.0,1.0,1.0,0.922,1.0,0.68,1.0,0.68,1.0,1.0,1.0,0.68,0.68,0.68,1.0,0.68,1.0,1.0,1.0,0.68,0.68,0.68,1.0,1.0,0.718,0.012,0.68,0.694,0.418,0.431,0.713,0.679,0.679,0.679,0.405,0.664,0.679,0.679,0.405,0.679,0.405,0.405,0.405,0.405,0.405,0.405,0.405,0.405,0.393,0.679,0.405,0.405,0.679,0.405,0.405,0.405,0.405,0.664,0.391,0.405,0.405,0.405,0.664,0.679,0.405,0.664,0.405,0.405,0.664,0.379,0.391,0.313,0.345,0.391,0.391,0.334,0.664,0.391,,,0.345,0.188,0.334,0.345,0.345,,0.649,0.161
rs12931955,0.709,0.68,0.68,0.68,0.68,0.68,0.68,0.68,0.68,0.68,0.68,0.68,0.68,1.0,0.68,0.68,0.68,0.68,0.68,0.64,0.083,0.68,0.68,0.68,0.68,0.68,0.68,0.68,0.68,0.68,0.68,0.68,0.68,0.68,0.604,0.68,1.0,0.68,1.0,0.68,0.68,0.68,1.0,1.0,1.0,0.68,1.0,0.68,0.68,0.68,1.0,1.0,1.0,0.68,0.68,0.488,0.008,1.0,0.462,0.684,0.703,0.48,0.452,0.452,0.452,0.669,0.442,0.452,0.452,0.669,0.452,0.669,0.669,0.669,0.669,0.669,0.669,0.669,0.669,0.651,0.452,0.669,0.669,0.452,0.669,0.669,0.669,0.669,0.442,0.655,0.669,0.669,0.669,0.442,0.452,0.669,0.442,0.669,0.669,0.442,0.636,0.655,0.532,0.582,0.655,0.655,0.565,0.442,0.655,,,0.582,0.334,0.565,0.582,0.582,,0.432,0.277
rs4788209,0.477,1.0,1.0,1.0,1.0,1.0,1.0,1.0,1.0,1.0,1.0,1.0,1.0,0.68,1.0,1.0,1.0,1.0,1.0,0.941,0.092,1.0,1.0,1.0,1.0,1.0,1.0,1.0,1.0,1.0,1.0,1.0,1.0,1.0,0.922,1.0,0.68,1.0,0.68,1.0,1.0,1.0,0.68,0.68,0.68,1.0,0.68,1.0,1.0,1.0,0.68,0.68,0.68,1.0,1.0,0.718,0.012,0.68,0.694,0.418,0.431,0.713,0.679,0.679,0.679,0.405,0.664,0.679,0.679,0.405,0.679,0.405,0.405,0.405,0.405,0.405,0.405,0.405,0.405,0.393,0.679,0.405,0.405,0.679,0.405,0.405,0.405,0.405,0.664,0.391,0.405,0.405,0.405,0.664,0.679,0.405,0.664,0.405,0.405,0.664,0.379,0.391,0.313,0.345,0.391,0.391,0.334,0.664,0.391,,,0.345,0.188,0.334,0.345,0.345,,0.649,0.161
rs4788210,0.477,1.0,1.0,1.0,1.0,1.0,1.0,1.0,1.0,1.0,1.0,1.0,1.0,0.68,1.0,1.0,1.0,1.0,1.0,0.941,0.092,1.0,1.0,1.0,1.0,1.0,1.0,1.0,1.0,1.0,1.0,1.0,1.0,1.0,0.922,1.0,0.68,1.0,0.68,1.0,1.0,1.0,0.68,0.68,0.68,1.0,0.68,1.0,1.0,1.0,0.68,0.68,0.68,1.0,1.0,0.718,0.012,0.68,0.694,0.418,0.431,0.713,0.679,0.679,0.679,0.405,0.664,0.679,0.679,0.405,0.679,0.405,0.405,0.405,0.405,0.405,0.405,0.405,0.405,0.393,0.679,0.405,0.405,0.679,0.405,0.405,0.405,0.405,0.664,0.391,0.405,0.405,0.405,0.664,0.679,0.405,0.664,0.405,0.405,0.664,0.379,0.391,0.313,0.345,0.391,0.391,0.334,0.664,0.391,,,0.345,0.188,0.334,0.345,0.345,,0.649,0.161
rs11150580,0.477,1.0,1.0,1.0,1.0,1.0,1.0,1.0,1.0,1.0,1.0,1.0,1.0,0.68,1.0,1.0,1.0,1.0,1.0,0.941,0.092,1.0,1.0,1.0,1.0,1.0,1.0,1.0,1.0,1.0,1.0,1.0,1.0,1.0,0.922,1.0,0.68,1.0,0.68,1.0,1.0,1.0,0.68,0.68,0.68,1.0,0.68,1.0,1.0,1.0,0.68,0.68,0.68,1.0,1.0,0.718,0.012,0.68,0.694,0.418,0.431,0.713,0.679,0.679,0.679,0.405,0.664,0.679,0.679,0.405,0.679,0.405,0.405,0.405,0.405,0.405,0.405,0.405,0.405,0.393,0.679,0.405,0.405,0.679,0.405,0.405,0.405,0.405,0.664,0.391,0.405,0.405,0.405,0.664,0.679,0.405,0.664,0.405,0.405,0.664,0.379,0.391,0.313,0.345,0.391,0.391,0.334,0.664,0.391,,,0.345,0.188,0.334,0.345,0.345,,0.649,0.161
rs4787491,0.709,0.68,0.68,0.68,0.68,0.68,0.68,0.68,0.68,0.68,0.68,0.68,0.68,1.0,0.68,0.68,0.68,0.68,0.68,0.64,0.083,0.68,0.68,0.68,0.68,0.68,0.68,0.68,0.68,0.68,0.68,0.68,0.68,0.68,0.604,0.68,1.0,0.68,1.0,0.68,0.68,0.68,1.0,1.0,1.0,0.68,1.0,0.68,0.68,0.68,1.0,1.0,1.0,0.68,0.68,0.488,0.008,1.0,0.462,0.684,0.703,0.48,0.452,0.452,0.452,0.669,0.442,0.452,0.452,0.669,0.452,0.669,0.669,0.669,0.669,0.669,0.669,0.669,0.669,0.651,0.452,0.669,0.669,0.452,0.669,0.669,0.669,0.669,0.442,0.655,0.669,0.669,0.669,0.442,0.452,0.669,0.442,0.669,0.669,0.442,0.636,0.655,0.532,0.582,0.655,0.655,0.565,0.442,0.655,,,0.582,0.334,0.565,0.582,0.582,,0.432,0.277
rs4788211,0.709,0.68,0.68,0.68,0.68,0.68,0.68,0.68,0.68,0.68,0.68,0.68,0.68,1.0,0.68,0.68,0.68,0.68,0.68,0.64,0.083,0.68,0.68,0.68,0.68,0.68,0.68,0.68,0.68,0.68,0.68,0.68,0.68,0.68,0.604,0.68,1.0,0.68,1.0,0.68,0.68,0.68,1.0,1.0,1.0,0.68,1.0,0.68,0.68,0.68,1.0,1.0,1.0,0.68,0.68,0.488,0.008,1.0,0.462,0.684,0.703,0.48,0.452,0.452,0.452,0.669,0.442,0.452,0.452,0.669,0.452,0.669,0.669,0.669,0.669,0.669,0.669,0.669,0.669,0.651,0.452,0.669,0.669,0.452,0.669,0.669,0.669,0.669,0.442,0.655,0.669,0.669,0.669,0.442,0.452,0.669,0.442,0.669,0.669,0.442,0.636,0.655,0.532,0.582,0.655,0.655,0.565,0.442,0.655,,,0.582,0.334,0.565,0.582,0.582,,0.432,0.277
rs12928610,0.709,0.68,0.68,0.68,0.68,0.68,0.68,0.68,0.68,0.68,0.68,0.68,0.68,1.0,0.68,0.68,0.68,0.68,0.68,0.64,0.083,0.68,0.68,0.68,0.68,0.68,0.68,0.68,0.68,0.68,0.68,0.68,0.68,0.68,0.604,0.68,1.0,0.68,1.0,0.68,0.68,0.68,1.0,1.0,1.0,0.68,1.0,0.68,0.68,0.68,1.0,1.0,1.0,0.68,0.68,0.488,0.008,1.0,0.462,0.684,0.703,0.48,0.452,0.452,0.452,0.669,0.442,0.452,0.452,0.669,0.452,0.669,0.669,0.669,0.669,0.669,0.669,0.669,0.669,0.651,0.452,0.669,0.669,0.452,0.669,0.669,0.669,0.669,0.442,0.655,0.669,0.669,0.669,0.442,0.452,0.669,0.442,0.669,0.669,0.442,0.636,0.655,0.532,0.582,0.655,0.655,0.565,0.442,0.655,,,0.582,0.334,0.565,0.582,0.582,,0.432,0.277
rs3814880,0.477,1.0,1.0,1.0,1.0,1.0,1.0,1.0,1.0,1.0,1.0,1.0,1.0,0.68,1.0,1.0,1.0,1.0,1.0,0.941,0.092,1.0,1.0,1.0,1.0,1.0,1.0,1.0,1.0,1.0,1.0,1.0,1.0,1.0,0.922,1.0,0.68,1.0,0.68,1.0,1.0,1.0,0.68,0.68,0.68,1.0,0.68,1.0,1.0,1.0,0.68,0.68,0.68,1.0,1.0,0.718,0.012,0.68,0.694,0.418,0.431,0.713,0.679,0.679,0.679,0.405,0.664,0.679,0.679,0.405,0.679,0.405,0.405,0.405,0.405,0.405,0.405,0.405,0.405,0.393,0.679,0.405,0.405,0.679,0.405,0.405,0.405,0.405,0.664,0.391,0.405,0.405,0.405,0.664,0.679,0.405,0.664,0.405,0.405,0.664,0.379,0.391,0.313,0.345,0.391,0.391,0.334,0.664,0.391,,,0.345,0.188,0.334,0.345,0.345,,0.649,0.161
rs3935873,0.477,1.0,1.0,1.0,1.0,1.0,1.0,1.0,1.0,1.0,1.0,1.0,1.0,0.68,1.0,1.0,1.0,1.0,1.0,0.941,0.092,1.0,1.0,1.0,1.0,1.0,1.0,1.0,1.0,1.0,1.0,1.0,1.0,1.0,0.922,1.0,0.68,1.0,0.68,1.0,1.0,1.0,0.68,0.68,0.68,1.0,0.68,1.0,1.0,1.0,0.68,0.68,0.68,1.0,1.0,0.718,0.012,0.68,0.694,0.418,0.431,0.713,0.679,0.679,0.679,0.405,0.664,0.679,0.679,0.405,0.679,0.405,0.405,0.405,0.405,0.405,0.405,0.405,0.405,0.393,0.679,0.405,0.405,0.679,0.405,0.405,0.405,0.405,0.664,0.391,0.405,0.405,0.405,0.664,0.679,0.405,0.664,0.405,0.405,0.664,0.379,0.391,0.313,0.345,0.391,0.391,0.334,0.664,0.391,,,0.345,0.188,0.334,0.345,0.345,,0.649,0.161
rs12921753,0.364,0.718,0.718,0.718,0.718,0.718,0.718,0.718,0.718,0.718,0.718,0.718,0.718,0.488,0.718,0.718,0.718,0.718,0.718,0.657,0.066,0.718,0.718,0.718,0.718,0.718,0.718,0.718,0.718,0.718,0.718,0.718,0.718,0.718,0.662,0.718,0.488,0.718,0.488,0.718,0.718,0.718,0.488,0.488,0.488,0.718,0.488,0.718,0.718,0.718,0.488,0.488,0.488,0.718,0.718,1.0,0.016,0.488,0.938,0.649,0.662,0.958,0.917,0.917,0.917,0.629,0.937,0.917,0.917,0.629,0.917,0.629,0.629,0.629,0.629,0.629,0.629,0.629,0.629,0.616,0.917,0.629,0.629,0.917,0.629,0.629,0.629,0.629,0.937,0.609,0.629,0.629,0.629,0.937,0.917,0.629,0.937,0.629,0.629,0.896,0.596,0.609,0.524,0.559,0.609,0.609,0.547,0.896,0.609,,,0.559,0.386,0.547,0.559,0.559,,0.916,0.276
rs9972866,0.006,0.012,0.012,0.012,0.012,0.012,0.012,0.012,0.012,0.012,0.012,0.012,0.012,0.008,0.012,0.012,0.012,0.012,0.012,0.012,0.001,0.012,0.012,0.012,0.012,0.012,0.012,0.012,0.012,0.012,0.012,0.012,0.012,0.012,0.011,0.012,0.008,0.012,0.008,0.012,0.012,0.012,0.008,0.008,0.008,0.012,0.008,0.012,0.012,0.012,0.008,0.008,0.008,0.012,0.012,0.016,1.0,0.008,0.015,0.011,0.011,0.016,0.016,0.016,0.016,0.011,0.016,0.016,0.016,0.011,0.016,0.011,0.011,0.011,0.011,0.011,0.011,0.011,0.011,0.011,0.016,0.011,0.011,0.016,0.011,0.011,0.011,0.011,0.016,0.011,0.011,0.011,0.011,0.016,0.016,0.011,0.016,0.011,0.011,0.016,0.011,0.011,0.01,0.01,0.011,0.011,0.01,0.016,0.011,,,0.01,0.007,0.01,0.01,0.01,,0.016,0.006
rs11863174,0.709,0.68,0.68,0.68,0.68,0.68,0.68,0.68,0.68,0.68,0.68,0.68,0.68,1.0,0.68,0.68,0.68,0.68,0.68,0.64,0.083,0.68,0.68,0.68,0.68,0.68,0.68,0.68,0.68,0.68,0.68,0.68,0.68,0.68,0.604,0.68,1.0,0.68,1.0,0.68,0.68,0.68,1.0,1.0,1.0,0.68,1.0,0.68,0.68,0.68,1.0,1.0,1.0,0.68,0.68,0.488,0.008,1.0,0.462,0.684,0.703,0.48,0.452,0.452,0.452,0.669,0.442,0.452,0.452,0.669,0.452,0.669,0.669,0.669,0.669,0.669,0.669,0.669,0.669,0.651,0.452,0.669,0.669,0.452,0.669,0.669,0.669,0.669,0.442,0.655,0.669,0.669,0.669,0.442,0.452,0.669,0.442,0.669,0.669,0.442,0.636,0.655,0.532,0.582,0.655,0.655,0.565,0.442,0.655,,,0.582,0.334,0.565,0.582,0.582,,0.432,0.277
rs1140239,0.336,0.694,0.694,0.694,0.694,0.694,0.694,0.694,0.694,0.694,0.694,0.694,0.694,0.462,0.694,0.694,0.694,0.694,0.694,0.637,0.07,0.694,0.694,0.694,0.694,0.694,0.694,0.694,0.694,0.694,0.694,0.694,0.694,0.694,0.638,0.694,0.462,0.694,0.462,0.694,0.694,0.694,0.462,0.462,0.462,0.694,0.462,0.694,0.694,0.694,0.462,0.462,0.462,0.694,0.694,0.938,0.015,0.462,1.0,0.691,0.671,0.979,0.938,0.938,0.938,0.638,0.918,0.938,0.938,0.638,0.938,0.638,0.638,0.638,0.638,0.638,0.638,0.638,0.638,0.624,0.938,0.638,0.638,0.938,0.638,0.638,0.638,0.638,0.918,0.619,0.638,0.638,0.638,0.918,0.938,0.638,0.918,0.638,0.638,0.918,0.605,0.619,0.531,0.567,0.619,0.619,0.555,0.918,0.619,,,0.567,0.387,0.555,0.567,0.567,,0.898,0.274
rs12933575,0.5,0.418,0.418,0.418,0.418,0.418,0.418,0.418,0.418,0.418,0.418,0.418,0.418,0.684,0.418,0.418,0.418,0.418,0.418,0.381,0.089,0.418,0.418,0.418,0.418,0.418,0.418,0.418,0.418,0.418,0.418,0.418,0.418,0.418,0.367,0.418,0.684,0.418,0.684,0.418,0.418,0.418,0.684,0.684,0.684,0.418,0.684,0.418,0.418,0.418,0.684,0.684,0.684,0.418,0.418,0.649,0.011,0.684,0.691,1.0,0.98,0.677,0.643,0.643,0.643,0.94,0.629,0.643,0.643,0.94,0.643,0.94,0.94,0.94,0.94,0.94,0.94,0.94,0.94,0.921,0.643,0.94,0.94,0.643,0.94,0.94,0.94,0.94,0.629,0.921,0.94,0.94,0.94,0.629,0.643,0.94,0.629,0.94,0.94,0.629,0.902,0.921,0.792,0.845,0.921,0.921,0.827,0.629,0.921,,,0.845,0.581,0.827,0.845,0.845,,0.616,0.421
rs7191849,0.519,0.431,0.431,0.431,0.431,0.431,0.431,0.431,0.431,0.431,0.431,0.431,0.431,0.703,0.431,0.431,0.431,0.431,0.431,0.393,0.091,0.431,0.431,0.431,0.431,0.431,0.431,0.431,0.431,0.431,0.431,0.431,0.431,0.431,0.379,0.431,0.703,0.431,0.703,0.431,0.431,0.431,0.703,0.703,0.703,0.431,0.703,0.431,0.431,0.431,0.703,0.703,0.703,0.431,0.431,0.662,0.011,0.703,0.671,0.98,1.0,0.691,0.657,0.657,0.657,0.96,0.642,0.657,0.657,0.96,0.657,0.96,0.96,0.96,0.96,0.96,0.96,0.96,0.96,0.94,0.657,0.96,0.96,0.657,0.96,0.96,0.96,0.96,0.642,0.94,0.96,0.96,0.96,0.642,0.657,0.96,0.642,0.96,0.96,0.642,0.921,0.94,0.811,0.864,0.94,0.94,0.846,0.642,0.94,,,0.864,0.6,0.846,0.864,0.864,,0.629,0.411
rs12325400,0.354,0.713,0.713,0.713,0.713,0.713,0.713,0.713,0.713,0.713,0.713,0.713,0.713,0.48,0.713,0.713,0.713,0.713,0.713,0.655,0.069,0.713,0.713,0.713,0.713,0.713,0.713,0.713,0.713,0.713,0.713,0.713,0.713,0.713,0.657,0.713,0.48,0.713,0.48,0.713,0.713,0.713,0.48,0.48,0.48,0.713,0.48,0.713,0.713,0.713,0.48,0.48,0.48,0.713,0.713,0.958,0.016,0.48,0.979,0.677,0.691,1.0,0.958,0.958,0.958,0.657,0.938,0.958,0.958,0.657,0.958,0.657,0.657,0.657,0.657,0.657,0.657,0.657,0.657,0.643,0.958,0.657,0.657,0.958,0.657,0.657,0.657,0.657,0.938,0.637,0.657,0.657,0.657,0.938,0.958,0.657,0.938,0.657,0.657,0.938,0.624,0.637,0.549,0.585,0.637,0.637,0.573,0.938,0.637,,,0.585,0.404,0.573,0.585,0.585,,0.917,0.267
rs11649274,0.329,0.679,0.679,0.679,0.679,0.679,0.679,0.679,0.679,0.679,0.679,0.679,0.679,0.452,0.679,0.679,0.679,0.679,0.679,0.621,0.069,0.679,0.679,0.679,0.679,0.679,0.679,0.679,0.679,0.679,0.679,0.679,0.679,0.679,0.624,0.679,0.452,0.679,0.452,0.679,0.679,0.679,0.452,0.452,0.452,0.679,0.452,0.679,0.679,0.679,0.452,0.452,0.452,0.679,0.679,0.917,0.016,0.452,0.938,0.643,0.657,0.958,1.0,1.0,1.0,0.691,0.979,1.0,1.0,0.691,1.0,0.691,0.691,0.691,0.691,0.691,0.691,0.691,0.691,0.677,1.0,0.691,0.691,1.0,0.691,0.691,0.691,0.691,0.979,0.67,0.691,0.691,0.691,0.979,1.0,0.691,0.979,0.691,0.691,0.979,0.657,0.67,0.58,0.617,0.67,0.67,0.604,0.979,0.67,,,0.617,0.431,0.604,0.617,0.617,,0.958,0.267
rs12935701,0.329,0.679,0.679,0.679,0.679,0.679,0.679,0.679,0.679,0.679,0.679,0.679,0.679,0.452,0.679,0.679,0.679,0.679,0.679,0.621,0.069,0.679,0.679,0.679,0.679,0.679,0.679,0.679,0.679,0.679,0.679,0.679,0.679,0.679,0.624,0.679,0.452,0.679,0.452,0.679,0.679,0.679,0.452,0.452,0.452,0.679,0.452,0.679,0.679,0.679,0.452,0.452,0.452,0.679,0.679,0.917,0.016,0.452,0.938,0.643,0.657,0.958,1.0,1.0,1.0,0.691,0.979,1.0,1.0,0.691,1.0,0.691,0.691,0.691,0.691,0.691,0.691,0.691,0.691,0.677,1.0,0.691,0.691,1.0,0.691,0.691,0.691,0.691,0.979,0.67,0.691,0.691,0.691,0.979,1.0,0.691,0.979,0.691,0.691,0.979,0.657,0.67,0.58,0.617,0.67,0.67,0.604,0.979,0.67,,,0.617,0.431,0.604,0.617,0.617,,0.958,0.267
rs12444108,0.329,0.679,0.679,0.679,0.679,0.679,0.679,0.679,0.679,0.679,0.679,0.679,0.679,0.452,0.679,0.679,0.679,0.679,0.679,0.621,0.069,0.679,0.679,0.679,0.679,0.679,0.679,0.679,0.679,0.679,0.679,0.679,0.679,0.679,0.624,0.679,0.452,0.679,0.452,0.679,0.679,0.679,0.452,0.452,0.452,0.679,0.452,0.679,0.679,0.679,0.452,0.452,0.452,0.679,0.679,0.917,0.016,0.452,0.938,0.643,0.657,0.958,1.0,1.0,1.0,0.691,0.979,1.0,1.0,0.691,1.0,0.691,0.691,0.691,0.691,0.691,0.691,0.691,0.691,0.677,1.0,0.691,0.691,1.0,0.691,0.691,0.691,0.691,0.979,0.67,0.691,0.691,0.691,0.979,1.0,0.691,0.979,0.691,0.691,0.979,0.657,0.67,0.58,0.617,0.67,0.67,0.604,0.979,0.67,,,0.617,0.431,0.604,0.617,0.617,,0.958,0.267
rs12596543,0.489,0.405,0.405,0.405,0.405,0.405,0.405,0.405,0.405,0.405,0.405,0.405,0.405,0.669,0.405,0.405,0.405,0.405,0.405,0.368,0.091,0.405,0.405,0.405,0.405,0.405,0.405,0.405,0.405,0.405,0.405,0.405,0.405,0.405,0.355,0.405,0.669,0.405,0.669,0.405,0.405,0.405,0.669,0.669,0.669,0.405,0.669,0.405,0.405,0.405,0.669,0.669,0.669,0.405,0.405,0.629,0.011,0.669,0.638,0.94,0.96,0.657,0.691,0.691,0.691,1.0,0.676,0.691,0.691,1.0,0.691,1.0,1.0,1.0,1.0,1.0,1.0,1.0,1.0,0.98,0.691,1.0,1.0,0.691,1.0,1.0,1.0,1.0,0.676,0.98,1.0,1.0,1.0,0.676,0.691,1.0,0.676,1.0,1.0,0.676,0.96,0.98,0.848,0.902,0.98,0.98,0.884,0.676,0.98,,,0.902,0.632,0.884,0.902,0.902,,0.662,0.411
rs12598856,0.321,0.664,0.664,0.664,0.664,0.664,0.664,0.664,0.664,0.664,0.664,0.664,0.664,0.442,0.664,0.664,0.664,0.664,0.664,0.606,0.068,0.664,0.664,0.664,0.664,0.664,0.664,0.664,0.664,0.664,0.664,0.664,0.664,0.664,0.61,0.664,0.442,0.664,0.442,0.664,0.664,0.664,0.442,0.442,0.442,0.664,0.442,0.664,0.664,0.664,0.442,0.442,0.442,0.664,0.664,0.937,0.016,0.442,0.918,0.629,0.642,0.938,0.979,0.979,0.979,0.676,1.0,0.979,0.979,0.676,0.979,0.676,0.676,0.676,0.676,0.676,0.676,0.676,0.676,0.663,0.979,0.676,0.676,0.979,0.676,0.676,0.676,0.676,1.0,0.656,0.676,0.676,0.676,1.0,0.979,0.676,1.0,0.676,0.676,0.958,0.642,0.656,0.567,0.604,0.656,0.656,0.591,0.958,0.656,,,0.604,0.422,0.591,0.604,0.604,,0.979,0.283
rs11642612,0.329,0.679,0.679,0.679,0.679,0.679,0.679,0.679,0.679,0.679,0.679,0.679,0.679,0.452,0.679,0.679,0.679,0.679,0.679,0.621,0.069,0.679,0.679,0.679,0.679,0.679,0.679,0.679,0.679,0.679,0.679,0.679,0.679,0.679,0.624,0.679,0.452,0.679,0.452,0.679,0.679,0.679,0.452,0.452,0.452,0.679,0.452,0.679,0.679,0.679,0.452,0.452,0.452,0.679,0.679,0.917,0.016,0.452,0.938,0.643,0.657,0.958,1.0,1.0,1.0,0.691,0.979,1.0,1.0,0.691,1.0,0.691,0.691,0.691,0.691,0.691,0.691,0.691,0.691,0.677,1.0,0.691,0.691,1.0,0.691,0.691,0.691,0.691,0.979,0.67,0.691,0.691,0.691,0.979,1.0,0.691,0.979,0.691,0.691,0.979,0.657,0.67,0.58,0.617,0.67,0.67,0.604,0.979,0.67,,,0.617,0.431,0.604,0.617,0.617,,0.958,0.267
rs11150581,0.329,0.679,0.679,0.679,0.679,0.679,0.679,0.679,0.679,0.679,0.679,0.679,0.679,0.452,0.679,0.679,0.679,0.679,0.679,0.621,0.069,0.679,0.679,0.679,0.679,0.679,0.679,0.679,0.679,0.679,0.679,0.679,0.679,0.679,0.624,0.679,0.452,0.679,0.452,0.679,0.679,0.679,0.452,0.452,0.452,0.679,0.452,0.679,0.679,0.679,0.452,0.452,0.452,0.679,0.679,0.917,0.016,0.452,0.938,0.643,0.657,0.958,1.0,1.0,1.0,0.691,0.979,1.0,1.0,0.691,1.0,0.691,0.691,0.691,0.691,0.691,0.691,0.691,0.691,0.677,1.0,0.691,0.691,1.0,0.691,0.691,0.691,0.691,0.979,0.67,0.691,0.691,0.691,0.979,1.0,0.691,0.979,0.691,0.691,0.979,0.657,0.67,0.58,0.617,0.67,0.67,0.604,0.979,0.67,,,0.617,0.431,0.604,0.617,0.617,,0.958,0.267
rs35605010,0.489,0.405,0.405,0.405,0.405,0.405,0.405,0.405,0.405,0.405,0.405,0.405,0.405,0.669,0.405,0.405,0.405,0.405,0.405,0.368,0.091,0.405,0.405,0.405,0.405,0.405,0.405,0.405,0.405,0.405,0.405,0.405,0.405,0.405,0.355,0.405,0.669,0.405,0.669,0.405,0.405,0.405,0.669,0.669,0.669,0.405,0.669,0.405,0.405,0.405,0.669,0.669,0.669,0.405,0.405,0.629,0.011,0.669,0.638,0.94,0.96,0.657,0.691,0.691,0.691,1.0,0.676,0.691,0.691,1.0,0.691,1.0,1.0,1.0,1.0,1.0,1.0,1.0,1.0,0.98,0.691,1.0,1.0,0.691,1.0,1.0,1.0,1.0,0.676,0.98,1.0,1.0,1.0,0.676,0.691,1.0,0.676,1.0,1.0,0.676,0.96,0.98,0.848,0.902,0.98,0.98,0.884,0.676,0.98,,,0.902,0.632,0.884,0.902,0.902,,0.662,0.411
rs12325539,0.329,0.679,0.679,0.679,0.679,0.679,0.679,0.679,0.679,0.679,0.679,0.679,0.679,0.452,0.679,0.679,0.679,0.679,0.679,0.621,0.069,0.679,0.679,0.679,0.679,0.679,0.679,0.679,0.679,0.679,0.679,0.679,0.679,0.679,0.624,0.679,0.452,0.679,0.452,0.679,0.679,0.679,0.452,0.452,0.452,0.679,0.452,0.679,0.679,0.679,0.452,0.452,0.452,0.679,0.679,0.917,0.016,0.452,0.938,0.643,0.657,0.958,1.0,1.0,1.0,0.691,0.979,1.0,1.0,0.691,1.0,0.691,0.691,0.691,0.691,0.691,0.691,0.691,0.691,0.677,1.0,0.691,0.691,1.0,0.691,0.691,0.691,0.691,0.979,0.67,0.691,0.691,0.691,0.979,1.0,0.691,0.979,0.691,0.691,0.979,0.657,0.67,0.58,0.617,0.67,0.67,0.604,0.979,0.67,,,0.617,0.431,0.604,0.617,0.617,,0.958,0.267
rs11150583,0.489,0.405,0.405,0.405,0.405,0.405,0.405,0.405,0.405,0.405,0.405,0.405,0.405,0.669,0.405,0.405,0.405,0.405,0.405,0.368,0.091,0.405,0.405,0.405,0.405,0.405,0.405,0.405,0.405,0.405,0.405,0.405,0.405,0.405,0.355,0.405,0.669,0.405,0.669,0.405,0.405,0.405,0.669,0.669,0.669,0.405,0.669,0.405,0.405,0.405,0.669,0.669,0.669,0.405,0.405,0.629,0.011,0.669,0.638,0.94,0.96,0.657,0.691,0.691,0.691,1.0,0.676,0.691,0.691,1.0,0.691,1.0,1.0,1.0,1.0,1.0,1.0,1.0,1.0,0.98,0.691,1.0,1.0,0.691,1.0,1.0,1.0,1.0,0.676,0.98,1.0,1.0,1.0,0.676,0.691,1.0,0.676,1.0,1.0,0.676,0.96,0.98,0.848,0.902,0.98,0.98,0.884,0.676,0.98,,,0.902,0.632,0.884,0.902,0.902,,0.662,0.411
rs4788212,0.489,0.405,0.405,0.405,0.405,0.405,0.405,0.405,0.405,0.405,0.405,0.405,0.405,0.669,0.405,0.405,0.405,0.405,0.405,0.368,0.091,0.405,0.405,0.405,0.405,0.405,0.405,0.405,0.405,0.405,0.405,0.405,0.405,0.405,0.355,0.405,0.669,0.405,0.669,0.405,0.405,0.405,0.669,0.669,0.669,0.405,0.669,0.405,0.405,0.405,0.669,0.669,0.669,0.405,0.405,0.629,0.011,0.669,0.638,0.94,0.96,0.657,0.691,0.691,0.691,1.0,0.676,0.691,0.691,1.0,0.691,1.0,1.0,1.0,1.0,1.0,1.0,1.0,1.0,0.98,0.691,1.0,1.0,0.691,1.0,1.0,1.0,1.0,0.676,0.98,1.0,1.0,1.0,0.676,0.691,1.0,0.676,1.0,1.0,0.676,0.96,0.98,0.848,0.902,0.98,0.98,0.884,0.676,0.98,,,0.902,0.632,0.884,0.902,0.902,,0.662,0.411
rs4788213,0.489,0.405,0.405,0.405,0.405,0.405,0.405,0.405,0.405,0.405,0.405,0.405,0.405,0.669,0.405,0.405,0.405,0.405,0.405,0.368,0.091,0.405,0.405,0.405,0.405,0.405,0.405,0.405,0.405,0.405,0.405,0.405,0.405,0.405,0.355,0.405,0.669,0.405,0.669,0.405,0.405,0.405,0.669,0.669,0.669,0.405,0.669,0.405,0.405,0.405,0.669,0.669,0.669,0.405,0.405,0.629,0.011,0.669,0.638,0.94,0.96,0.657,0.691,0.691,0.691,1.0,0.676,0.691,0.691,1.0,0.691,1.0,1.0,1.0,1.0,1.0,1.0,1.0,1.0,0.98,0.691,1.0,1.0,0.691,1.0,1.0,1.0,1.0,0.676,0.98,1.0,1.0,1.0,0.676,0.691,1.0,0.676,1.0,1.0,0.676,0.96,0.98,0.848,0.902,0.98,0.98,0.884,0.676,0.98,,,0.902,0.632,0.884,0.902,0.902,,0.662,0.411
rs11544328,0.489,0.405,0.405,0.405,0.405,0.405,0.405,0.405,0.405,0.405,0.405,0.405,0.405,0.669,0.405,0.405,0.405,0.405,0.405,0.368,0.091,0.405,0.405,0.405,0.405,0.405,0.405,0.405,0.405,0.405,0.405,0.405,0.405,0.405,0.355,0.405,0.669,0.405,0.669,0.405,0.405,0.405,0.669,0.669,0.669,0.405,0.669,0.405,0.405,0.405,0.669,0.669,0.669,0.405,0.405,0.629,0.011,0.669,0.638,0.94,0.96,0.657,0.691,0.691,0.691,1.0,0.676,0.691,0.691,1.0,0.691,1.0,1.0,1.0,1.0,1.0,1.0,1.0,1.0,0.98,0.691,1.0,1.0,0.691,1.0,1.0,1.0,1.0,0.676,0.98,1.0,1.0,1.0,0.676,0.691,1.0,0.676,1.0,1.0,0.676,0.96,0.98,0.848,0.902,0.98,0.98,0.884,0.676,0.98,,,0.902,0.632,0.884,0.902,0.902,,0.662,0.411
rs4238959,0.489,0.405,0.405,0.405,0.405,0.405,0.405,0.405,0.405,0.405,0.405,0.405,0.405,0.669,0.405,0.405,0.405,0.405,0.405,0.368,0.091,0.405,0.405,0.405,0.405,0.405,0.405,0.405,0.405,0.405,0.405,0.405,0.405,0.405,0.355,0.405,0.669,0.405,0.669,0.405,0.405,0.405,0.669,0.669,0.669,0.405,0.669,0.405,0.405,0.405,0.669,0.669,0.669,0.405,0.405,0.629,0.011,0.669,0.638,0.94,0.96,0.657,0.691,0.691,0.691,1.0,0.676,0.691,0.691,1.0,0.691,1.0,1.0,1.0,1.0,1.0,1.0,1.0,1.0,0.98,0.691,1.0,1.0,0.691,1.0,1.0,1.0,1.0,0.676,0.98,1.0,1.0,1.0,0.676,0.691,1.0,0.676,1.0,1.0,0.676,0.96,0.98,0.848,0.902,0.98,0.98,0.884,0.676,0.98,,,0.902,0.632,0.884,0.902,0.902,,0.662,0.411
rs4238960,0.489,0.405,0.405,0.405,0.405,0.405,0.405,0.405,0.405,0.405,0.405,0.405,0.405,0.669,0.405,0.405,0.405,0.405,0.405,0.368,0.091,0.405,0.405,0.405,0.405,0.405,0.405,0.405,0.405,0.405,0.405,0.405,0.405,0.405,0.355,0.405,0.669,0.405,0.669,0.405,0.405,0.405,0.669,0.669,0.669,0.405,0.669,0.405,0.405,0.405,0.669,0.669,0.669,0.405,0.405,0.629,0.011,0.669,0.638,0.94,0.96,0.657,0.691,0.691,0.691,1.0,0.676,0.691,0.691,1.0,0.691,1.0,1.0,1.0,1.0,1.0,1.0,1.0,1.0,0.98,0.691,1.0,1.0,0.691,1.0,1.0,1.0,1.0,0.676,0.98,1.0,1.0,1.0,0.676,0.691,1.0,0.676,1.0,1.0,0.676,0.96,0.98,0.848,0.902,0.98,0.98,0.884,0.676,0.98,,,0.902,0.632,0.884,0.902,0.902,,0.662,0.411
rs11150584,0.489,0.405,0.405,0.405,0.405,0.405,0.405,0.405,0.405,0.405,0.405,0.405,0.405,0.669,0.405,0.405,0.405,0.405,0.405,0.368,0.091,0.405,0.405,0.405,0.405,0.405,0.405,0.405,0.405,0.405,0.405,0.405,0.405,0.405,0.355,0.405,0.669,0.405,0.669,0.405,0.405,0.405,0.669,0.669,0.669,0.405,0.669,0.405,0.405,0.405,0.669,0.669,0.669,0.405,0.405,0.629,0.011,0.669,0.638,0.94,0.96,0.657,0.691,0.691,0.691,1.0,0.676,0.691,0.691,1.0,0.691,1.0,1.0,1.0,1.0,1.0,1.0,1.0,1.0,0.98,0.691,1.0,1.0,0.691,1.0,1.0,1.0,1.0,0.676,0.98,1.0,1.0,1.0,0.676,0.691,1.0,0.676,1.0,1.0,0.676,0.96,0.98,0.848,0.902,0.98,0.98,0.884,0.676,0.98,,,0.902,0.632,0.884,0.902,0.902,,0.662,0.411
rs7204852,0.489,0.405,0.405,0.405,0.405,0.405,0.405,0.405,0.405,0.405,0.405,0.405,0.405,0.669,0.405,0.405,0.405,0.405,0.405,0.368,0.091,0.405,0.405,0.405,0.405,0.405,0.405,0.405,0.405,0.405,0.405,0.405,0.405,0.405,0.355,0.405,0.669,0.405,0.669,0.405,0.405,0.405,0.669,0.669,0.669,0.405,0.669,0.405,0.405,0.405,0.669,0.669,0.669,0.405,0.405,0.629,0.011,0.669,0.638,0.94,0.96,0.657,0.691,0.691,0.691,1.0,0.676,0.691,0.691,1.0,0.691,1.0,1.0,1.0,1.0,1.0,1.0,1.0,1.0,0.98,0.691,1.0,1.0,0.691,1.0,1.0,1.0,1.0,0.676,0.98,1.0,1.0,1.0,0.676,0.691,1.0,0.676,1.0,1.0,0.676,0.96,0.98,0.848,0.902,0.98,0.98,0.884,0.676,0.98,,,0.902,0.632,0.884,0.902,0.902,,0.662,0.411
rs3814878,0.471,0.393,0.393,0.393,0.393,0.393,0.393,0.393,0.393,0.393,0.393,0.393,0.393,0.651,0.393,0.393,0.393,0.393,0.393,0.357,0.089,0.393,0.393,0.393,0.393,0.393,0.393,0.393,0.393,0.393,0.393,0.393,0.393,0.393,0.343,0.393,0.651,0.393,0.651,0.393,0.393,0.393,0.651,0.651,0.651,0.393,0.651,0.393,0.393,0.393,0.651,0.651,0.651,0.393,0.393,0.616,0.011,0.651,0.624,0.921,0.94,0.643,0.677,0.677,0.677,0.98,0.663,0.677,0.677,0.98,0.677,0.98,0.98,0.98,0.98,0.98,0.98,0.98,0.98,1.0,0.677,0.98,0.98,0.677,0.98,0.98,0.98,0.98,0.663,0.96,0.98,0.98,0.98,0.663,0.677,0.98,0.663,0.98,0.98,0.663,0.98,0.96,0.829,0.883,0.96,0.96,0.902,0.663,0.96,,,0.883,0.613,0.902,0.883,0.883,,0.649,0.421
rs3814877,0.329,0.679,0.679,0.679,0.679,0.679,0.679,0.679,0.679,0.679,0.679,0.679,0.679,0.452,0.679,0.679,0.679,0.679,0.679,0.621,0.069,0.679,0.679,0.679,0.679,0.679,0.679,0.679,0.679,0.679,0.679,0.679,0.679,0.679,0.624,0.679,0.452,0.679,0.452,0.679,0.679,0.679,0.452,0.452,0.452,0.679,0.452,0.679,0.679,0.679,0.452,0.452,0.452,0.679,0.679,0.917,0.016,0.452,0.938,0.643,0.657,0.958,1.0,1.0,1.0,0.691,0.979,1.0,1.0,0.691,1.0,0.691,0.691,0.691,0.691,0.691,0.691,0.691,0.691,0.677,1.0,0.691,0.691,1.0,0.691,0.691,0.691,0.691,0.979,0.67,0.691,0.691,0.691,0.979,1.0,0.691,0.979,0.691,0.691,0.979,0.657,0.67,0.58,0.617,0.67,0.67,0.604,0.979,0.67,,,0.617,0.431,0.604,0.617,0.617,,0.958,0.267
rs12446378,0.489,0.405,0.405,0.405,0.405,0.405,0.405,0.405,0.405,0.405,0.405,0.405,0.405,0.669,0.405,0.405,0.405,0.405,0.405,0.368,0.091,0.405,0.405,0.405,0.405,0.405,0.405,0.405,0.405,0.405,0.405,0.405,0.405,0.405,0.355,0.405,0.669,0.405,0.669,0.405,0.405,0.405,0.669,0.669,0.669,0.405,0.669,0.405,0.405,0.405,0.669,0.669,0.669,0.405,0.405,0.629,0.011,0.669,0.638,0.94,0.96,0.657,0.691,0.691,0.691,1.0,0.676,0.691,0.691,1.0,0.691,1.0,1.0,1.0,1.0,1.0,1.0,1.0,1.0,0.98,0.691,1.0,1.0,0.691,1.0,1.0,1.0,1.0,0.676,0.98,1.0,1.0,1.0,0.676,0.691,1.0,0.676,1.0,1.0,0.676,0.96,0.98,0.848,0.902,0.98,0.98,0.884,0.676,0.98,,,0.902,0.632,0.884,0.902,0.902,,0.662,0.411
rs8043883,0.489,0.405,0.405,0.405,0.405,0.405,0.405,0.405,0.405,0.405,0.405,0.405,0.405,0.669,0.405,0.405,0.405,0.405,0.405,0.368,0.091,0.405,0.405,0.405,0.405,0.405,0.405,0.405,0.405,0.405,0.405,0.405,0.405,0.405,0.355,0.405,0.669,0.405,0.669,0.405,0.405,0.405,0.669,0.669,0.669,0.405,0.669,0.405,0.405,0.405,0.669,0.669,0.669,0.405,0.405,0.629,0.011,0.669,0.638,0.94,0.96,0.657,0.691,0.691,0.691,1.0,0.676,0.691,0.691,1.0,0.691,1.0,1.0,1.0,1.0,1.0,1.0,1.0,1.0,0.98,0.691,1.0,1.0,0.691,1.0,1.0,1.0,1.0,0.676,0.98,1.0,1.0,1.0,0.676,0.691,1.0,0.676,1.0,1.0,0.676,0.96,0.98,0.848,0.902,0.98,0.98,0.884,0.676,0.98,,,0.902,0.632,0.884,0.902,0.902,,0.662,0.411
rs11642430,0.329,0.679,0.679,0.679,0.679,0.679,0.679,0.679,0.679,0.679,0.679,0.679,0.679,0.452,0.679,0.679,0.679,0.679,0.679,0.621,0.069,0.679,0.679,0.679,0.679,0.679,0.679,0.679,0.679,0.679,0.679,0.679,0.679,0.679,0.624,0.679,0.452,0.679,0.452,0.679,0.679,0.679,0.452,0.452,0.452,0.679,0.452,0.679,0.679,0.679,0.452,0.452,0.452,0.679,0.679,0.917,0.016,0.452,0.938,0.643,0.657,0.958,1.0,1.0,1.0,0.691,0.979,1.0,1.0,0.691,1.0,0.691,0.691,0.691,0.691,0.691,0.691,0.691,0.691,0.677,1.0,0.691,0.691,1.0,0.691,0.691,0.691,0.691,0.979,0.67,0.691,0.691,0.691,0.979,1.0,0.691,0.979,0.691,0.691,0.979,0.657,0.67,0.58,0.617,0.67,0.67,0.604,0.979,0.67,,,0.617,0.431,0.604,0.617,0.617,,0.958,0.267
rs28567715,0.489,0.405,0.405,0.405,0.405,0.405,0.405,0.405,0.405,0.405,0.405,0.405,0.405,0.669,0.405,0.405,0.405,0.405,0.405,0.368,0.091,0.405,0.405,0.405,0.405,0.405,0.405,0.405,0.405,0.405,0.405,0.405,0.405,0.405,0.355,0.405,0.669,0.405,0.669,0.405,0.405,0.405,0.669,0.669,0.669,0.405,0.669,0.405,0.405,0.405,0.669,0.669,0.669,0.405,0.405,0.629,0.011,0.669,0.638,0.94,0.96,0.657,0.691,0.691,0.691,1.0,0.676,0.691,0.691,1.0,0.691,1.0,1.0,1.0,1.0,1.0,1.0,1.0,1.0,0.98,0.691,1.0,1.0,0.691,1.0,1.0,1.0,1.0,0.676,0.98,1.0,1.0,1.0,0.676,0.691,1.0,0.676,1.0,1.0,0.676,0.96,0.98,0.848,0.902,0.98,0.98,0.884,0.676,0.98,,,0.902,0.632,0.884,0.902,0.902,,0.662,0.411
rs8054507,0.489,0.405,0.405,0.405,0.405,0.405,0.405,0.405,0.405,0.405,0.405,0.405,0.405,0.669,0.405,0.405,0.405,0.405,0.405,0.368,0.091,0.405,0.405,0.405,0.405,0.405,0.405,0.405,0.405,0.405,0.405,0.405,0.405,0.405,0.355,0.405,0.669,0.405,0.669,0.405,0.405,0.405,0.669,0.669,0.669,0.405,0.669,0.405,0.405,0.405,0.669,0.669,0.669,0.405,0.405,0.629,0.011,0.669,0.638,0.94,0.96,0.657,0.691,0.691,0.691,1.0,0.676,0.691,0.691,1.0,0.691,1.0,1.0,1.0,1.0,1.0,1.0,1.0,1.0,0.98,0.691,1.0,1.0,0.691,1.0,1.0,1.0,1.0,0.676,0.98,1.0,1.0,1.0,0.676,0.691,1.0,0.676,1.0,1.0,0.676,0.96,0.98,0.848,0.902,0.98,0.98,0.884,0.676,0.98,,,0.902,0.632,0.884,0.902,0.902,,0.662,0.411
rs4788215,0.489,0.405,0.405,0.405,0.405,0.405,0.405,0.405,0.405,0.405,0.405,0.405,0.405,0.669,0.405,0.405,0.405,0.405,0.405,0.368,0.091,0.405,0.405,0.405,0.405,0.405,0.405,0.405,0.405,0.405,0.405,0.405,0.405,0.405,0.355,0.405,0.669,0.405,0.669,0.405,0.405,0.405,0.669,0.669,0.669,0.405,0.669,0.405,0.405,0.405,0.669,0.669,0.669,0.405,0.405,0.629,0.011,0.669,0.638,0.94,0.96,0.657,0.691,0.691,0.691,1.0,0.676,0.691,0.691,1.0,0.691,1.0,1.0,1.0,1.0,1.0,1.0,1.0,1.0,0.98,0.691,1.0,1.0,0.691,1.0,1.0,1.0,1.0,0.676,0.98,1.0,1.0,1.0,0.676,0.691,1.0,0.676,1.0,1.0,0.676,0.96,0.98,0.848,0.902,0.98,0.98,0.884,0.676,0.98,,,0.902,0.632,0.884,0.902,0.902,,0.662,0.411
rs4788216,0.489,0.405,0.405,0.405,0.405,0.405,0.405,0.405,0.405,0.405,0.405,0.405,0.405,0.669,0.405,0.405,0.405,0.405,0.405,0.368,0.091,0.405,0.405,0.405,0.405,0.405,0.405,0.405,0.405,0.405,0.405,0.405,0.405,0.405,0.355,0.405,0.669,0.405,0.669,0.405,0.405,0.405,0.669,0.669,0.669,0.405,0.669,0.405,0.405,0.405,0.669,0.669,0.669,0.405,0.405,0.629,0.011,0.669,0.638,0.94,0.96,0.657,0.691,0.691,0.691,1.0,0.676,0.691,0.691,1.0,0.691,1.0,1.0,1.0,1.0,1.0,1.0,1.0,1.0,0.98,0.691,1.0,1.0,0.691,1.0,1.0,1.0,1.0,0.676,0.98,1.0,1.0,1.0,0.676,0.691,1.0,0.676,1.0,1.0,0.676,0.96,0.98,0.848,0.902,0.98,0.98,0.884,0.676,0.98,,,0.902,0.632,0.884,0.902,0.902,,0.662,0.411
rs35467921,0.321,0.664,0.664,0.664,0.664,0.664,0.664,0.664,0.664,0.664,0.664,0.664,0.664,0.442,0.664,0.664,0.664,0.664,0.664,0.606,0.068,0.664,0.664,0.664,0.664,0.664,0.664,0.664,0.664,0.664,0.664,0.664,0.664,0.664,0.61,0.664,0.442,0.664,0.442,0.664,0.664,0.664,0.442,0.442,0.442,0.664,0.442,0.664,0.664,0.664,0.442,0.442,0.442,0.664,0.664,0.937,0.016,0.442,0.918,0.629,0.642,0.938,0.979,0.979,0.979,0.676,1.0,0.979,0.979,0.676,0.979,0.676,0.676,0.676,0.676,0.676,0.676,0.676,0.676,0.663,0.979,0.676,0.676,0.979,0.676,0.676,0.676,0.676,1.0,0.656,0.676,0.676,0.676,1.0,0.979,0.676,1.0,0.676,0.676,0.958,0.642,0.656,0.567,0.604,0.656,0.656,0.591,0.958,0.656,,,0.604,0.422,0.591,0.604,0.604,,0.979,0.283
rs66467443,0.479,0.391,0.391,0.391,0.391,0.391,0.391,0.391,0.391,0.391,0.391,0.391,0.391,0.655,0.391,0.391,0.391,0.391,0.391,0.355,0.093,0.391,0.391,0.391,0.391,0.391,0.391,0.391,0.391,0.391,0.391,0.391,0.391,0.391,0.343,0.391,0.655,0.391,0.655,0.391,0.391,0.391,0.655,0.655,0.655,0.391,0.655,0.391,0.391,0.391,0.655,0.655,0.655,0.391,0.391,0.609,0.011,0.655,0.619,0.921,0.94,0.637,0.67,0.67,0.67,0.98,0.656,0.67,0.67,0.98,0.67,0.98,0.98,0.98,0.98,0.98,0.98,0.98,0.98,0.96,0.67,0.98,0.98,0.67,0.98,0.98,0.98,0.98,0.656,1.0,0.98,0.98,0.98,0.656,0.67,0.98,0.656,0.98,0.98,0.656,0.94,0.96,0.831,0.884,0.96,0.96,0.866,0.656,0.96,,,0.884,0.619,0.866,0.884,0.884,,0.642,0.402
rs67218159,0.489,0.405,0.405,0.405,0.405,0.405,0.405,0.405,0.405,0.405,0.405,0.405,0.405,0.669,0.405,0.405,0.405,0.405,0.405,0.368,0.091,0.405,0.405,0.405,0.405,0.405,0.405,0.405,0.405,0.405,0.405,0.405,0.405,0.405,0.355,0.405,0.669,0.405,0.669,0.405,0.405,0.405,0.669,0.669,0.669,0.405,0.669,0.405,0.405,0.405,0.669,0.669,0.669,0.405,0.405,0.629,0.011,0.669,0.638,0.94,0.96,0.657,0.691,0.691,0.691,1.0,0.676,0.691,0.691,1.0,0.691,1.0,1.0,1.0,1.0,1.0,1.0,1.0,1.0,0.98,0.691,1.0,1.0,0.691,1.0,1.0,1.0,1.0,0.676,0.98,1.0,1.0,1.0,0.676,0.691,1.0,0.676,1.0,1.0,0.676,0.96,0.98,0.848,0.902,0.98,0.98,0.884,0.676,0.98,,,0.902,0.632,0.884,0.902,0.902,,0.662,0.411
rs4788217,0.489,0.405,0.405,0.405,0.405,0.405,0.405,0.405,0.405,0.405,0.405,0.405,0.405,0.669,0.405,0.405,0.405,0.405,0.405,0.368,0.091,0.405,0.405,0.405,0.405,0.405,0.405,0.405,0.405,0.405,0.405,0.405,0.405,0.405,0.355,0.405,0.669,0.405,0.669,0.405,0.405,0.405,0.669,0.669,0.669,0.405,0.669,0.405,0.405,0.405,0.669,0.669,0.669,0.405,0.405,0.629,0.011,0.669,0.638,0.94,0.96,0.657,0.691,0.691,0.691,1.0,0.676,0.691,0.691,1.0,0.691,1.0,1.0,1.0,1.0,1.0,1.0,1.0,1.0,0.98,0.691,1.0,1.0,0.691,1.0,1.0,1.0,1.0,0.676,0.98,1.0,1.0,1.0,0.676,0.691,1.0,0.676,1.0,1.0,0.676,0.96,0.98,0.848,0.902,0.98,0.98,0.884,0.676,0.98,,,0.902,0.632,0.884,0.902,0.902,,0.662,0.411
rs4787492,0.489,0.405,0.405,0.405,0.405,0.405,0.405,0.405,0.405,0.405,0.405,0.405,0.405,0.669,0.405,0.405,0.405,0.405,0.405,0.368,0.091,0.405,0.405,0.405,0.405,0.405,0.405,0.405,0.405,0.405,0.405,0.405,0.405,0.405,0.355,0.405,0.669,0.405,0.669,0.405,0.405,0.405,0.669,0.669,0.669,0.405,0.669,0.405,0.405,0.405,0.669,0.669,0.669,0.405,0.405,0.629,0.011,0.669,0.638,0.94,0.96,0.657,0.691,0.691,0.691,1.0,0.676,0.691,0.691,1.0,0.691,1.0,1.0,1.0,1.0,1.0,1.0,1.0,1.0,0.98,0.691,1.0,1.0,0.691,1.0,1.0,1.0,1.0,0.676,0.98,1.0,1.0,1.0,0.676,0.691,1.0,0.676,1.0,1.0,0.676,0.96,0.98,0.848,0.902,0.98,0.98,0.884,0.676,0.98,,,0.902,0.632,0.884,0.902,0.902,,0.662,0.411
rs4788218,0.321,0.664,0.664,0.664,0.664,0.664,0.664,0.664,0.664,0.664,0.664,0.664,0.664,0.442,0.664,0.664,0.664,0.664,0.664,0.606,0.068,0.664,0.664,0.664,0.664,0.664,0.664,0.664,0.664,0.664,0.664,0.664,0.664,0.664,0.61,0.664,0.442,0.664,0.442,0.664,0.664,0.664,0.442,0.442,0.442,0.664,0.442,0.664,0.664,0.664,0.442,0.442,0.442,0.664,0.664,0.937,0.016,0.442,0.918,0.629,0.642,0.938,0.979,0.979,0.979,0.676,1.0,0.979,0.979,0.676,0.979,0.676,0.676,0.676,0.676,0.676,0.676,0.676,0.676,0.663,0.979,0.676,0.676,0.979,0.676,0.676,0.676,0.676,1.0,0.656,0.676,0.676,0.676,1.0,0.979,0.676,1.0,0.676,0.676,0.958,0.642,0.656,0.567,0.604,0.656,0.656,0.591,0.958,0.656,,,0.604,0.422,0.591,0.604,0.604,,0.979,0.283
rs35105141,0.329,0.679,0.679,0.679,0.679,0.679,0.679,0.679,0.679,0.679,0.679,0.679,0.679,0.452,0.679,0.679,0.679,0.679,0.679,0.621,0.069,0.679,0.679,0.679,0.679,0.679,0.679,0.679,0.679,0.679,0.679,0.679,0.679,0.679,0.624,0.679,0.452,0.679,0.452,0.679,0.679,0.679,0.452,0.452,0.452,0.679,0.452,0.679,0.679,0.679,0.452,0.452,0.452,0.679,0.679,0.917,0.016,0.452,0.938,0.643,0.657,0.958,1.0,1.0,1.0,0.691,0.979,1.0,1.0,0.691,1.0,0.691,0.691,0.691,0.691,0.691,0.691,0.691,0.691,0.677,1.0,0.691,0.691,1.0,0.691,0.691,0.691,0.691,0.979,0.67,0.691,0.691,0.691,0.979,1.0,0.691,0.979,0.691,0.691,0.979,0.657,0.67,0.58,0.617,0.67,0.67,0.604,0.979,0.67,,,0.617,0.431,0.604,0.617,0.617,,0.958,0.267
rs11642399,0.489,0.405,0.405,0.405,0.405,0.405,0.405,0.405,0.405,0.405,0.405,0.405,0.405,0.669,0.405,0.405,0.405,0.405,0.405,0.368,0.091,0.405,0.405,0.405,0.405,0.405,0.405,0.405,0.405,0.405,0.405,0.405,0.405,0.405,0.355,0.405,0.669,0.405,0.669,0.405,0.405,0.405,0.669,0.669,0.669,0.405,0.669,0.405,0.405,0.405,0.669,0.669,0.669,0.405,0.405,0.629,0.011,0.669,0.638,0.94,0.96,0.657,0.691,0.691,0.691,1.0,0.676,0.691,0.691,1.0,0.691,1.0,1.0,1.0,1.0,1.0,1.0,1.0,1.0,0.98,0.691,1.0,1.0,0.691,1.0,1.0,1.0,1.0,0.676,0.98,1.0,1.0,1.0,0.676,0.691,1.0,0.676,1.0,1.0,0.676,0.96,0.98,0.848,0.902,0.98,0.98,0.884,0.676,0.98,,,0.902,0.632,0.884,0.902,0.902,,0.662,0.411
rs11642740,0.321,0.664,0.664,0.664,0.664,0.664,0.664,0.664,0.664,0.664,0.664,0.664,0.664,0.442,0.664,0.664,0.664,0.664,0.664,0.606,0.068,0.664,0.664,0.664,0.664,0.664,0.664,0.664,0.664,0.664,0.664,0.664,0.664,0.664,0.61,0.664,0.442,0.664,0.442,0.664,0.664,0.664,0.442,0.442,0.442,0.664,0.442,0.664,0.664,0.664,0.442,0.442,0.442,0.664,0.664,0.937,0.016,0.442,0.918,0.629,0.642,0.938,0.979,0.979,0.979,0.676,1.0,0.979,0.979,0.676,0.979,0.676,0.676,0.676,0.676,0.676,0.676,0.676,0.676,0.663,0.979,0.676,0.676,0.979,0.676,0.676,0.676,0.676,1.0,0.656,0.676,0.676,0.676,1.0,0.979,0.676,1.0,0.676,0.676,0.958,0.642,0.656,0.567,0.604,0.656,0.656,0.591,0.958,0.656,,,0.604,0.422,0.591,0.604,0.604,,0.979,0.283
rs4788219,0.489,0.405,0.405,0.405,0.405,0.405,0.405,0.405,0.405,0.405,0.405,0.405,0.405,0.669,0.405,0.405,0.405,0.405,0.405,0.368,0.091,0.405,0.405,0.405,0.405,0.405,0.405,0.405,0.405,0.405,0.405,0.405,0.405,0.405,0.355,0.405,0.669,0.405,0.669,0.405,0.405,0.405,0.669,0.669,0.669,0.405,0.669,0.405,0.405,0.405,0.669,0.669,0.669,0.405,0.405,0.629,0.011,0.669,0.638,0.94,0.96,0.657,0.691,0.691,0.691,1.0,0.676,0.691,0.691,1.0,0.691,1.0,1.0,1.0,1.0,1.0,1.0,1.0,1.0,0.98,0.691,1.0,1.0,0.691,1.0,1.0,1.0,1.0,0.676,0.98,1.0,1.0,1.0,0.676,0.691,1.0,0.676,1.0,1.0,0.676,0.96,0.98,0.848,0.902,0.98,0.98,0.884,0.676,0.98,,,0.902,0.632,0.884,0.902,0.902,,0.662,0.411
rs4788220,0.489,0.405,0.405,0.405,0.405,0.405,0.405,0.405,0.405,0.405,0.405,0.405,0.405,0.669,0.405,0.405,0.405,0.405,0.405,0.368,0.091,0.405,0.405,0.405,0.405,0.405,0.405,0.405,0.405,0.405,0.405,0.405,0.405,0.405,0.355,0.405,0.669,0.405,0.669,0.405,0.405,0.405,0.669,0.669,0.669,0.405,0.669,0.405,0.405,0.405,0.669,0.669,0.669,0.405,0.405,0.629,0.011,0.669,0.638,0.94,0.96,0.657,0.691,0.691,0.691,1.0,0.676,0.691,0.691,1.0,0.691,1.0,1.0,1.0,1.0,1.0,1.0,1.0,1.0,0.98,0.691,1.0,1.0,0.691,1.0,1.0,1.0,1.0,0.676,0.98,1.0,1.0,1.0,0.676,0.691,1.0,0.676,1.0,1.0,0.676,0.96,0.98,0.848,0.902,0.98,0.98,0.884,0.676,0.98,,,0.902,0.632,0.884,0.902,0.902,,0.662,0.411
rs9939774,0.321,0.664,0.664,0.664,0.664,0.664,0.664,0.664,0.664,0.664,0.664,0.664,0.664,0.442,0.664,0.664,0.664,0.664,0.664,0.606,0.068,0.664,0.664,0.664,0.664,0.664,0.664,0.664,0.664,0.664,0.664,0.664,0.664,0.664,0.61,0.664,0.442,0.664,0.442,0.664,0.664,0.664,0.442,0.442,0.442,0.664,0.442,0.664,0.664,0.664,0.442,0.442,0.442,0.664,0.664,0.896,0.016,0.442,0.918,0.629,0.642,0.938,0.979,0.979,0.979,0.676,0.958,0.979,0.979,0.676,0.979,0.676,0.676,0.676,0.676,0.676,0.676,0.676,0.676,0.663,0.979,0.676,0.676,0.979,0.676,0.676,0.676,0.676,0.958,0.656,0.676,0.676,0.676,0.958,0.979,0.676,0.958,0.676,0.676,1.0,0.676,0.69,0.599,0.636,0.69,0.69,0.624,1.0,0.69,,,0.636,0.45,0.624,0.636,0.636,,0.979,0.283
rs9932193,0.46,0.379,0.379,0.379,0.379,0.379,0.379,0.379,0.379,0.379,0.379,0.379,0.379,0.636,0.379,0.379,0.379,0.379,0.379,0.343,0.091,0.379,0.379,0.379,0.379,0.379,0.379,0.379,0.379,0.379,0.379,0.379,0.379,0.379,0.331,0.379,0.636,0.379,0.636,0.379,0.379,0.379,0.636,0.636,0.636,0.379,0.636,0.379,0.379,0.379,0.636,0.636,0.636,0.379,0.379,0.596,0.011,0.636,0.605,0.902,0.921,0.624,0.657,0.657,0.657,0.96,0.642,0.657,0.657,0.96,0.657,0.96,0.96,0.96,0.96,0.96,0.96,0.96,0.96,0.98,0.657,0.96,0.96,0.657,0.96,0.96,0.96,0.96,0.642,0.94,0.96,0.96,0.96,0.642,0.657,0.96,0.642,0.96,0.96,0.676,1.0,0.98,0.848,0.902,0.98,0.98,0.922,0.676,0.98,,,0.902,0.632,0.922,0.902,0.902,,0.662,0.438
rs9928448,0.479,0.391,0.391,0.391,0.391,0.391,0.391,0.391,0.391,0.391,0.391,0.391,0.391,0.655,0.391,0.391,0.391,0.391,0.391,0.355,0.093,0.391,0.391,0.391,0.391,0.391,0.391,0.391,0.391,0.391,0.391,0.391,0.391,0.391,0.343,0.391,0.655,0.391,0.655,0.391,0.391,0.391,0.655,0.655,0.655,0.391,0.655,0.391,0.391,0.391,0.655,0.655,0.655,0.391,0.391,0.609,0.011,0.655,0.619,0.921,0.94,0.637,0.67,0.67,0.67,0.98,0.656,0.67,0.67,0.98,0.67,0.98,0.98,0.98,0.98,0.98,0.98,0.98,0.98,0.96,0.67,0.98,0.98,0.67,0.98,0.98,0.98,0.98,0.656,0.96,0.98,0.98,0.98,0.656,0.67,0.98,0.656,0.98,0.98,0.69,0.98,1.0,0.868,0.922,1.0,1.0,0.904,0.69,1.0,,,0.922,0.652,0.904,0.922,0.922,,0.675,0.429
rs9783783,0.359,0.313,0.313,0.313,0.313,0.313,0.313,0.313,0.313,0.313,0.313,0.313,0.313,0.532,0.313,0.313,0.313,0.313,0.313,0.282,0.079,0.313,0.313,0.313,0.313,0.313,0.313,0.313,0.313,0.313,0.313,0.313,0.313,0.313,0.267,0.313,0.532,0.313,0.532,0.313,0.313,0.313,0.532,0.532,0.532,0.313,0.532,0.313,0.313,0.313,0.532,0.532,0.532,0.313,0.313,0.524,0.01,0.532,0.531,0.792,0.811,0.549,0.58,0.58,0.58,0.848,0.567,0.58,0.58,0.848,0.58,0.848,0.848,0.848,0.848,0.848,0.848,0.848,0.848,0.829,0.58,0.848,0.848,0.58,0.848,0.848,0.848,0.848,0.567,0.831,0.848,0.848,0.848,0.567,0.58,0.848,0.567,0.848,0.848,0.599,0.848,0.868,1.0,0.791,0.868,0.868,0.773,0.599,0.868,,,0.791,0.523,0.773,0.791,0.791,,0.586,0.314
rs7201518,0.408,0.345,0.345,0.345,0.345,0.345,0.345,0.345,0.345,0.345,0.345,0.345,0.345,0.582,0.345,0.345,0.345,0.345,0.345,0.312,0.085,0.345,0.345,0.345,0.345,0.345,0.345,0.345,0.345,0.345,0.345,0.345,0.345,0.345,0.298,0.345,0.582,0.345,0.582,0.345,0.345,0.345,0.582,0.582,0.582,0.345,0.582,0.345,0.345,0.345,0.582,0.582,0.582,0.345,0.345,0.559,0.01,0.582,0.567,0.845,0.864,0.585,0.617,0.617,0.617,0.902,0.604,0.617,0.617,0.902,0.617,0.902,0.902,0.902,0.902,0.902,0.902,0.902,0.902,0.883,0.617,0.902,0.902,0.617,0.902,0.902,0.902,0.902,0.604,0.884,0.902,0.902,0.902,0.604,0.617,0.902,0.604,0.902,0.902,0.636,0.902,0.922,0.791,1.0,0.922,0.922,0.98,0.636,0.922,,,1.0,0.707,0.98,1.0,1.0,,0.623,0.469
rs12447915,0.479,0.391,0.391,0.391,0.391,0.391,0.391,0.391,0.391,0.391,0.391,0.391,0.391,0.655,0.391,0.391,0.391,0.391,0.391,0.355,0.093,0.391,0.391,0.391,0.391,0.391,0.391,0.391,0.391,0.391,0.391,0.391,0.391,0.391,0.343,0.391,0.655,0.391,0.655,0.391,0.391,0.391,0.655,0.655,0.655,0.391,0.655,0.391,0.391,0.391,0.655,0.655,0.655,0.391,0.391,0.609,0.011,0.655,0.619,0.921,0.94,0.637,0.67,0.67,0.67,0.98,0.656,0.67,0.67,0.98,0.67,0.98,0.98,0.98,0.98,0.98,0.98,0.98,0.98,0.96,0.67,0.98,0.98,0.67,0.98,0.98,0.98,0.98,0.656,0.96,0.98,0.98,0.98,0.656,0.67,0.98,0.656,0.98,0.98,0.69,0.98,1.0,0.868,0.922,1.0,1.0,0.904,0.69,1.0,,,0.922,0.652,0.904,0.922,0.922,,0.675,0.429
rs12445768,0.479,0.391,0.391,0.391,0.391,0.391,0.391,0.391,0.391,0.391,0.391,0.391,0.391,0.655,0.391,0.391,0.391,0.391,0.391,0.355,0.093,0.391,0.391,0.391,0.391,0.391,0.391,0.391,0.391,0.391,0.391,0.391,0.391,0.391,0.343,0.391,0.655,0.391,0.655,0.391,0.391,0.391,0.655,0.655,0.655,0.391,0.655,0.391,0.391,0.391,0.655,0.655,0.655,0.391,0.391,0.609,0.011,0.655,0.619,0.921,0.94,0.637,0.67,0.67,0.67,0.98,0.656,0.67,0.67,0.98,0.67,0.98,0.98,0.98,0.98,0.98,0.98,0.98,0.98,0.96,0.67,0.98,0.98,0.67,0.98,0.98,0.98,0.98,0.656,0.96,0.98,0.98,0.98,0.656,0.67,0.98,0.656,0.98,0.98,0.69,0.98,1.0,0.868,0.922,1.0,1.0,0.904,0.69,1.0,,,0.922,0.652,0.904,0.922,0.922,,0.675,0.429
rs9932605,0.391,0.334,0.334,0.334,0.334,0.334,0.334,0.334,0.334,0.334,0.334,0.334,0.334,0.565,0.334,0.334,0.334,0.334,0.334,0.302,0.083,0.334,0.334,0.334,0.334,0.334,0.334,0.334,0.334,0.334,0.334,0.334,0.334,0.334,0.287,0.334,0.565,0.334,0.565,0.334,0.334,0.334,0.565,0.565,0.565,0.334,0.565,0.334,0.334,0.334,0.565,0.565,0.565,0.334,0.334,0.547,0.01,0.565,0.555,0.827,0.846,0.573,0.604,0.604,0.604,0.884,0.591,0.604,0.604,0.884,0.604,0.884,0.884,0.884,0.884,0.884,0.884,0.884,0.884,0.902,0.604,0.884,0.884,0.604,0.884,0.884,0.884,0.884,0.591,0.866,0.884,0.884,0.884,0.591,0.604,0.884,0.591,0.884,0.884,0.624,0.922,0.904,0.773,0.98,0.904,0.904,1.0,0.624,0.904,,,0.98,0.687,1.0,0.98,0.98,,0.61,0.479
rs2278557,0.321,0.664,0.664,0.664,0.664,0.664,0.664,0.664,0.664,0.664,0.664,0.664,0.664,0.442,0.664,0.664,0.664,0.664,0.664,0.606,0.068,0.664,0.664,0.664,0.664,0.664,0.664,0.664,0.664,0.664,0.664,0.664,0.664,0.664,0.61,0.664,0.442,0.664,0.442,0.664,0.664,0.664,0.442,0.442,0.442,0.664,0.442,0.664,0.664,0.664,0.442,0.442,0.442,0.664,0.664,0.896,0.016,0.442,0.918,0.629,0.642,0.938,0.979,0.979,0.979,0.676,0.958,0.979,0.979,0.676,0.979,0.676,0.676,0.676,0.676,0.676,0.676,0.676,0.676,0.663,0.979,0.676,0.676,0.979,0.676,0.676,0.676,0.676,0.958,0.656,0.676,0.676,0.676,0.958,0.979,0.676,0.958,0.676,0.676,1.0,0.676,0.69,0.599,0.636,0.69,0.69,0.624,1.0,0.69,,,0.636,0.45,0.624,0.636,0.636,,0.979,0.283
rs11644459,0.479,0.391,0.391,0.391,0.391,0.391,0.391,0.391,0.391,0.391,0.391,0.391,0.391,0.655,0.391,0.391,0.391,0.391,0.391,0.355,0.093,0.391,0.391,0.391,0.391,0.391,0.391,0.391,0.391,0.391,0.391,0.391,0.391,0.391,0.343,0.391,0.655,0.391,0.655,0.391,0.391,0.391,0.655,0.655,0.655,0.391,0.655,0.391,0.391,0.391,0.655,0.655,0.655,0.391,0.391,0.609,0.011,0.655,0.619,0.921,0.94,0.637,0.67,0.67,0.67,0.98,0.656,0.67,0.67,0.98,0.67,0.98,0.98,0.98,0.98,0.98,0.98,0.98,0.98,0.96,0.67,0.98,0.98,0.67,0.98,0.98,0.98,0.98,0.656,0.96,0.98,0.98,0.98,0.656,0.67,0.98,0.656,0.98,0.98,0.69,0.98,1.0,0.868,0.922,1.0,1.0,0.904,0.69,1.0,,,0.922,0.652,0.904,0.922,0.922,,0.675,0.429
rs1352768041,,,,,,,,,,,,,,,,,,,,,,,,,,,,,,,,,,,,,,,,,,,,,,,,,,,,,,,,,,,,,,,,,,,,,,,,,,,,,,,,,,,,,,,,,,,,,,,,,,,,,,,,,,,,,,,,,,,,,,,
rs397840892,,,,,,,,,,,,,,,,,,,,,,,,,,,,,,,,,,,,,,,,,,,,,,,,,,,,,,,,,,,,,,,,,,,,,,,,,,,,,,,,,,,,,,,,,,,,,,,,,,,,,,,,,,,,,,,,,,,,,,,
rs8060511,0.408,0.345,0.345,0.345,0.345,0.345,0.345,0.345,0.345,0.345,0.345,0.345,0.345,0.582,0.345,0.345,0.345,0.345,0.345,0.312,0.085,0.345,0.345,0.345,0.345,0.345,0.345,0.345,0.345,0.345,0.345,0.345,0.345,0.345,0.298,0.345,0.582,0.345,0.582,0.345,0.345,0.345,0.582,0.582,0.582,0.345,0.582,0.345,0.345,0.345,0.582,0.582,0.582,0.345,0.345,0.559,0.01,0.582,0.567,0.845,0.864,0.585,0.617,0.617,0.617,0.902,0.604,0.617,0.617,0.902,0.617,0.902,0.902,0.902,0.902,0.902,0.902,0.902,0.902,0.883,0.617,0.902,0.902,0.617,0.902,0.902,0.902,0.902,0.604,0.884,0.902,0.902,0.902,0.604,0.617,0.902,0.604,0.902,0.902,0.636,0.902,0.922,0.791,1.0,0.922,0.922,0.98,0.636,0.922,,,1.0,0.707,0.98,1.0,1.0,,0.623,0.469
rs3809627,0.515,0.188,0.188,0.188,0.188,0.188,0.188,0.188,0.188,0.188,0.188,0.188,0.188,0.334,0.188,0.188,0.188,0.188,0.188,0.168,0.057,0.188,0.188,0.188,0.188,0.188,0.188,0.188,0.188,0.188,0.188,0.188,0.188,0.188,0.199,0.188,0.334,0.188,0.334,0.188,0.188,0.188,0.334,0.334,0.334,0.188,0.334,0.188,0.188,0.188,0.334,0.334,0.334,0.188,0.188,0.386,0.007,0.334,0.387,0.581,0.6,0.404,0.431,0.431,0.431,0.632,0.422,0.431,0.431,0.632,0.431,0.632,0.632,0.632,0.632,0.632,0.632,0.632,0.632,0.613,0.431,0.632,0.632,0.431,0.632,0.632,0.632,0.632,0.422,0.619,0.632,0.632,0.632,0.422,0.431,0.632,0.422,0.632,0.632,0.45,0.632,0.652,0.523,0.707,0.652,0.652,0.687,0.45,0.652,,,0.707,1.0,0.687,0.707,0.707,,0.44,0.681
rs12444973,0.391,0.334,0.334,0.334,0.334,0.334,0.334,0.334,0.334,0.334,0.334,0.334,0.334,0.565,0.334,0.334,0.334,0.334,0.334,0.302,0.083,0.334,0.334,0.334,0.334,0.334,0.334,0.334,0.334,0.334,0.334,0.334,0.334,0.334,0.287,0.334,0.565,0.334,0.565,0.334,0.334,0.334,0.565,0.565,0.565,0.334,0.565,0.334,0.334,0.334,0.565,0.565,0.565,0.334,0.334,0.547,0.01,0.565,0.555,0.827,0.846,0.573,0.604,0.604,0.604,0.884,0.591,0.604,0.604,0.884,0.604,0.884,0.884,0.884,0.884,0.884,0.884,0.884,0.884,0.902,0.604,0.884,0.884,0.604,0.884,0.884,0.884,0.884,0.591,0.866,0.884,0.884,0.884,0.591,0.604,0.884,0.591,0.884,0.884,0.624,0.922,0.904,0.773,0.98,0.904,0.904,1.0,0.624,0.904,,,0.98,0.687,1.0,0.98,0.98,,0.61,0.479
rs73530179,0.408,0.345,0.345,0.345,0.345,0.345,0.345,0.345,0.345,0.345,0.345,0.345,0.345,0.582,0.345,0.345,0.345,0.345,0.345,0.312,0.085,0.345,0.345,0.345,0.345,0.345,0.345,0.345,0.345,0.345,0.345,0.345,0.345,0.345,0.298,0.345,0.582,0.345,0.582,0.345,0.345,0.345,0.582,0.582,0.582,0.345,0.582,0.345,0.345,0.345,0.582,0.582,0.582,0.345,0.345,0.559,0.01,0.582,0.567,0.845,0.864,0.585,0.617,0.617,0.617,0.902,0.604,0.617,0.617,0.902,0.617,0.902,0.902,0.902,0.902,0.902,0.902,0.902,0.902,0.883,0.617,0.902,0.902,0.617,0.902,0.902,0.902,0.902,0.604,0.884,0.902,0.902,0.902,0.604,0.617,0.902,0.604,0.902,0.902,0.636,0.902,0.922,0.791,1.0,0.922,0.922,0.98,0.636,0.922,,,1.0,0.707,0.98,1.0,1.0,,0.623,0.469
rs9922041,0.408,0.345,0.345,0.345,0.345,0.345,0.345,0.345,0.345,0.345,0.345,0.345,0.345,0.582,0.345,0.345,0.345,0.345,0.345,0.312,0.085,0.345,0.345,0.345,0.345,0.345,0.345,0.345,0.345,0.345,0.345,0.345,0.345,0.345,0.298,0.345,0.582,0.345,0.582,0.345,0.345,0.345,0.582,0.582,0.582,0.345,0.582,0.345,0.345,0.345,0.582,0.582,0.582,0.345,0.345,0.559,0.01,0.582,0.567,0.845,0.864,0.585,0.617,0.617,0.617,0.902,0.604,0.617,0.617,0.902,0.617,0.902,0.902,0.902,0.902,0.902,0.902,0.902,0.902,0.883,0.617,0.902,0.902,0.617,0.902,0.902,0.902,0.902,0.604,0.884,0.902,0.902,0.902,0.604,0.617,0.902,0.604,0.902,0.902,0.636,0.902,0.922,0.791,1.0,0.922,0.922,0.98,0.636,0.922,,,1.0,0.707,0.98,1.0,1.0,,0.623,0.469
rs7205802,,,,,,,,,,,,,,,,,,,,,,,,,,,,,,,,,,,,,,,,,,,,,,,,,,,,,,,,,,,,,,,,,,,,,,,,,,,,,,,,,,,,,,,,,,,,,,,,,,,,,,,,,,,,,,,,,,,,,,,
rs62057756,0.314,0.649,0.649,0.649,0.649,0.649,0.649,0.649,0.649,0.649,0.649,0.649,0.649,0.432,0.649,0.649,0.649,0.649,0.649,0.591,0.066,0.649,0.649,0.649,0.649,0.649,0.649,0.649,0.649,0.649,0.649,0.649,0.649,0.649,0.596,0.649,0.432,0.649,0.432,0.649,0.649,0.649,0.432,0.432,0.432,0.649,0.432,0.649,0.649,0.649,0.432,0.432,0.432,0.649,0.649,0.916,0.016,0.432,0.898,0.616,0.629,0.917,0.958,0.958,0.958,0.662,0.979,0.958,0.958,0.662,0.958,0.662,0.662,0.662,0.662,0.662,0.662,0.662,0.662,0.649,0.958,0.662,0.662,0.958,0.662,0.662,0.662,0.662,0.979,0.642,0.662,0.662,0.662,0.979,0.958,0.662,0.979,0.662,0.662,0.979,0.662,0.675,0.586,0.623,0.675,0.675,0.61,0.979,0.675,,,0.623,0.44,0.61,0.623,0.623,,1.0,0.299
rs56369689,0.424,0.161,0.161,0.161,0.161,0.161,0.161,0.161,0.161,0.161,0.161,0.161,0.161,0.277,0.161,0.161,0.161,0.161,0.161,0.144,0.043,0.161,0.161,0.161,0.161,0.161,0.161,0.161,0.161,0.161,0.161,0.161,0.161,0.161,0.168,0.161,0.277,0.161,0.277,0.161,0.161,0.161,0.277,0.277,0.277,0.161,0.277,0.161,0.161,0.161,0.277,0.277,0.277,0.161,0.161,0.276,0.006,0.277,0.274,0.421,0.411,0.267,0.267,0.267,0.267,0.411,0.283,0.267,0.267,0.411,0.267,0.411,0.411,0.411,0.411,0.411,0.411,0.411,0.411,0.421,0.267,0.411,0.411,0.267,0.411,0.411,0.411,0.411,0.283,0.402,0.411,0.411,0.411,0.283,0.267,0.411,0.283,0.411,0.411,0.283,0.438,0.429,0.314,0.469,0.429,0.429,0.479,0.283,0.429,,,0.469,0.681,0.479,0.469,0.469,,0.299,1.0
